Nº CFM,Nome da Instituição,Sigla,CNPJ,Endereço,Município,Região,Telefone Institucional,E-mail Institucional,Site,Facebook,Instagram,Twitter,Natureza Administrativa do Museu,Documento de Criação,Situação,Funcionamento,Valor ingresso,Gratuidades,Setor Educativo,Acervo Predominante,Museólogo,Acessibilidade,Histórico,Responsável pelo Casdastro,"Data 
Cadastro",Certificado enviado,Lat,Lng
1,Centro Cultural do Ministério da Saúde,CCMS,-,"Avenida Marechal Âncora, 95",Rio de Janeiro,Metropolitana I,(21) 3985-7264,ccms@saude.gov.br,http://www.ccms.saude.gov.br,-,-,-,Federal,Portaria,"Aberto, funcionando parcialmente",Segunda a Sexta - Manhã e Tarde,Gratuito,-,Sim,Outros,Sim,Elevador,"""O Centro Cultural do Ministério da Saúde (CCMS), unidade da Coordenação-Geral de Documentação e Informação da Subsecretaria de Assuntos Administrativos da Secretaria-Executiva, está situado no corredor cultural do Rio de Janeiro e foi aberto ao público em 2001, com a exposição Memória da Loucura.

Levar à sociedade informação em saúde de qualidade, com sensibilidade, utilizando uma linguagem criativa e acessível para a população, bem como resgatar a história e dar visibilidade à evolução da saúde pública e às redes informacionais disponíveis, evidenciando a atuação e as políticas governamentais do setor, estimulando a participação da sociedade brasileira por melhores condições de vida é seu objetivo.

As exposições locais, virtuais e itinerantes, com alcance internacional, agregam palestras, oficinas, exibição de filmes com debates e mostras afins, visando aproximar o público do tema saúde. Com abordagens artísticas, lúdicas e atraentes, seduz os visitantes, dando a eles a dimensão e a importância do passado, do presente e do futuro da trajetória da saúde, essencial para a qualidade de vida da população. 
A unidade tem como espaço ampliado de exposições o túnel que liga o edifício sede ao edifício anexo do Ministério da Saúde, em Brasília.""",Edileuza Jordana Motta dos Santos - Coordenadora,07/12/2022,OK,-22.9110137,-43.2093727
2,Museu Aeroespacial,Musal,39.442.901/0045-94,"Avenida Marechal Fontenelle, 2000 - Sulacap",Rio de Janeiro,Metropolitana I,(21) 2157-2537,museuaeroespacial@gmail.cm,http://www.fab.mil.br/musal,-,@museuaeroespacial,@musal_oficial,Federal,Decreto,Aberto,Terça a Domingo - Manhã e Tarde,Gratuito,-,Sim,Histórico,Sim,"O Museu Aeroespacial está sempre procurando melhor atender as pessoas portadoras de PNE, com tampas de acesso, elevadores, cadeiras de rodas e outros acessos.","""A ideia de um Museu Aeronáutico data de 1943, quando o então Ministro da Aeronáutica, Dr. Salgado Filho, determinou sua organização, sendo o trabalho inicial e posteriores tentativas, interrompidos por falta de local disponível.

Atendendo à Exposição de Motivos do Ministro da Aeronáutica, Ten-Brig-do-Ar - Araripe Macedo, o Presidente Emílio Garrastazu Médici, cria o Núcleo do Museu Aeroespacial em 31 de julho de 1973, através do Decreto nº 72.553.  Em janeiro de 1974, iniciam-se os trabalhos de restauração do prédio e hangares (antiga """"Divisão de Instrução de Voo""""  da Escola de Aeronáutica), simultaneamente à coleta de acervo, restauração de aviões, motores, armas e outras peças de valor histórico.

O Museu Aeroespacial foi inaugurado em 18 de outubro de 1976.

A importância dessa criação deve-se à necessidade de preservação e divulgação do material aeronáutico e documentos históricos para as futuras gerações.

Situado no Campo dos Afonsos, """"Berço da Aviação Militar"""", o Museu Aeroespacial recebe o apoio logístico da Universidade da Força Aérea - UNIFA e está subordinado administrativamente ao Instituto Histórico-Cultural da Aeronáutica - INCAER""",João Marcelo Rimes Azevedo - Assessoria de Comunicação,07/12/2022,OK,-22.8822012,-43.3888471
3,Centro Cultural do Patrimônio Paço Imperial,CCPPI,26.474.056/0001-58,"Praça XV, 48 - Centro",Rio de Janeiro,Metropolitana I,(21) 2215-1784,diretoria@pacoimperial.org.br,http://amigosdopacoimperial.org.br,pacoimperial,@pacoimperial_rj,-,Federal,Decreto,Aberto,Terça a Domingo - Manhã e Tarde,Gratuito,-,Sim,Artes Visuais,Sim,"O espaço possui elevador para pessoas com mobilidade reduzida, áudio guia bilíngue, que podem ser utilizados por deficientes visuais e mediadora que usa LIBRAS","""Situado no corredor cultural do Rio de Janeiro, o Paço Imperial é um raro exemplo de monumento histórico que, em diferentes momentos, foi palco de importantes acontecimentos de nossa história.
Antiga residência do governador e do Vice-Rei no século XVIII, o Paço Imperial no Rio de Janeiro foi o centro das movimentações políticas e sociais da época, registrando importantes fatos históricos do Brasil Colônia, Real e Imperial. Entre eles, o Dia do Fico, a Abolição da Escravidão e a Proclamação da Independência do Brasil. 
Em 1938, o Paço Imperial foi tombado pelo Instituto do Patrimônio Histórico e Artístico Nacional (IPHAN) / Ministério da Cultura e em 1985, depois de restaurado, tornou-se um centro cultural vinculado ao IPHAN. Mais do que um museu, o Paço Imperial é um espaço voltado para a pesquisa e a produção de conteúdo e para o mapeamento, o incentivo e a difusão de manifestações artísticas e intelectuais.
Atualmente, é um espaço multicultural com programação de artes visuais, artes cênicas, música, seminários e serviços de lojas e restaurantes. O local abriga também a Biblioteca Paulo Santos, originária do acervo particular do arquiteto e historiador. A Biblioteca conta com cerca de oito mil volumes e 250 títulos de periódicos, além de obras raras dos séculos XVI a XVIII sobre arquitetura, engenharia e literatura brasileira e portuguesa.
No Paço Imperial, as expressões do mundo atual dialogam com as referências do passado, convidando o visitante a passear pelos tempos. Sua programação diversificada inclui exposições de artes visuais, arquitetura e design, espetáculos de artes cênicas, concertos musicais, seminários e palestras.""",Marilda Samico - Assistente da Diretoria,07/12/2022,OK,-22.9035895,-43.1741692
4,Casa Stefan Zweig,CSZ,08.035.896/0001-56,"Rua Gonçalves Dias, 34 ",Petrópolis,Serrana,(24) 2245-4316,casastefanzweig@gmail.com,http://www.casastefanzweig.org.br,casastefanzweig,@casastefanzweig.educativo,@csz.digital,Privada,Estatuto Social,Aberto,Sexta a Domingo - Manhã e Tarde,Gratuito,-,Sim,Histórico,Sim,"Há 10 anos existe uma plataforma elevatória para visitantes com problemas de mobilidade / legendas em braile para deficientes visuais. //Temos um elevador que garante o acesso á pessoas com dificuldade de locomoção e também prezamos por um espaço agradável e de fácil acesso a todos, sendo uma de nossas prioridades","A CASA STEFAN ZWEIG é uma entidade cultural de direito privado, sem fins lucrativos, com sede e foro na cidade de Petrópolis.
Seu principal objetivo é homenagear a memória de Stefan Zweig na casa que serviu de última morada para o escritor e sua mulher, através do acervo físico com objetos pessoais e relativos às suas obras e à sua época, com coleção de livros, fotos, documentos, vídeos, filmes, biblioteca.
O museu CASA STEFAN ZWEIG será também um Memorial do Exílio, destinado a divulgar as obras de outros artistas, intelectuais e cientistas que se refugiaram no Brasil durante no período 1933-1945 e que contribuíram para a cultura, as artes e a ciência do país.
Em 2005 um grupo de amigos e admiradores do autor austríaco Stefan Zweig se reuniu em torno do jornalista e biógrafo Alberto Dines para fundar uma associação. Com apoio do então cônsul-geral da Alemanha, Dr. Stephan Krier, e do prefeito de Petrópolis, Rubens Bomtempo, foi assinado um convênio entre a CSZ e a Prefeitura de Petrópolis, em outubro de 2006, permitindo o início dos preparativos para a reabilitação do imóvel e sua conversão em um pequeno museu. O museu Casa Stefan Zweig /Memorial do Exílio foi inaugurado em 2012. Dez anos depois, faz parte co circuito cultural da cidade de Petrópolis, oferecendo exposicoes fixas e itinerantes e outros eventos, além de promover visitas de escolas e aulas vivas de História.   ",Kristina Michahelles - Diretora,07/12/2022,OK,-22.5205086,-43.1889927
5,Casa de Memória Arthur Dalmasso,Cmad,-,"Praça Baltasar da Silveira, 91",Teresópolis,Serrana,(21) 2742-2910,sph.tere@gmail.com,-,cmadtere,@cmadtere,-,Municipal,Decreto,Aberto,Terça a Domingo - Manhã e Tarde,Gratuito,-,Não,Histórico,Não,,"""Na praça da matriz de Santa Teresa, atual Praça Baltazar da Silveira, 91, sobre os escombros da primeira oficina gráfica e da primeira agência dos Correios e Telégrafos na Várzea, o Sr. José Lino de Oliveira Leite, ex-vereador e prefeito interino na época de 1920 a 1924 constrói um belíssimo casarão, mistura de vários estilos arquitetônicos: normando, neoclássico e “art-noveau”, grafado com o nome de VILA CECILIA, em homenagem a sua esposa Cecília da Silva Leite.
Em 13 de julho de 1982 foi tombado pelo INEPAC (Instituto Estadual do Patrimônio Cultural) e desapropriado pela Prefeitura de Teresópolis em 1987.
Restaurado o prédio passou a denominar-se Casa da Memória Arthur Dalmasso, através do Decreto Nº 2.800, de 26 de agosto de 2009. O espaço também abriga o Patrimônio Histórico, Artísitico e Cultural do município.
No local são oferecidas diversas exposições com a história da cidade, além de atividades como cineclube, clube do livro, apresentações de teatro, música e poesia.""",Rafael Carrêa Silva - Diretor,07/12/2022,OK,-22.2978038,-42.8646411
6,Museu Imperial,Mimp,10.898.596/0003-04,"Rua da Imperatriz, 220",Petrópolis,Serrana,(61) 3521-4455,mimp.faleconosco@museus.gov.br,http://www.museuimperial.museus.gov.br,museuimperial,@museu.imperial,-,Federal,Decreto,Aberto,Terça a Domingo - Manhã e Tarde,R$ 1 a 10,"Todos - Quarta-Feira 
Grupos Escolares",Sim,Histórico,Sim,"Rampas de acesso, vagas exclusivas, elevador adaptado, banheiros adaptados, cadeiras de rodas disponíveis.","O Museu Imperial possui o principal acervo do país relativo ao império brasileiro. O Palácio Imperial de Petrópolis, hoje Museu Imperial, foi a residência predileta do imperador D. Pedro II e cenário de muitos momentos marcantes da vida do monarca e da história do Brasil. Sua construção, iniciada em 1845, por determinação do jovem imperador e a expensas de sua dotação pessoal, deu origem à cidade de Petrópolis. Ao longo dos 167 anos de sua existência, o Palácio serviu como residência de verão da família e educandário, até se tornar Museu, criado por Decreto pelo Presidente Getúlio Vargas em 1940 e aberto à visitação pública em 1943. Além de abrigar vasto e importante acervo histórico e artístico é também palco de inúmeros espetáculos, eventos, exposições e atividades voltadas para a educação e entretenimento. Recebe uma média 350 mil visitantes/ano.",Isabela Verleun - Núcleo de Relações Institucionais,07/12/2022,OK,-22.5077149,-43.1756675
7,Museu Histórico Nacional,MHN,10.898.596/0027-81,"Praça Marechal Âncora, S/N",Rio de Janeiro,Metropolitana I,"(21) 3299-0444
(21) 3299-0321",mhn@museus.gov.br,http://www.mhn.museus.gov.br,museuhistoriconacional,@museuhistoriconacional,@museuhistoriconacional,Federal,Decreto,Aberto,Quarta a Domingo - Manhã e Tarde,R$ 1 a 10,"Grupos Escolares 
Professores 
PCD 
Membros ICOM 
Membros AAMHN ",Sim,Histórico,Sim,"Adequações físicas arquitetônicas, sinalizações e legendas, audioguias, vídeos em LIBRAS, recursos sensoriais, capacitação de profissionais.// Rampas de acesso
Plataformas de elevação
Objetos táteis
Áudio guia
Politica de acessibilidade no plano museologico","""Numa ponta que avançava sobre o mar, posteriormente conhecida como Ponta do Calabouço, entre as praias de Piaçaba e Santa Luzia, no centro histórico do Rio de Janeiro (RJ), os portugueses construíram, em 1603, a fortaleza de Santiago, origem do conjunto arquitetônico que abriga o Museu Histórico Nacional.

Ao longo dos séculos, outras edificações somaram-se à fortaleza, como a prisão do Calabouço (1693), destinada ao castigo de escravizados; a Casa do Trem (1762), para a guarda do “trem de artilharia” (armas e munições); o Arsenal de Guerra (1764) e um quartel para abrigar tropas militares (1835).

Por sua localização estratégica para defesa da baía da Guanabara, e da própria cidade, a região foi uma área militar até 1908, quando o Arsenal de Guerra foi transferido para a Ponta do Caju.

Na década de 1920, o complexo do Calabouço foi aterrado e reurbanizado para acolher a Exposição Internacional comemorativa do Centenário da Independência do Brasil. Para integrar o evento, as edificações do antigo Arsenal de Guerra foram ampliadas e embelezadas com decoração característica da arquitetura neocolonial.

Em 1922, foram abertas ao público, abrigando o palácio das Grandes Indústrias, um dos mais visitados pavilhões da exposição do centenário, e as duas primeiras galerias do Museu Histórico Nacional, criado naquele mesmo ano, pelo presidente Epitácio Pessoa, para dotar o Brasil de um museu dedicado à história nacional.

Atualmente, o Museu Histórico Nacional ocupa todo o complexo arquitetônico do Calabouço e tornou-se um dos mais importantes museus de história do país. Reunindo um acervo com mais de 300 mil itens arquivísticos, bibliográficos e museológicos, é uma instituição federal de produção e difusão de conhecimento.

Da fortaleza de Santiago e da prisão do Calabouço restam apenas as fundações. No entanto, permaneceram até hoje a Casa do Trem, restaurada ao seu aspecto colonial na década de 1990; o prédio do Arsenal de Guerra, e seu imponente pátio da Minerva; e o pavilhão da Exposição de 1922, atual Biblioteca, formando um dos mais significativos conjuntos arquitetônicos da cidade, com uma área de 20.000m².

O Museu Histórico Nacional mantém, em 9.000m² de área aberta ao público, galerias de exposições de longa duração e temporárias, loja de souvenirs e publicações, além de biblioteca especializada em História do Brasil, História da Arte, Museologia e Moda; do Arquivo Histórico, com importantes documentos manuscritos, aquarelas, ilustrações e fotografias, entre as quais exemplares de Juan Gutierrez, Augusto Malta e Marc Ferrez; e Arquivo Institucional, responsável pela preservação da memória institucional.

Arquivos, biblioteca, reservas técnicas e numismática podem ser consultadas mediante agendamento prévio.""","Fernanda Santana R. Castro - Diretora
Diego Guarnieri Tubbs",07/12/2022,OK,-22.9033654,-43.1712120
8,Museu de Arte Moderna - Resende,MAM Resende,-,"Rua Dr. Cunha Ferreira, 104",Resende,Médio Paraíba,(24) 3360-4470,mam.resende@gmail.com,-,-,@casadaculturamacedomiranda,-,Municipal,Lei,Aberto,Segunda a Sexta - Manhã e Tarde,Gratuito,-,Não,Artes Visuais,Sim,Comunicacional com etiquetas em braile. Rampa de acesso para os cadeirantes.,"O MAM Resende tem significativa importância no Sul do Estado do Rio de Janeiro, por ser o primeiro museu desta classificação a ser criado no interior e o quarto museu de arte a ser fundado no país, segundo consta no livro “Museus acolhem o Moderno” de Maria Cecília França. A instituição foi regulamentada em 19 de abril de 1950 pela Lei Municipal de no. 100 e é uma instituição vinculada a Fundação Casa de Cultura Macedo Miranda, órgão da Prefeitura Municipal de Resende encarregado da promoção, incentivo e valorização da cultura. O acervo do MAM é composto atualmente por 825 obras de arte catalogadas no Livro de Tombo, sendo que as 27 primeiras obras de arte do acervo foram adquiridas na ocasião da fundação do MAM em 1950 e as demais vindas de doações de colecionadores, fundações, instituições culturais, museus, artistas ou através dos prêmios de aquisição do salão da primavera onde anualmente as 3 obras vencedoras passam a ser parte do acervo do museu. Fazem parte de nosso acervo obras de arte de artistas renomados como Iberê Camargo, Tarsila do Amaral, Santa Rosa, Guignard, Oswaldo Goeldi, Alfredo Ceschiatti, Lasar Segall, Carlos Scliar, Rubem Breitman, Abelardo e Aloísio Zaluar, Aldo Bonadei, Fayga Ostrower, entre outros. Temos como missão, garantir o acesso irrestrito à população através de atividades, prioritariamente, no campo das artes visuais e plásticas, garantindo o protagonismo do Museu na arte moderna e contemporânea do município de Resende e região, por meio do acervo, estudos, pesquisas, exposições e projetos culturais – promovendo a Educação em Museus, a gestão e a produção artística local, nacional e internacional. ",Tatiana Avelino de Souza Pereira - Museóloga,07/12/2022,OK,-22.4694489,-44.4487719
9,Centro Alceu Amoroso Lima para a Liberdade,CAALL,-,"Rua Mosela, 289 - Mosela",Petrópolis,Serrana,(24) 2242-6433,centroamorosolima@yahoo.com.br,-,CentroAlceu,@centroalceu_caall,-,Privada,Estatuto Social,"Aberto, funcionando parcialmente","Terça, Quarta e Sexta - Manhã e Tarde",Gratuito,-,Sim,Outros,Não,Não temos Acessibilidade Universal,"""CENTRO ALCEU AMOROSO LIMA PARA A
LIBERDADE
Criado pela Sociedade Brasileira de Instrução, o Centro Alceu Amoroso Lima para a Liberdade, unidade da Universidade Candido Mendes, propõe-se a divulgar a vida e a mensagem de seu patrono, aprofundando seu compromisso com a liberdade, a justiça e os valores da pessoa humana.
São objetivos do Centro:
a) A preservação do legado de Alceu Amoroso Lima, através da organização e edição de seus escritos inéditos e edição de suas obras;
b) O patrocínio jurídico às manifestações que
concorram para a conquista e o aperfeiçoamento dos direitos da pessoa humana;
c) A promoção de cursos, colóquios, seminários e debates que difundam a visão universalista de Alceu Amoroso Lima sobre os problemas do nosso tempo, à luz de seu compromisso cristão e da sua abertura a todos os homens de boa vontade;
d) O estudo e a pesquisa sistemática de temas relativos à liberdade e à libertação."" ""Criado pela Sociedade Brasileira de Instrução, o Centro Alceu Amoroso Lima para a Liberdade, unidade da Universidade Candido Mendes, propõe-se a divulgar a vida e a mensagem de seu patrono, aprofundando seu compromisso com a liberdade, a justiça e os valores da pessoa humana.
São objetivos do Centro:
a) A preservação do legado de Alceu Amoroso Lima, através da organização e edição de seus escritos inéditos e edição de suas obras;
b) O patrocínio jurídico às manifestações que
concorram para a conquista e o aperfeiçoamento dos direitos da pessoa humana;
c) A promoção de cursos, colóquios, seminários e debates que difundam a visão universalista de Alceu Amoroso Lima sobre os problemas do nosso tempo, à luz de seu compromisso cristão e da sua abertura a todos os homens de boa vontade;
d) O estudo e a pesquisa sistemática de temas relativos à liberdade e à libertação."" ""Criado pela Sociedade Brasileira de Instrução, o Centro Alceu Amoroso Lima para a Liberdade, unidade da Universidade Candido Mendes, propõe-se a divulgar a vida e a mensagem de seu patrono, aprofundando seu compromisso com a liberdade, a justiça e os valores da pessoa humana.
São objetivos do Centro:
a) A preservação do legado de Alceu Amoroso Lima, através da organização e edição de seus escritos inéditos e edição de suas obras;
b) O patrocínio jurídico às manifestações que
concorram para a conquista e o aperfeiçoamento dos direitos da pessoa humana;
c) A promoção de cursos, colóquios, seminários e debates que difundam a visão universalista de Alceu Amoroso Lima sobre os problemas do nosso tempo, à luz de seu compromisso cristão e da sua abertura a todos os homens de boa vontade;
d) O estudo e a pesquisa sistemática de temas relativos à liberdade e à libertação.""",Maria Helena Arrochellas - Diretora,07/12/2022,OK,-22.4924921,-43.2044843
10,Museu Fazenda Bom Jardim,-,28.561.041/0001-76,"Rua Luís Corrêa, 7 - Centro",Bom Jardim,Serrana,(22) 98155-1848,fazenda.turismo@gmail.com,-,museufazendabomjardim,@museufazendabomjardim,-,Municipal,Lei,Aberto,Segunda a Sexta - Manhã e Tarde,Gratuito,-,Não,Histórico,Não,"No presente momento, de acordo com os parâmetros o Museu Fazenda Bom Jardim não possui equipamentos que voltados para a acessibilidade, tendo em vista os padrões supracitados. ","O Museu está instalado em uma edificação construída no fim do século XIX.  Antes, porém, de se tornar Museu, a edificação abrigava os cômodos da antiga Fazenda Bom Jardim. A Fazenda pertenceu ao coronel Luiz Corrêa da Rocha Sobrinho, um dos maiores plantadores de café do Estado na época e personalidade atuante na urbanização, emancipação e vida política da cidade.
A Fazenda é originária de uma sesmaria e se destacou no momento do café com a vinda do trem para escoamento do produto e a partir de então tudo passa a se concentrar em torno da ferrovia, o que dá lugar a um núcleo urbano e com isso a Fazenda Bom Jardim dá o nome ao distrito e posteriormente à cidade. 
Por muitas décadas a sede da antiga fazenda serviu como residência da família Corrêa da Rocha, no entanto em 2013 o local foi desapropriado pelo governo e doado ao Município.
Atualmente boa parte do que aconteceu na economia e na política do Município desde a criação está presente no acervo museológico e cada cômodo do antigo casarão foi pensado para abordar temas e homenagens específicas sobre a história da cidade e da fazenda. ",Lya Maria de Abreu Guimarães,07/12/2022,OK,-22.2061080,-42.3797574
11,Centro Cultural do Movimento Escoteiro,CCME,31.158.231/0001-51,"Rua Primeiro de Março, 112 - Centro",Rio de Janeiro,Metropolitana I,(21) 2283-8024,ccme@ccme.org.br,https://www.ccme.org.br/,ccmeescoteiro,@centroculturalescoteiro,-,Privada,Estatuto Social,Aberto,Segunda a Sábado - Manhã e Tarde,Gratuito,-,Sim,Histórico,Não,"O espaço é cedido pela Marinha, o prédio é antigo e possui 2 andares e não ha muitas opções para realizarmos as obras de acessibilidade. ","""A ideia embrionária do CCME surgiu em 12/06/1983 conforme a ata do Clã Pioneiro do 19ºGE Católico São Pedro de Cascadura, quando os jovens Roberto Luiz Cunha da Silva e Wilson Vianna do Nascimento apresentaram o projeto “ACERVO Cultural do Movimento Escoteiro”. Em 02/10/1983 organizaram uma Assembleia na Associação Cristã de Moços (ACM) com a presença de 11 (onze) pioneiros de diferentes grupos. Em 15/11/1983 ocorreu uma segunda Assembleia, porém com a presença do Comissário Regional o Sr Bryan Cullen Sampaio Vianna, que declarou o apoio da UEB para a iniciativa juvenil. Na mesma ocasião os jovens organizaram 7 (sete) equipes de interesse dividindo os trabalhos. Em 13/03/1984 foi constituída a equipe coordenadora da primeira exposição liderada pelo Chefe Ivo Marcelino Miceli, que seria realizada na Universidade Estadual do Rio de Janeiro (UERJ) porém não ocorreu naquele momento somente efetivando-se em 14/07/1984 nas dependências do Colégio “CCEB-Nosso Lar” no bairro Lins.
Em 08/11/1985, em reunião realizada no Campus da Universidade Estadual do Rio de Janeiro (UERJ), com a presença do Escoteiro-Chefe da UEB Rubem Suffert, houve a apresentação com o nome de “PROJETO Cultural do Movimento Escoteiro” proferida por Roberto Luiz Cunha da Silva (o “cebola”), que era o pioneiro remanescente do projeto do “Acervo”. A primeira sede foi na Região Escoteira do Rio de Janeiro, na Rua Rodrigo Silva 18/7º andar, sendo que as reuniões eram realizadas no escritório do diretor executivo. A primeira Comissão Executiva foi composta em 25/11/1985 por Victor: C. Bouças (presidente), Leonel Karaciki (vice), Frederik William Burrows (financeiro), CMG Carlos Borba (administrativo); Fernando Mibielli de Carvalho (jurídico), Roberto Luiz Cunha da Silva (executivo).""",Marta Santos Caminha - Diretora Cultural,07/12/2022,OK,-22.9036158,-43.1749153
12,Museu do Mel,-,-,Avenida Antônio Mário de Azevedo,Nova Friburgo,Serrana,(22) 2529-4182,museudomel@gmail.com,http://www.amigosdaterra.com.br/museu-do-mel,museu.domel,@apiárioamigosdaterra,@museudomel,Privada,Ata,Aberto,Quarta - Tarde; Quinta a Domingo - Manhã e Tarde,R$ 20 a 30,valores sociais para escolas e instituições públicas e de assistência social,Sim,Ciência e Tecnologia,Não,"Nossa acessibilidade atual é mais no âmbito atitudinal e comunicacional, adequando a abordagem e a linguagem ao grupo atendido. Embora seja um prédio térreo, sem grandes dificuldades de acessibilidade física, existem alguns aparelhos e exposições quase impossíveis de serem apreendidos e fruídos adequadamente por deficientes visuais. Já estamos incluindo em nosso plano de reformas e melhorias, a inclusão de audiodescrição e painéis táteis. ",""" O Museu do Mel foi criado em 2004 com o objetivo de atender à demanda crescente de informações sobre abelhas e mel, por parte dos estudantes, turistas e clientes do Apiário Amigos da Terra.
         Tem como missão institucional educar, capacitar, conscientizar, promover e valorizar a biodiversidade de abelhas e plantas nativas, seus produtos e ecossistemas associados, através da produção de estudos, pesquisas, desenvolvimento de tecnologias alternativas, difusão de informações técnicas e científicas, comprometidos diretamente com a defesa, preservação e conservação do meio ambiente.
          Nossas atividades pedagógicas vão de visitas mediadas à cursos de apicultura, passando por eventos temáticos e outras efemérides convocando a participação da comunidade. 
         Com diferentes abordagens, recebemos grupos escolares diversos - de maternal à universidades, além de grupos familiares e turísticos.""",Bernardo Domingos de Almeida - Educador,07/12/2022,OK,-22.2601291,-42.5355196
13,Instituto Cultural Carlos Scliar,-,05.229.220/0001-05,"Rua Marechal Floriano, 253",Cabo Frio,Baixadas Litorâneas,(22) 2040-9408,institutoscliar@gmail.com,http://www.carlosscliar.com,CasaCarlosScliar,@carlosscliar,-,Privada,Estatuto Social,Aberto,Teça a Sexta - Tarde,R$ 1 a 10,"Professores
Estudantes da rede pública",Sim,Artes Visuais,Sim,"A Casa Museu possui acessibilidade motora nas áreas de exposição temporárias, educativo, sanitários e na sala multimídia.","Um sobrado do século XIX, restaurado por Scliar nos anos 60, conservada com a mesma disposição que Scliar manteve ao longo de mais de quarenta anos. A Casa com características da arquitetura colonial é composta pelo acervo de seu patrono, personalidade que atuou em importantes momentos da história do Brasil do século XX. Este acervo foi armazenado pelo pintor na Casa onde ele viveu e trabalhou por mais de trinta anos. O lugar abriga seus objetos pessoais, material de trabalho, mobiliário e obras de arte, além do acervo documental, com cerca de 15 mil itens, que relatam sua trajetória e suas lutas, junto à diversas personalidades da cultura brasileira, tais como: Rodrigo de Melo Franco, Jorge Amado, Oscar Niemeyer, Zelia Gatai e Darci Ribeiro.  A pinacoteca contém obras do pintor e de outros artistas com quem Scliar manteve intenso diálogo, como Bonadei, Pancetti, Di Cavalcanti, Cildo Meirelles e Djanira. Grande parte deste acervo está em exposição permanente na Casa Museu, aberta no ano de 2004, recebe cerca de dois mil visitantes por ano, atendendo gratuitamente as escolas públicas da região. Nesse ambiente as atividades promovidas aos estudantes abordam temas que tratam sobre a preservação, valorização do patrimônio cultural e questões relacionadas as desigualdades. O trabalho é realizado através das exposições e atividades educativas estruturadas no acervo da instituição. ",Regina Maria Bastos Lamenza - Presidente,07/12/2022,OK,-22.7378309,-42.0240869
14,Instituto Pretos Novos - Museu Memorial Pretos Novos,IPN,08.171.201/0001-63,"Rua Pedro Ernesto, 32/34 - Gamboa",Rio de Janeiro,Metropolitana I,"(21) 97015-3267
(21) 2516-7089",pretosnovos@pretosnovos.com.br,http://www.pretosnovos.com.br,ipn.museumemorial,@institutopretosnovos,@institutopretosnovos,Privada,Estatuto Social,Aberto,Terça a Sábado - Manhã e Tarde,R$ 10 a 20,"Todos - Terça-feira
Estudantes da rede pública",Sim,Arqueologia,Não,"estamos nos esforçando para conseguir acessibilidades em sanitários e outros // O imóvel possui a sua estrutural original e por se tratar de um sítio arqueológico, as obras de acessibilidade deve seguir normas rigorosas de preservação do local. O IPN é uma organização não governamental, sem fins lucrativos, que tem trabalho duramente para manter o espaço aberto. Apesar de necessário, infelizmente não conseguimos recursos para realizar uma obra deste porte. ","""O Instituto Pretos Novos nasce da necessidade de evitar o apagamento da história do Cemitério dos Pretos Novos. A Família Guimarães dos Anjos, que fez a descoberta do sítio arqueológico em 1996, e amigos fundaram a Instituição em 2005. Ao longo dos anos, o Instituto foi desenvolvendo uma tecnologia museológica, servindo de referência para outros locais, com pessoas que não estão na academia, mas que, junto com os acadêmicos, tornam o fazer do Museu Memorial dos Pretos novos algo único.

A visão de vanguarda do IPN o levou, além da simples exposição das ossadas humanas que expões um crime contra a humanidade, a criar programas educativos para tirar da invisibilidade o racismo estrutural no qual foi cunhada a sociedade brasileira. O Circuito Histórico de Herança Africana do Valongo é referência Mundial, assim como as oficinas a céu aberto criadas pelo Instituto. Mesmo sem ter ajuda efetiva para sua manutenção do poder público ou da inciativa privada.

Além disso, o Instituto Pretos Novos tem o programa de pós-graduação, cursos de capacitação para guias de turismo e professores, oficinas gratuitas “Academia Para o Povo” com temas ligados a cultura africana e afro-brasileira. ""Museu Memorial Pretos Novos

O sítio arqueológico Cemitério dos Pretos Novos, que funcionou durante os anos de 1769 a 1830, é a principal prova material e incontestável, encontrada até hoje, sobre a barbárie ocorrida no período mais intenso do tráfico de cativos africanos para o Brasil. Depois da descoberta fortuita feita pela família Guimarães dos Anjos, em 8 de janeiro de 1996, não há mais como admitir uma visão equivocada e romanceada sobre a escravidão de africanos e seus descendentes diretos no Brasil. 

Foram depositados neste cemitério os restos mortais de aproximadamente 60 mil africanos, em sua grande maioria formada por jovens e crianças, brutalmente retirados de sua terra natal e trazidos à força para o trabalho escravo. E igualmente bruta também era a forma como seus corpos foram desmembrados, queimados e espalhados pelo terreno, cobertos apenas com algumas pás de terra. Há indícios de que, após o encerramento das atividades do cemitério e dada a situação de descarte humano que apresentava o local, moradores daquela época que passavam pela Rua do Cemitério, lançavam seu lixo doméstico: restos de comida e fragmentos de louças, cerâmicas e vidros. 

Apesar de ser considerado o maior cemitério de escravos deste gênero nas Américas, o terreno destinado aos sepultamentos era muito pequeno para tantos corpos. Os vestígios arqueológicos e históricos deste campo santo são testemunhos da ação violenta e cruel sofrida pelos africanos que não resistiram aos maus tratos da captura e viagem transatlântica. 

Este relato revelado pela historiografia e trazido à luz pela Arqueologia, repleto de desrespeito e dor, ainda é desconhecido por muitos, pois não é contado em todas as escolas e nem sequer é mencionado nos livros de história que têm a escravidão como tema. Por isto, reafirma-se a importância deste Museu Memorial, no qual o Cemitério dos Pretos Novos se impõe como peça central para este debate.

Marco Antonio Teobaldo
curador
""
""",Ana Maria de La Merced Gonzalez Grana Guimara - Diretora,07/12/2022,OK,-22.8961902,-43.1935285
15,Museu Dom João VI,-,33.663.683/0001-16,"Avenida Pedro Calmon, 550 - Cidade Universitária",Rio de Janeiro,Metropolitana I,(21) 3938-1997,museu@eba.ufrj.br,http://www.museu.eba.ufrj.br,-,-,-,Federal,Ata,"Aberto, funcionando parcialmente",Segunda a Sexta - Manhã e Tarde,Gratuito,-,Sim,Artes Visuais,Sim,,"Criado em 1979 , artístico e histórico, funciona dentro da Escola de Belas Artes da UFRJ.  Seu acervo é composto por obras provenientes da Academia Imperial de Belas Artes. ",Renata da Silva Carvalhaes - Museóloga,07/12/2022,OK,-22.8625865,-43.2237943
16,Museu de Ciência da Terra,MCTER,00.091.652/0024-75,"Avenida Pasteur, 404",Rio de Janeiro,Metropolitana I,(21) 2546-0257,mcter@cprm.gov.br,http://mcter.cprm.gov.br,MuseudeCienciasdaTerra,@cienciasdaterramuseu,-,Federal,Decreto,"Aberto, funcionando parcialmente",Quarta a Sexta - Tarde,Gratuito,-,Sim,Outros,Sim,Todos os aspectos de acessibilidade foram considerados no projeto de restauração e adequação do museu. Atualmente  algumas ações paliativas ( rampas internas ) mas nâo é acessível. Está fechado inclusive para a restauração.,""" Museu de Ciências da Terra é um museu de geologia e paleontologia localizado no número 404 da avenida Pasteur, no bairro da Urca, na cidade do Rio de Janeiro, no estado do Rio de Janeiro, no Brasil. Conta com mais de 100 mil itens expostos, sendo, aproximadamente, 7 mil fragmentos de minerais tanto nacionais quanto estrangeiros e 12 mil meteoritos, rochas, documentações e fósseis.

Já o acervo literário conta com mais de 100 mil títulos relacionados a geociências. Alguns deles podem ser encontrados na Biblioteca Infantil do local. O Museu está sob a coordenação geral da museóloga Célia Maria Corsino e tem como coordenador chefe dos acervos o Dr Diogenes de Almeida Campos.

A gestão administrativa e operacional do Museu de Ciências da Terra é de responsabilidade do Serviço Geológico do Brasil - CPRM, empresa pública federal do Ministério de Minas e Energia.

Apelidado de MCTer ou Palácio da Geologia, o espaço apresenta materiais e estudos realizados desde 1907 no Brasil dos mais diferentes profissionais que já passaram pelo local de Serviço Geológico e Mineralógico (antigo DNPM e atual Companhia de Pesquisa de Recursos Minerais). Constituindo, portanto, uma das coleções geológicas mais vastas na América Latina.

Atualmente, o Museu encontra-se fechado ao público pois passa por um processo de revitalização e expansão, mas realiza exposições itinerantes durante esse processo.""",Celia Maria Corsino - Coordenadora Geral,07/12/2022,OK,-22.9540419,-43.1703976
17,Instituto Moreira Salles,IMS Rio,58.397.563/0004-98,"Rua Marquês de São Vicente, 476 - Gávea",Rio de Janeiro,Metropolitana I,(21) 3284-7400,elizabeth.pessoa@ims.com.br,http://www.ims.com.br,institutomoreirasalles,@imoreirasalles,@imoreirasalles,Privada,Estatuto Social,Aberto,Terça a Domingo - Manhã e Tarde,Gratuito,-,Sim,Imagem e Som,Sim,Acessibilidade Universal,"""O IMS é uma instituição  privada, sem fins lucrativos.T em importantes patrimônios em quatro áreas: Fotografia, em mais larga escala, Musica, Literatura e Iconografia. 
Suas atividades são sustentadas por uma dotação, constituída pela família Moreira Salles. Possui três centros culturais: Poços de Caldas, Rio de Janeiro e São Paulo. 
Publica regularmente as revistas Zum, sobre fotografia contemporânea, e a Serrote, de ensaios e idéias, além de diversos catálogos e livros sobre as áreas em que atua.
O IMS abriga também diversos endereços virtuais, como a Radio  Batuta, entre outros. """,Elizabeth Pessoa - Coordenadora,07/12/2022,OK,-22.9816223,-43.2393472
18,Museu Interativo de Física,LADIF,-,"Avenida Athos da Silveiro Ramos , 149 - Cidade Univesitária (Centro de Tecnologia - bloco A sala 418)",Rio de Janeiro,Metropolitana I,(21) 3938-7188,ladif@if.ufrj.br,http://ladif.if.ufrj.br,ladifufrj,@ladifufrj,@LadifUfrj,Federal,Resolução,Aberto,Segunda a Sexta - Manhã e Tarde,Gratuito,-,Sim,Ciência e Tecnologia,Não,o espaço é adequado a candeirantes. a linguagem adequada ao público geral e os monitores treinados para receber o público diverso. nao temos intérprete de libras nem audio guia,"""O LADIF é o Museu Interativo da Física e recebe o público para um circuito de realização de experimentos e observação de fenômenos de todas as áreas da física. Criado em 1988 com o objetivo de colaborar com o letramento científico da população e em especial de estudantes e professores do ensino fundamental e médio, realiza ações junto às escolas e participa de eventos de divulgação científica e extensão universitária. Junto com seus mediadores, técnicos e professores, o LADIF tem criado a cada ano novos experimentos para o acervo, visando oferecer aos visitantes, além dos experimentos tradicionais sobre as áreas básicas da física, também demonstrações sobre as tecnologias que nos cercam nos dias hoje.
O atendimento aos usuários é realizado por monitores, técnicos e professores especialmente treinados a ajudar na observação e entendimento dos experimentos e vídeos do acervo do LADIF.""",Miriam Gandelman - Professora,08/12/2022,OK,-22.9110137,-43.2093727
19,Museu de Arte Sacra de Paraty,MASDP,10.898.596/0029-43,"Largo de Santa Rita, 141 - Centro Histórico",Paraty,Costa Verde,"(61) 3521-4366
(61) 3521-4188",masdp@museus.gov.br,https://museusdeparaty.wordpress.com/museu-de-arte-sacra,Museu-de-Arte-Sacra-de-Paraty,-,-,Federal,-,Aberto,Terça a Domingo - Manhã e Tarde,Gratuito,-,Sim,Outros,Sim,O Museu possui rampa de acesso para cadeirantes e imagens táteis com descrição em braile.,"""O Museu de Arte Sacra de Paraty está sediado na Igreja de Santa Rita construída em 1722, bem tombado pelo Instituto do Patrimônio Histórico e Artístico Nacional - IPHAN, em 1962.

O museu reúne um acervo proveniente das irmandades religiosas e das igrejas de Nossa Senhora dos Remédios, Nossa Senhora do Rosário, Nossa Senhora das Dores, além dos Passos da Paixão e capelas da zona rural.

Além da guarda e conservação das coleções, o museu promove a pesquisa e a divulgação do testemunho histórico, cultural e religioso da comunidade paratiense.""",Leonardo Morais da Silva - Analista,08/12/2022,OK,-23.2196461,-44.7154196
20,Museu da Chácara do Céu,-,10.898.596/0023-58,"Rua Murtinho Nobre , 93 - Santa Tereza",Rio de Janeiro,Metropolitana I,(61) 3521-4369,mcm@museus.gov.br,http://www.museuscastromaya.com.br,museudachacaradoceu,@museudachacaradoceu,-,Federal,-,Aberto,Quarta a Segunda - Tarde,R$1 a 10,"Gratuidade Maiores de 80 anos, crianças até 5 anos, grupos de estudantes, acompanhados de professores e agendados previamente, estudantes de Museologia e museólogos, membros do ICOM e da Associação de Amigos dos Museus Castro Maya, guias de turismo acompanhando visitantes, usuários do Programa Vale-Cultura, com até 2 acompanhantes.",Sim,Artes Visuais,Sim,*,"Os Museus Castro Maya – Museu do Açude, no Alto da Boa Vista e o Museu da Chácara do Céu, em Santa Teresa – foram residências de Castro Maya por ele doadas à Fundação que levava seu nome, criada em 1963 e extinta em 1983, quando ambos os museus foram incorporados ao governo brasileiro e hoje integram o IBRAM (Instituto Brasileiro de Museus), do Ministério do Turismo. Os prédios, acervos e parques dos Museus Castro Maya foram tombados pelo IPHAN (Instituto do Patrimônio Histórico e Artístico Nacional) em 1974.",Anna Paola Baptista - Diretora,08/12/2022,OK,-22.9175713,-43.1822780
21,Museu do Açude,-,10.898.596/0023-58,"Estrada do Açude, 764 - Alto da Boa Vista",Rio de Janeiro,Metropolitana I,(61) 3521-4369,mcm@museus.gov.br,http://www.museuscastromaya.com.br,museudoacudeoficial,@museudoacudeoficial,-,Federal,Decreto,Aberto,Quarta a Segunda - Tarde,R$1 a 10,"Gratuidade Maiores de 80 anos, crianças até 5 anos, grupos de estudantes, acompanhados de professores e agendados previamente, estudantes de Museologia e museólogos, membros do ICOM e da Associação de Amigos dos Museus Castro Maya, guias de turismo acompanhando visitantes, usuários do Programa Vale-Cultura, com até 2 acompanhantes.",Sim,Artes Visuais,Sim,*,"Os Museus Castro Maya – Museu do Açude, no Alto da Boa Vista e o Museu da Chácara do Céu, em Santa Teresa – foram residências de Castro Maya por ele doadas à Fundação que levava seu nome, criada em 1963 e extinta em 1983, quando ambos os museus foram incorporados ao governo brasileiro e hoje integram o IBRAM (Instituto Brasileiro de Museus), do Ministério do Turismo. Os prédios, acervos e parques dos Museus Castro Maya foram tombados pelo IPHAN (Instituto do Patrimônio Histórico e Artístico Nacional) em 1974.",Anna Paola Baptista - Diretora,08/12/2022,OK,-22.9639927,-43.2835551
22,Ecomuseu do Quarteirão Cultural do Matadouro de Santa Cruz,ECOMUSEU,42.498.733/0001-48,"Rua 12, 1 - Santa Cruz",Rio de Janeiro,Metropolitana I,(21) 29762548,ecomuseusantacruz@gmail.com,http://www.ecomuseusantacruz.com.br,ecomuseusantacruz,@ecomuseusantacruz,-,Municipal,Lei,Aberto,Terça a Sexta - Manhã e Tarde,Gratuito,-,Sim,Outros,Sim,Atividades variadas,"O Ecomuseu tem como missão a valorização, preservação, pesquisa, documentação e comunicação do patrimônio do bairro de Santa Cruz.  Este museu fomenta a participação comunitária nos processos de musealização e a gestão compartilhada do patrimônio com finalidade de promover o desenvolvimento sustentável dos grupos culturais envolvidos no processo. Traduz o conceito de patrimônio a partir da pluralidade e integralidade das relações humanas com o real, respeitando a não-hierarquização e a diversidade das referências culturais. ",Heloísa Queiroz - Gerente de Museus SMC,08/12/2022,OK,-22.8985135,-43.7260673
23,Museu Forte Defensor Perpétuo,MFDPP,10.898.596/0028-62,"Avenida Orlando Carpinelli, 440 - Pontal",Paraty,Costa Verde,"(61) 3521-4367
(24) 98142-0081",mdfdpp@museus.gov.br,https://www.gov.br/museus/pt-br/museus-ibram/museu-forte-defensor-perpetuo/museu-forte-defensor-perpetuo-pagina-inicial,fortedefensorperpetuo,@fortedefensorperpetuo,-,Federal,-,Aberto,Quarta a Segunda - Manhã e Tarde,Gratuito,-,Sim,Histórico,Sim,O Museu possuiu rampas de acesso para cadeirantes e banheiro adaptado.,"""O Forte Defensor Perpétuo ocupa um dos mais antigos lugares de memória de Paraty. Atualmente abriga uma instituição museológica que visa a difusão, a pesquisa e o diálogo sobre a história e a memória do município. 

Sua elevação à beira-mar guarda os segredos dos nossos primeiros habitantes pré-históricos no sambaqui da praia e também da primeira ocupação colonial no chamado Morro da Vila Velha. A primeira vila se assentou sob uma capela de São Roque, ainda no início do século XVII, e décadas mais tarde acabou se transferindo para a planície entre os rios Perequê-Açu e Matheus Nunes, ao redor de uma nova igreja dedicada a Nossa Senhora dos Remédios. 

A posição foi guarnecida com soldados e armamentos durante a guerra contra a Província Unida do Rio da Prata (atual Argentina) e em eventuais episódios de tensão como a crise diplomática com a Inglaterra em 1850, mas acabou sendo desarmado pelo Ministério da Guerra em 1856. 

A virada do século viu o Forte se adaptar a outros usos relacionados a uma cidade em franca decadência econômica. Serviu de moradia temporária, de cadeia improvisada e posteriormente até de cenário para o filme “Um Azyllo Muito Louco” de Nelson Pereira dos Santos (1968). 

Em 1957, o Forte foi tombado e restaurado pela Secretaria de Patrimônio Histórico e Artístico Nacional (atual Iphan), tornando-se oficialmente um patrimônio cultural de Paraty e do Brasil; e um centro de memória ligado às nossas culturas tradicionais e à nossa história, especialmente após a criação do Centro de Artes e Tradições Populares nos anos de 1980. 

Em 2009 o museu passou à administração do Instituto Brasileiro de Museus (Ibram), quando da criação da autarquia. Desde então, a unidade tem avançado em sua inserção na comunidade, no trabalho de pesquisa e em ações educativas e culturais, com destaque para o projeto Paraty Ciranda, a exposição de arte e artesanato popular O Modo de Fazer, o encontro de cultura indígena Ymaguaré e as atividades de educação museal em parceria com as escolas públicas das redes estadual e municipal.

O acervo do Forte Defensor Perpétuo é bastante diverso, englobando peças relacionadas ao forte e seus usos militares, artefatos oriundos da cultura tradicional e das artes populares das comunidades paratienses e objetos relacionados a outros contextos históricos de Paraty.  """,Leonardo Morais da Silva - Analista,08/12/2022,OK,-23.2151344,-44.7119762
24,Centro de Memória Municipal Dr. Sylvio Lamas de Vasconcellos,-,-,"Rua Comendador Queiroz, 148 - Centro",Araruama,Baixadas Litorâneas,(22) 2664-2120,cmmarruama@gmail.com,-,-,-,-,Municipal,Decreto,Aberto,Segunda a Sexta - Manhã e Tarde,Gratuito,-,Não,Outros,Sim,Acessibilidade apenas atitudinal.,"""O Centro de Memória Municipal Dr. Sylvio Lamas de Vasconcellos, foi organizado inicialmente em 1991 como setor anexo a Biblioteca Municipal, com perfil de pesquisa, nele foi reunido um acervo específico sobre a Memória de Araruama, e com esse material foram Publicados 3 livros (Araruama: no tempo das histórias, Araruama: panorama de uma cidade, Araruama: memoria de Mulheres), em 1992, organizado por João Luiz Dominguez Barbosa também Secretário Municipal de Cultura, e coordenadora de Cultura Ana Cláudia C. Viegas.

Desde então seu acervo consistia em fitas cassete com depoimentos orais base dos livros acima citados,  com Hino de Araruama e a Musica Araruama, cantada por Baby Consuelo, um guia de fontes para História de Araruama organizado por Emmanuel de Macedo Soares, revistas, recortes de jornais, documentos oficiais, correspondências, livros, mapas, projetos, plantas, relatórios, posteres de fauna e flora típica da região e o material arqueológico de Morro Grande, o ultimo em exposição ainda hoje.

Foi criado de fato apenas em 2003, pelo Decreto n°186, que cria o Centro de Memória Municipal e a Pinacoteca Municipal. A Instituição possui uma Lacuna documental de sua memória institucional, o que não interferiu com seu papel principal que é resgatar e salvaguarda a memória do Município de Araruama, servindo de base para projetos e pesquisas acadêmicas ou não, com uma exposição permanente aberta ao publico.""",Aline Cardozo Vecchi,08/12/2022,OK,-22.8721329,-42.3435075
25,Museu Bispo do Rosário de Arte Contemporânea,MBRAC,-,"Estrada Rodrigues Caldas, 3400",Rio de Janeiro,Metropolitana I,(21) 3432-2402,contato@museubispodorosario.com,http://museubispodorosario.com,museubispodorosarioartecontemporane,@museubispodorosario,-,Municipal,Não existe documentação de criação do museu,Aberto,Terça a Sábado - Manhã e Tarde,Gratuito,-,Sim,Artes Visuais,Sim,"O museu possui acessibilidade comunicacional com uso de tradução em libras e  legendas em vídeos de trabalhos em exposição, alguns trabalhos com réplicas táteis , site com acessibilidade para portadores de baixa visão e acessibilidade atitudinal para acolhimento das difereças. ","O Museu surge em 1982,  com o nome de Museu Nise da Silveira, em homenagem a psiquiatra psiquiatra que introduziu um novo olhar para o cuidado dos doentes mentais reformulando a maneira de compreender a loucura, abrigando as obras predominantemente pictóricas dproduzidas por internos da Colônia Juliano Moreira, um dos maiores hospícios do Brasil.  Após a morte de Bispo do Rosário em 1989, artista que viveu internado por cerca de 50 anos na instituição e que hoje é um dos expoentes da arte contemporânea brasileira,  suas obras passam a compor a coleção do Museu. Em 2000 o Museu modifica seu nome para Museu Bispo do Rosario e em 2002 acrescenta Arte Contemporânea ao nome.  O Museu tem como misão a guarda e difusão das obras dos artistas que foram internos da Colônia Juliano Moreira, em especial Arthur Bispo do Rosário assim como a guarda de acervo documental da Colônia Juliano Moreira e o trabalho de difusão e  ativação da memória institucional e da relação entre arte e saúde mental. ",Raquel Fernandes - Diretora,08/12/2022,OK,-22.9229451,-43.3744824
26,Fundação Museu da Imagem e do Som do Rio de Janeiro,FMIS/RJ,40.299.547/0001-54,"Sede Administrativa: Rua Visconde de Maranguape nº 15, 2º andar, Lapa 
Praça XV: Praça Luiz Souza Dantas, 1 Praça XV",Rio de Janeiro,Metropolitana I,(21) 2333-2143,comunicacao@mis.rj.gov.br,http://www.mis.rj.gov.br/,MIS.RJ,@mis.rio,-,Estadual,Lei,Aberto,Segunda a Sexta - Manhã e Tarde,Gratuito,-,Sim,Imagem e Som,Sim,"Suas sedes históricas e tombadas pelos órgãos de Patrimônio Cultural restringe grandes intervenções e adaptações na arquitetura. A sede MIS/ Lapa é no nível da rua e tem elevador, contudo o espaço expositivo não tem acessibilidade. A sede Praça XV tem acesso lateral do auditório para cadeirantes ou pessoas com mobilidade reduzida, contudo a pessoa não consegue acessar o andar superior, cujo o acesso é somente por escadas, além dos banheiros não serem adaptados. Alguns produtos, ações educativas ou exposições do MIS buscam recursos de acessibilidade como QRcode, intérprete em Libras, audiodescrição, mas são iniciativas bem pontuais e acessíveis em parte. A proposta da sede MIS Copacabana é proporcionar através de um projeto arquitetônico mais acessível aos diversos tipos de público.","""Com um projeto inédito, o MIS/RJ, constituindo-se no primeiro museu da imagem e do som e de novas tecnologias do país, dedicado a salvaguarda do patrimônio musical, oral e visual carioca, fluminense e brasileiro. Um novo modelo de museu com foco no audiovisual. Um museu cujo o conteúdo pedagógico, e o projeto político e cultural estava atrelado às Comemorações do IV Centenário da cidade, criado com a intenção de fixar a história e a tradição criativa do Rio de Janeiro como polo irradiador da produção cultural nacional, principalmente com a criação do estado da Guanabara.

Um museu não somente comprometido com o passado, mas também com o presente e com o futuro do registro e a guarda da memória audiovisual brasileira, da diversidade de manifestações ligadas à música popular, da história das comunicações e da cultura de massas no país, das histórias de vidas e obras imortais, como as séries """"Depoimentos para a Posteridade"""" e do Selo MIS, símbolos de marca e orgulho do museu, entre muitos outros projetos, publicações, eventos e produtos gerados a partir de um rico e diverso acervo museológico, que completou este ano de 2022, 57 anos de trajetória de luta e respeito pelos bens culturais do povo, e que desde 3 de setembro de 1965, vem inspirando a criação de outros MIS pelo país. Uma instituição vanguardista, guardiã, criadora e produtora de acervo.

Hoje o MIS salvaguarda o acervo audiovisual do século XX mais importante do Estado do Rio de Janeiro, tendo a responsabilidade de valorizar a criatividade popular e a força da indústria cultural do Rio de Janeiro, através da preservação, da pesquisa e da difusão desses documentos audiovisuais, orais, textuais, iconográficos, sonoros, tridimensionais e bibliográficos que integram 37 coleções particulares de importantes artistas e personalidades da cultura brasileira, - principalmente ícones da música popular brasileira, do rádio, da fotografia, do teatro, do cinema, da televisão e da indústria cultural carioca em geral, expressões genuínas da nossa identidade -,como seu objeto principal de atuação, sua missão, marca e seus eixos curatoriais. Seu compromisso com a sociedade é oferecer reflexões sobre a história do Rio de Janeiro, através de imagens e de som, como síntese da representação da identidade carioca e brasileira, da paisagem à cultura popular, uma relação de simbiose entre história local e a história nacional.

O MIS possui duas principais sedes, uma na Praça XV e outra no bairro da Lapa, ambas situadas em prédios históricos o que limitam sua atuação, crescimento e possibilidades na promoção de novas atividades culturais, como espaço para exposições temporárias e de longo prazo, cursos, seminários, cinema, teatro, atividades com escolas, etc. Assim, surge o projeto de uma nova sede, ainda em construção no bairro de Copacabana, localizado na zona sul da cidade, com previsão de inauguração em 2023. O projeto pretende ser um espaço acessível, dinâmico, interativo, moderno, totalmente digital e tecnológico, onde haverá uma programação cultural diversificada e atraente. A Nova sede do MIS será um museu de última geração, idealizado dentro dos preceitos de edifício sustentável e de caráter educativo. Logo, a vocação inovadora nascida na sua criação, em 1965, permanece enquanto a vocação do MIS atual e do futuro museu, contudo, uma inovação que se adapta as novas formas de se comunicar e de se apresentar para o mundo do século XXI.

Um museu que entende e discute que a modernidade é audiovisual, que o mundo que vivemos é repleto de imagens e de sons, que é um mundo de comunicação. Que o século XX foi marcado pelo apogeu da indústria nacional; da crescente urbanização; do florescimento da cultura de massas; do cinema novo; da bossa nova; do surgimento das redes de rádio e de televisão; da aceleração de tecnologias de produção, transmissão e armazenamento de dados; do processo evolutivo das novas mídias que agora, no século XXI convergem para a internet, o mundo virtual, das redes sociais como novos sujeitos de comunicação e a inteligência artificial. Tudo isso alimenta e dinamiza o Museu da Imagem e do Som, e que aos mesmo tempo, busca aprofundar o debate sobre criação e arte, técnica e indústria de forma a nutrir o ciclo de inovação e formação permanentes nesse importante espaço de produção e reprodução do conhecimento. Transformando-se num importante centro de referência para a pesquisa da indústria cultural brasileira. Pois, no Brasil a indústria cultural, e mais especificamente o setor audiovisual (a indústria discográfica, cinematográfica, editoriais, companhias de teatro, assim como os produtos audiovisuais, como programas de rádio e televisão, seriados, filmes, comerciais, redes sociais, aplicativos, etc.), caracteriza-se como um espaço de construção de identidades e relações sociais, espaço de criatividade e inventividade.""",Ana Carolina Maciel Vieira - Diretora Técnica,08/12/2022,OK,-22.9110137,-43.2093727
27,Museu da História e da Cultura Afro-Brasileira,MUHCAB,00.312.477/0001-02,"Rua Pedro Ernesto, 80 - Gamboa",Rio de Janeiro,Metropolitana I,(21) 2233-7754,muhcab.cultura@prefeitura.rio,http://www.rio.rj.gov.br/web/muhcab,@muhcab.rio,@muhcab.rio,-,Municipal,Decreto,Aberto,Quinta a Sábado - Manhã e Tarde,Gratuito,-,Sim,Artes Visuais,Sim,"Rampas para cadeirantes, textos legíveis para o público de baixa visão e visitas mediadas que se adaptam às especificidades de cada grupo. ","Em 12 de maio de 2017 o MUSEU DA HISTÓRIA E DA CULTURA AFRO-BRASILEIRA foi criado pelo Decreto Municipal Nº 43128/2017, com sede alocada na antiga Escola José Bonifácio, trazendo de volta a importância desse local de memória para a história da Cultura Afro-Brasileira na cidade. No dia 23 de novembro de 2021, ocorre a reinauguração do MUHCAB com a abertura da exposição de longa duração ""Protagonismos: memória, orgulho e identidade"" e em 2022 comemorou-se um ano de funcionamento com atividades plenas: ações museológicas, visitas mediadas, oficina de Artes Visuais para crianças do entorno, exposições temporárias e uma constante programação voltada as matrizes e motrizes africanas e afro-brasileira. ",Larissa Machado Moisés - Museologa,09/12/2022,OK,-22.8961470,-43.1942571
28,Museu de Porcelana de Petrópolis,-,30.472.172/00001-29,"Rua Barão do Amazonas, 88",Petrópolis,Serrana,(24) 2245-2876,museudeporcelana@gmail.com,http://museudeporcelana.com.br,-,-,-,Privada,Não existe documentação de criação do museu,Aberto,Terça a Domingo - Manhã e Tarde,R$ 20 a 30,Menores de 5 anos,Não,Histórico,Não,não,"Único museu de porcelana de animais das Américas. contém 1800 peças de porcelana da Europa,pricipalmente animais desde o ano de 1850.",Robert Bedran - Diretor,10/12/2022,OK,-22.5102384,-43.1835818
29,Casa de Cultura José Bonifácio - Museu da Comunicaçao e Costumes,-,32.128.321/0001-62,"Praia José Bonifácio, 119 - Paquetá",Rio de Janeiro,Metropolitana I,(21) 98840-9580,dchargel@yahoo.com.br,-,-,"@casadecultura_josebonifacio
",-,Privada,Estatuto Social,"Aberto, funcionando parcialmente",Sábado - Manhã e Tarde,Gratuito,-,Sim,Imagem e Som,Sim,O museu está aberto para cadeirantes com visita guiada por museóloga,"""Criado em 2016, com o objetivo de expor ao público a coleção particular do Jornalista Fichel Davit Chargel, formada por um acervo de mais de 20 mil peças, o MUSEU DE COMUNICAÇÃO E COSTUMES foi instalado na casa tombada pelo IPHAN em 13 de abril de 1938, onde viveu José Bonifácio de Andrade e Silva, o “Patriarca da Independência”, na Ilha de Paquetá, Baía de Guanabara. 
O MUSEU conduz os visitantes em um mundo fantástico de imagens e sons, através da excepcional coleção de equipamentos fotográficos, cinematográficos, fonógrafos, gramofones, caixas de música, além de fotografias que contam a história e evolução  da fotografia e raros discos de papel, cilindros e outros instrumentos musicais, incluindo ainda telefones antigos, documentos, mapas, jornais, e objetos referentes aos costumes dos séculos passados.
""",Fichel Davit Chargel - Preseidente,10/12/2022,OK,-22.7622701,-43.1102212
30,Museu Memorial Iyá Davina,-,36.068.859/0001-46,"Rua General Olimpio da Fonseca, 380 - São Mateus",São João de Meriti,Metropolitana II,(21) 2756-7635,ileomoluoxum@gmail.com,http://www.ileomolueoxum.org,ileomoluoxum,@ileomoluoxum,-,Privada,Ata,Aberto,Segunda a Sexta - Manhã e Tarde,Gratuito,-,Não,Antropologia e Etnografia,Sim,"O Museu Memorial Iyá Davina fica localizado dentro do barracão do Ilê Omolu Oxum, de fácil acessibilidade, sem barreiras.","O Museu Memorial Iyá Davina foi criado por Mãe Meninazinha de Oxum, em 1997, em homenagem à matriarca Iyá Davina. O museu reúne um acervo de objetos sagrados e de uso rotineiro, fotografias e documentos guardados pela matriarca e configura-se também como uma importante coleção etnográfica para pesquisa e preservação da memória dos povos de matriz africana. Reconhecido como o primeiro museu memorial do gênero no estado do Rio de Janeiro, o Museu Memorial Iyá Davina possui um acervo com mais de 150 itens inventariados e recebe, desde então, a atenção das comunidades tradicionais afrobrasileiras das mais variadas partes do país, além de estudantes, pesquisadores e turistas. A instituição museológica é registrada pelo Instituto Brasileiro de Museus (Ibram) e se apresenta como uma das únicas opções de museus no município de São João de Meriti.",Marco Antonio Teobaldo - Curador,10/12/2022,OK,-22.8095640,-43.3879980
31,Espaço Cultural Luciano Bastos,-,13.352.690/0001-90,"Praça Amaral Peixoto, 13 - Centro",Bom Jesus do Itabapoana,Noroeste Fluminense,(22) 3831-1056,espacoculturallucianobastos@gmail.com,http:/www.espacoculturallucianobastos.blogspot.com,eclb.cultura,@eclb.cultura,-,Privada,Estatuto Social,Aberto,Terça a Sexta - Manhã e Tarde,Gratuito,-,Não,Histórico,Não,"A partir da participação do ECLB no programa Hub+, que despertou em nós a importância de ser um espaço mais inclusivo, estamos buscando nos capacitar e melhorar o acesso e o atendimento a públicos diversos. Algumas alterações foram feitas para tornar as exposições mais acessíveis, como utilização de lupas, aumento no tamanho das letras de etiquetas e banners, além de objetos que podem ser tocados durante a visitação. ","""Fundado em 2011, o Espaço Cultural Luciano Bastos tem por base a preservação do rico patrimônio cultural que constitui o prédio do antigo Colégio Rio Branco e todo acervo existente em seu interior, disponibilizando para a comunidade o acesso a esses bens, bem como estimulando a cultural local através de diversas atividades culturais. O histórico prédio em que se situa o ECLB possui mais de 100 anos de existência, tendo funcionado como escola entre 1930 e 2010, quando encerrou suas atividades. O Espaço Cultural preserva em seu interior diversos objetos, documentos e fotografias do Colégio Rio Branco, constituindo assim um rico acervo voltado para a preservação da cultura escolar. Além disso, também possui valioso acervo referente à história e memória da região noroeste fluminense, em especial do Vale do Itabapoana. Há salas de exposição permanente sobre a memória escolar do Colégio Rio Branco e sobre a imprensa local, com máquinas e objetos tipográficos do século XIX e XX. Também são realizadas exposições temporárias a partir de acervo local ou não. O ECLB é aberto para visitação gratuita durante a semana, recebendo também visitas escolares programadas. 
""",Claudia Martins Borges Bastos do Carmo,12/12/2022,OK,-21.0905520,-41.7808736
32,Monumento Nacional aos Mortos da Segunda Guerra Mundial,MNMSGM,-,"Avenida Infante Dom Henrique, 75",Rio de Janeiro,Metropolitana I,(21) 2519-4601,comsoc@mnmsgm.eb.mil.br,http://www.mnmsgm.eb.mil.br,-,@mnmsgm_exercito,-,Federal,Decreto,Aberto,Terça a Domingo - Manhã e Tarde,Gratuito,-,Não,Histórico,Não,Plataformas para PNE,"O Monumento Nacional aos Mortos da Segunda Guerra Mundial (MNMSGM) foi idealizado pelo Marechal JOÃO BAPTISTA MASCARENHAS DE MORAES, Comandante da Força Expedicionária Brasileira (FEB). Graças a seu denodado esforço e dedicação, seu sonho de trazer de volta à Pátria os Heróis imolados nos Campos de Batalha da Itália transformou-se em magnífica realidade.",Sady Guilherme Schmidt Junior - Diretor,12/12/2022,OK,-22.9166277,-43.1734552
33,Espaço Ciência InterAtiva,-,-,Avenida Baronesa de Mesquita,Mesquita,Metropolitana II,(21) 2797-2513,eci@ifrj.edu.br,http://portal.ifrj.edu.br/node/2802,@espacocienciainterativa,@espacocienciainterativa,-,Federal,Portaria,Aberto,Terça a Sexta - Manhã e Tarde,Gratuito,-,Sim,Ciência e Tecnologia,Não,Rampas de acesso e banheiros adaptados.,"""O Espaço Ciência Interativa (ECI) tem como principal objetivo a popularização da ciência com vistas à inclusão social e a divulgação do conhecimento científico, por meio de atividades educativas, eventos de popularização científica, projeto itinerantes como Ciência Itinerante e Museu vai à Escola. Busca ainda, estreitar relações com as redes formais de ensino através do envolvimento das escolas nos projetos desenvolvidos no âmbito do Espaço. A partir da tríade ensino, pesquisa e extensão, o campus abriga exposições permanentes e temporárias abertas ao público com dezenas de módulos experimentais interativos, bem como trabalha de forma articulada com cursos de formação inicial e continuada de professores.

Visa também estimular os alunos de Ensino Médio Técnico, Graduação e Pós-Graduação a participarem de atividades de pesquisa em diversas áreas do conhecimento como em Física Experimental, Ensino de Ciências e Matemática, Ensino de Química, Educação entre outras.  Entre as atividades executadas, estão projetos de iniciação científica, projetos de extensão, trabalhos de conclusão de curso, monografias dissertações, monitorias e elaboração e desenvolvimento e exposições científicas. Hoje, o Campus conta com os cursos de Pós-Graduação Lato Sensu em Educação e Divulgação Científica, Mestrado Profissional em Educação Profissional e Tecnológica em rede nacional, CursoFIC de Contador de Histórias, e cursos de extensão de Formação de Professores em Ciências Naturais e Educação Inclusiva.""",Sérgio de Souza Henrique Júnior - Coordenador,12/12/2022,OK,-22.7840300,-43.4277702
34,Museu de Arte Contemporânea de Niterói,MAC Niterói,-,"Mirante da Boa Viagem, S/N - Boa Viagem",Niterói,Metropolitana III,(21) 99709-4519,macmuseologia@gmail.com,http://macniteroi.com.br,@mac.niteroi,@mac.niteroi,@mac.niteroi,Municipal,Decreto,Aberto,Terça a Domingo - Manhã e Tarde,R$ 10 a 20,Todos - Quarta-feira,Sim,Artes Visuais,Sim,"Acessibilidade física: rampas e elevador
Acessibilidade comunicacional: indicações com placas informativas
Acessibilidade atitudinal: palestras de conscientização/sensibilização para o convívio com as diferenças de para todos os funcionários","""Datas: Criação: Decreto Municipal no. 6591 de 1/4/1993 
Constituição jurídica: 1/4/1993
Data de construção do edifício: início (abril de 92) término (agosto de 96)
Abertura ao público: 2/ 9/1999

O Museu de Arte Contemporânea de Niterói, com sede no edifício projetado pelo arquiteto Oscar Niemeyer, foi constituído em função do contrato de comodato (composto por mais de 1200 obras de cerca de 180 artistas contemporâneos brasileiros) entre a Prefeitura de Niterói e o colecionador João Sattamini.

Os objetivos da Instituição são o estudo e a difusão da Arte Contemporânea Brasileira, em seus diversos aspectos, através de programações e atividades artísticas e educativas, de modo a tornar-se um organismo de significativa expressão nacional e internacional.
""",Angélica de Castro Pimenta Deano - Diretora de Museologia,12/12/2022,OK,-22.8884000,-43.1147000
35,Centro de Ciências Professora Andrea Cristina Costa de Freitas,-,-,"Postal, 50 - Vila Medeiros",Belford Roxo,Metropolitana II,(21) 2761-2178,cepresidentekennedy@educacao.rj.gov.br,-,@kennedy.cepk.3,@kennedycepk,-,Estadual,Não existe documentação de criação do museu,Aberto,Segunda a Sexta - Manhã e Tarde,Gratuito,-,Sim,Ciência e Tecnologia,Não,Possui rampas de acesso e banheiros adaptados.,"O Centro de Ciências foi desenvolvido a partir da participação ativa do corpo discente e docente, envolvendo toda a comunidade escolar, desde a proposta de temas até a inauguração e abertura em outubro de 2022.",Sérgio de Souza Henrique Júnior - Coordenador,12/12/2022,OK,-22.7309996,-43.3796377
36,Museu Histórico do Exército e Forte de Copacabana,MHEx/FC,10.300.296/0001-10,"Praça Cel Eugênio Franco, 1 - Copacabana",Rio de Janeiro,Metropolitana I,(21) 2287-5357,divmus@mhexfc.eb.mil.br,http://www.mhexfc.eb.mil.br,-,@mhexfc_exercito,-,Federal,Portaria,Aberto,Terça a Domingo - Manhã e Tarde,R$ 1 a 10,"Inteira: R$ 6,00. - Meia-entrada (mediante comprovação) R$ 3,00: Professores da rede pública de ensino; Estudantes das redes pública e privada; Maiores de 60 anos; e Portadores da ID Jovem. - Isentos (mediante comprovação): Militares das Forças Armadas e Forças Auxiliares do Brasil e dependentes; Militares das Forças Armadas e Forças Auxiliares estrangeiras, desde que fardados; Maiores de 80 anos; Pessoas com deficiência; Menores de 6 anos; Guias de Turismo; e Grupos agendados.",Não,Histórico,Sim,"Rampas de acesso, Faixa acimentada para cadeirantes ao longo de toda a alameda do EC, Elevador, banheiro unisex para PcD, QR Code nso espaços museais, Guias/Mediadores com saídas programadas a cada 1h.","""O MHEx é talvez o mais antigo museu existente no Brasil. Sua história é resultado de uma sequência de extinções e reorganizações, quase sempre com prejuízo para o patrimônio histórico do Exército e da nação Brasileira, nele abrigado. 
Embora seja do conhecimento que a primeira tentativa de se destinar um local para guardar objetos relativos à História Militar no Brasil, tenha ocorrido por iniciativa do Conde da Cunha, na Fortaleza da Conceição, entre os anos de 1763 e 1767, foi somente em 1865 que o Ministro da Guerra, Dr. Ângelo Muniz da Silva Ferraz, Barão de Uruguaiana, baixou uma Instrução na qual determinava a criação de um museu no antigo Arsenal Militar da Corte e cuja finalidade seria de expor armas dos mais variados tipos, projéteis, equipamentos e invenções, além de fixar normas para a disposição e apresentação desses acervos.

Com a aquisição dos imóveis da Fábrica da Ponta do Cajú e a instalação do novo Arsenal de Guerra em 1902, o acervo do Museu Militar foi transferido para uma das salas do Quartel General, no Centro do Rio de Janeiro. Em 1912, o referido acervo foi novamente movimentado, agora para o Arsenal de Guerra do Rio de Janeiro (AGR), na Ponta do Cajú.

Em 1912, o recém renomeado Museu Histórico Militar foi reorganizado e autorizado a receber dos Chefes de Repartições e Estabelecimentos Militares quaisquer objetos que estivessem em condições de figurar na referida repartição. 
No entanto, tal museu militar parece não ter encontrado o apoio necessário para a sua consolidação, tendo em vista que, com a criação em 1922 do Museu Histórico Nacional (MHN), foi expedida ordem para a transferência de todos os quadros e objetos de valor histórico que estavam sob a guarda do Museu Militar para o novo espaço museológico. Nem todo o acervo, entretanto, seguiu para o MHN, inúmeros armamentos e alguns outros artigos foram recolhidos em 1924 ao Departamento Central, sediado no Antigo Quartel General.

Em 1941, passados quase 17 (dezessete) anos de sua desativação, uma nova tentativa de organização do museu militar se verifica, quando da aprovação das Instruções para Organização e Funcionamento do Museu do Ministério, no então Distrito Federal. Porém, tal iniciativa aparentemente não surtiu o efeito esperado, já que nenhuma menção se fez mais sobre o assunto nos anos seguintes.

Somente em 1948, por ordem do Ministro da Guerra, General de Divisão Canrobert Pereira da Costa, foi criada uma comissão para organizar e classificar os objetos que pudessem vir a ser destinados ao museu a ser recriado.
Embora a comissão já efetivamente estivesse desenvolvendo suas atividades desde 1948, o futuro Museu Militar não possuía ainda uma instalação definida, decisão que só foi tomada em janeiro de 1952, quando o Ministro da Guerra, General de Divisão Newton Estillac Leal, optou pela ocupação provisória da sede do antigo Estabelecimento de Material de Intendência, localizado na Praia de São Cristóvão, n° 95.

Com a recriação em 1953 do Museu Militar do Exército, agora subordinado diretamente à Secretaria Geral do Ministério da Guerra, iniciou-se o recebimento de todo o acervo que havia sido reunido pela comissão organizadora e que por muito pouco não foi destinado ao Museu da United States Military Academy de West Point. 
Em 1954, novamente o acervo do museu mudaria de local, desta feita seu paradeiro foi, mais uma vez, o Palácio da Guerra, no Centro do Rio de Janeiro, onde ocupou toda a ala direita do 3º andar do prédio da Rua Teófilo Ottoni.

Em setembro de 1956, a crescente disputa por mais espaços para atender os órgãos recém criados na estrutura organizacional do Ministério da Guerra tornou insustentável a permanência do Museu Militar nas dependências do Quartel General, sendo esta a  razão maior de sua transferência para o principal Estabelecimento de Ensino do Exército Brasileiro, a Academia Militar das Agulhas Negras (AMAN), em Resende, a cerca de 170 km da cidade do Rio de Janeiro. 

O Museu funcionou na AMAN durante quase uma década, quando no ano de 1964 o Ministro da Guerra, General de Exército Arthur da Costa e Silva, determinou que o Museu Militar do Exército voltasse a ser reorganizado na Cidade do Rio de Janeiro. Quase dois anos depois, o agora intitulado Museu do Exército ocupava as dependências da Casa Histórica de Deodoro (CHD), antiga moradia do primeiro presidente da República Federativa do Brasil, localizada em frente ao Campo de Santana, conhecida nos dias de hoje por Praça da República, e próximo ao Quartel General do Ministério da Guerra, atual sede do Comando Militar do Leste. 

Ainda durante o processo de ocupação de sua nova sede no Rio de Janeiro, mais exatamente em 10 de dezembro de 1965, foi incorporado às instalações do Museu do Exército o imóvel situado à Rua do Riachuelo, n° 303, conhecido como Casa Histórica de Osorio (CHO).

Assim, o Museu do Exército funcionou por quase três décadas nas CHD e CHO, desenvolvendo exposições comemorativas relativas a datas notáveis do Exército e nacionais.

No entanto, as instalações ainda não eram adequadas para receber acervo de importante valor histórico. As Casas Históricas eram antigas, com partes elétrica e hidráulica inadequadas e de difícil manutenção. Enquanto isso, um importante sítio histórico pertencente ao EB encontrava-se sob a ameaça da especulação imobiliária que rondava os bairros da orla atlântica da zona sul da cidade do Rio de Janeiro, o Forte de Copacabana.

A existência do 3º GACos (Terceiro Grupo de Artilharia de Costa), unidade militar instalada na fortificação, tinha seus dias contados, pois desde 1969 seus comandantes já consideravam a unidade operacionalmente obsoleta para atuar na defesa da costa. Concomitantemente, os estudos apontavam ser este o local ideal para a instalação do Museu do Exército.

Em dezembro de 1986, o então Ministro do Exército, General Leônidas Pires Gonçalves criou o MHEx no Forte de Copacabana. Com a extinção do Museu do Exército e do 3° GACos, cerca de seis meses depois, foi iniciada a transferência de todo o acervo existente das CHD e CHO para o novo espaço museal.

Assim, em 1987, o antigo aquartelamento e sua Fortificação trocaram de armas, seus canhões tornaram-se silenciosos e ele passou a sediar o Museu Histórico do Exército e Forte de Copacabana (MHEx/FC), com a dignificante missão de preservar e difundir a história da Instituição, além de divulgar aos brasileiros e visitantes de outras nações tudo o que a Força Terrestre fez e faz pelo Brasil e nas missões internacionais e em prol da democracia e da paz mundial.

A transformação de uma Unidade Operacional para um museu exigiu, por parte dos militares e civis que trabalhavam no MHEx, um grande esforço para executar a difícil obra na sua estrutura arquitetônica, tanto para recuperar o velho Forte como também para adequar os espaços para uma nova realidade.
As vésperas de completar 10 anos em sua nova sede, o MHEx/FC, com o apoio  irrestrito do Ministro do Exército, General Zenildo de Lucena, levou a bom termo a concepção e execução do Salão de Exposição de Longa Duração “Colônia-Império”, projeto exitoso que contou com a participação de uma equipe técnica multidisplinar que jamais havia sido reunida em prol do Museu em toda a sua existência. 

Em maio de 1998, foi inaugurado o Salão de Exposição de Longa Duração “República”, responsável por abordar a atuação do EB no período republicano até 1945, tão bem trabalhado e executado quanto o ambiente que fora entregue aos visitantes anteriormente. 
Em ambos os salões de exposição, houve um esforço no sentido de valorizar o maior patrimônio que o EB possui: o homem. A caracterização dos personagens militares, utilizando-se de manequins, visou principalmente a auxiliar no resgate à figura do herói militar, homens que contribuíram para a construção da História do país. 

Contando com um acervo variado de 15.000 (quinze mil) peças em Reserva Técnica, o MHEx/FC possui indumentárias, armamentos e objetos de uso pessoal de vultos militares, como uma mecha do cabelo de Napoleão Bonaparte, que integram esporadicamente as exposições de curta duração.

Atualmente, o MHEx/FC recebe, em média, 40.000 (quarenta mil) visitantes por mês e mais de 200 (duzentas) delegações brasileiras e estrangeiras, civis e militares, ao ano, o que o coloca entre os quatro principais pontos turísticos da cidade do Rio de Janeiro. """,Márcio de Castro Alves - Divisão de Museologia,13/12/2022,OK,-22.9110137,-43.2093727
37,Ecomuseu de Sepetiba,-,-,"Praia de Sepetiba, S/N - Sepetiba",Rio de Janeiro,Metropolitana I,(21) 99673-1751,ecomuseudesepetiba@gmail.com,http://ecomuseudesepetiba.blogspot.com,@ecomuseudesepetiba,@ecomuseudesepetiba,-,Público-Privada,Ata,Desativado sem previsão de retorno,-,Gratuito,-,Sim,Patrimônio Científico e Histórico Natural,Não,,"O ecomuseu de Sepetiba surgiu enquanto movimento no ano de 2009 durante a IV jornada de formação em museologia comunitária, em seguida constituiu-se como coletivo, uma ação museológica da comunidade cujo objetivo é  desenvolver o território que habita a partir da valorização dos seus patrimônios, está ação museológica e/ou iniciativa de memória conseguiu ao longo de 12 anos de existência trazer à baila a história local preterida e esquecida, bem como despertar nos moradores e moradores a vontade de memória e de preservação do seu território e consequentemente revigorou a autoestima dos moradores, hoje por falta de auxílio, apoio e interesse encontra-se com suas atividades suspensas, mantendo apenas pesquisas.",Bianca de Moura Wild  - Fundadora,13/12/2022,OK,-22.9803949,-43.7029356
38,Centro Cultural Visconde de Mauá,CCVM,20.192.154/0001-30,"Avenida Venceslau Brás, 699",Resende,Médio Paraíba,(24) 99948-5181,maua.centrocultural@gmail.com,-,-,-,-,Privada,Não existe documentação de criação do museu,Aberto,Sexta a Domingo - Manhã e Tarde,Gratuito,-,Sim,Outros,Não,Somente rampa para cadeirante.,"Criado em abril de 2004, o CCVM realiza exposições de artes sistematicamente, concertos musicais frequentes, Feiras de Livro, Feiras do Disco Vinil, anualmente, Encontros de Corais, palestras com assuntos diversos. Possui Biblioteca Comunitária. É Ponto de Leitura desde setembro de 2009 e Ponto de Cultura desde maio de 2010.",Márcia Patrocínio - Diretora,13/12/2022,OK,-22.4418699,-44.4204847
39,Museu Casa da Hera,MCH,10.898.596/0007-38,"Rua Dr. Fernandes Júnior, 160",Vassouras,Médio Paraíba,(61)3521-4390,casadahera@museus.gov.br,http://museucasadahera.museus.gov.br,museucasadahera,@museucasadaheraoficial,-,Federal,Lei,Aberto,"Quarta a Sábado - Manhã e Tarde, Domingo - Manhã",Gratuito,-,Sim,Histórico,Sim,A visita é mediada por pessoal treinado.,"Está na categoria de museu-casa (museu histórico). Foi a residência da Família Teixeira Leite de 1843 (casamento de José Joaquim Teixeira Leite e Ana Esméria de Correa e Castro) até a morte da última herdeira, Eufrásia Teixeira Leite, em 1930. A casa e chácara foi legada em testamento por Eufrásia com a condição de não ser alienada, ocupada ou desmembrada (tanto os imóveis quanto seu acervo), daí decorrendo a sua condição de Patrimônio Nacional em 1952, passando a administração do IPHAN em 1962 e aberta como museu em dezembro de 1968. Passa a compor um dos museus federais do Instituto Brasileiro de Museus (Ibram) em 2009. Seu acervo é composto de documentos, livros, objetos tridimensionais e iconográficos, destacando-se a coleção de indumentária de nomes da alta-costura europeia do final do século XIX e início do XX.",Marco Antonio Xavier - Técnico em Assuntos Culturais,14/12/2022,OK,-22.4069682,-43.6594403
40,Sítio Roberto Burle Marx,,26.474.056/0025-49,"Estrada Roberto Burle Marx, 2019",Rio de Janeiro,Metropolitana I,(21) 2410-3000,srbm@iphan.gov.br,https://sitioburlemarx.org,SitioBurleMarx.Iphan,@sitiorobertoburlemarx,-,Federal,Não existe documentação de criação do museu,Aberto,Terça a Sábado - Manhã e Tarde,R$ 1 a 10,"Crianças até 5 anos; guias de turismo; professores; acompanhantes de pessoas com deficiência; moradores da Barra da Tijuca, Recreio dos Bandeirantes e Barra de Guaratiba. Por solicitação: escolas da rede pública; ONG's; servidores do Ministério da Cultura e outros. Meia entrada: adultos a partir de 60 anos e estudantes.",Sim,Outros,Não,"Os espaços abertos para visitação no Sitio Roberto Burle Marx possuem recursos de acessibilidade para auxiliar pessoas com deficiência, mobilidade reduzida e idosos. Os percursos de visitação são montados de acordo com as necessidades de cada grupo de visitantes, com o objetivo de proporcionar ao visitante o melhor atendimento possível.

O Sítio Roberto Burle Marx (SRBM) dispõe de carrinhos elétricos para deslocamento de visitantes com mobilidade reduzida e pessoas em cadeira de rodas, e vagas de estacionamento para pessoas com deficiência.

A recepção do SRBM conta com bebedouro, bancos para descanso e sanitários, sendo um acessível (com entrada separada, permitindo o uso por pessoas com acompanhantes de sexo oposto e trocador de fraldas para bebês).

Mapas táteis: no espaço receptivo há um mapa tátil de localização geral dos espaços do SRBM, com letras em alto-relevo e braille em inglês e português. Na Casa de Roberto há um mapa tátil de localização dos espaços da casa.

Réplicas táteis: na Loggia, no Ateliê e na Casa de Roberto existem réplicas táteis em alto-relevo de obras do acervo, desenvolvidas para pessoas com deficiência visual e baixa visão.

Obras disponibilizadas para tato: ao longo do percurso de visitação, algumas obras originais podem ser disponibilizadas ao tato, como esculturas e painéis de azulejos.

Audioguia com recursos de audiodescrição e vídeo em Libras.

Acessibilidade física: As vias que levam aos diferentes espaços do SRBM são pavimentadas com paralelepípedos. As áreas de desembarque do carrinho elétrico também são em piso de paralelepípedos. Rampas de acesso e piso nivelado possibilitam a circulação de pessoas em cadeira de rodas, idosos e pessoas com mobilidade reduzida em seus diversos ambientes, com diferentes níveis de acessibilidade:

Recepção: espaço nivelado e acessado por uma pequena rampa.
Escadaria da Capela: acesso por escadas com degraus largos sem corrimão.
Capela: um degrau de acesso na porta principal, com rampa metálica. Bancos na área interna que podem ser usados para descanso.
Loggia: acesso frontal por paralelepípedos com desnível inferior a um degrau. Existe acesso em nível e com rampas pela parte de trás com carrinho elétrico.
Jardim Casa de Roberto: acesso pela escadaria da Capela. Trecho em grama. Há degraus e desníveis. Não possui acesso por rampas.
Casa de Roberto: acesso frontal pela escadaria da Capela. Trecho em grama e em terra batida. Há degraus de acesso para a varanda frontal. Existe a possibilidade de chegar a esse espaço com carrinho elétrico, fazendo desembarque e embarque em nível e áreas com rampas para acesso à casa pela varanda traseira. O interior da casa possui piso de madeira nivelado, com exceção da Sala de Cerâmicas, que pode ser visualizada de dentro da casa ou acessada por escadas. A varanda da casa possui bancos para descanso.
Cozinha de Pedra: acesso frontal pela escadaria da Capela, acesso lateral por alguns degraus ou acesso em nível e com rampas pela parte de trás com carrinho elétrico. Área coberta possui bancos para descanso. Local com água potável disponível.
Trilha Ateliê e Lagos: escadaria com degraus suspensos e espaçados, sem corrimão e apoio.
Ateliê: acesso frontal por escadas com corrimão ou por percurso sinuoso rampeado, com paralelepípedos. Acesso por rampa mais curta e mais íngreme com piso de paralelepípedo pela parte de trás onde o carrinho elétrico faz o desembarque. Rampas internas para vencer desníveis de até um degrau.
Auditório: localizado no segundo andar, com acesso por escadarias. Foi desenvolvido um projeto para a modificação da localização desse espaço, com o intuito permitir o acesso de pessoas em cadeira de rodas, que será implementado futuramente.
Lagos: trecho com diferentes pisos, grama, paralelepípedos, áreas em desnível, circulações com diferentes larguras. Permite a visitação de pessoas em cadeira de rodas em alguns trechos, de acordo com a mobilidade e o comprometimento.","""Em 1949, Roberto Burle Marx e seu irmão Guilherme Siegfried compraram o primeiro terreno que hoje integra o Sítio Roberto Burle Marx, após uma longa busca por espaços que unissem qualidades como boa diversidade de solos adequados, com rochas afloradas, água abundante. Entre 1952 e 1960 os irmãos ampliaram a propriedade, com a aquisição de terrenos vizinhos, e foram realizando as intervenções necessárias ao cultivo e reprodução da coleção botânica - infraestrutura, edificações, viveiros de plantas e áreas ajardinadas - transformando-o no laboratório de paisagismo de Roberto. Em 1973 Roberto passou a residir no Sítio.

Em 1985, o paisagista doou a propriedade, com todo o seu conteúdo, ao governo federal, com o objetivo de assegurar a preservação do Sítio e de suas coleções, bem como a continuidade das pesquisas, a disseminação do conhecimento adquirido e o compartilhamento daquele espaço singular com a sociedade. Com a morte de Roberto Burle Marx, em 1994, o Sítio passou a ser gerido pelo Instituto do Patrimônio Histórico e Artístico Nacional (Iphan).

O imóvel foi tombado como patrimônio cultural do estado do Rio de Janeiro, em 1988, e do Brasil, em 2000. Em 2021, foi reconhecido como Patrimônio Mundial pela Organização das Nações Unidas para a Educação, a Ciência e a Cultura (UNESCO).
""",Claudia Maria P. Storino - Diretora,15/12/2022,OK,-23.0223041,-43.5462351
41,Museu das Remoções,MdR,-,"Rua Vila Autódromo, 24",Rio de Janeiro,Metropolitana I,(21) 99900-9003,museudasremocoes@gmail.com,https://museudasremocoes.com,museudasremocoes,@museudasremocoes,-,Privada,Não existe documentação de criação do museu,"Aberto, funcionando parcialmente",Segunda a Domingo - Manhã e Tarde,Gratuito,-,Sim,Histórico,Sim,Espaços físicos acessíveis,"O Museu das Remoções foi fundado em 18 de maio de 2016 e é um museu comunitário a céu aberto, que nasceu e se desenvolve na Vila Autódromo, uma comunidade localizada na Zona Oeste do Rio de Janeiro, às margens da lagoa de Jacarepaguá e ao lado do antigo Autódromo de Jacarepaguá, ao qual deu origem ao seu nome. A Vila Autódromo foi atravessada pelo processo de remoção do contexto das transformações urbanísticas do Rio de Janeiro para sediar as Olimpíadas de 2016, nesse contexto, o Museu das Remoções foi criado como forma de preservar as memórias dos moradores da Vila Autódromo e garantir o Direito à Cidade e à moradia digna. Além de ser um instrumento de luta, tem como objetivo promover eventos no âmbito da resistência artística, utilizar essa potente arma transformadora que é a arte para difundir, propagar e levar à reflexão situações reais de opressão, através de debates, oficinas, teatro, exposições, palestras, pesquisas e outros projetos e eventos que ajudem a fomentar o pensamento crítico em relação à especulação imobiliária, as remoções como estratégias políticas e os estigmas associados a favela e seus moradores.",Sandra Maria de Souza Teixeira - Cogestora,15/12/2022,OK,-22.9740297,-43.4034019
42,Museu da Sinalização Ferroviária da Antiga Cabine nº 3 da Central do Brasil,MUSIFE,-,"Praça do Engenho Novo, S/N",Rio de Janeiro,Metropolitana I,(21) 98214-0197,bajabug2@yahoo.com.br,https://www.abpf.com.br/trens-da-abpf/#Museu_de_Sinalizao_Ferroviria_e_Maquete_de_Ferreomodelismo_8211_Rio_de_Janeiro,-,-,-,Privada,Ata,"Aberto, funcionando parcialmente",-,Gratuito,-,Sim,Histórico,Sim,atualmente nenhuma atividade exercida// ainda não possuímos acesso e atendimento a diversos públicos,"museu criado em meados da década de 1990 para salvaguardar os acervos ferroviários ligados a sinalização que se encontravam abandonados ou em péssimo estado de conservação e com nenhuma utilidade pela ferrovia da epoca e tao pouco pelas administrações seguintes. em 2002 o mesmo inicia uma configuracão mais estruturada como museu e suas demandas, devido ao auxilio do estudante em museologia António Manuel. museu criado em meados da década de 1980 com a intensão de preservar a memoria da sinalização ferroviária do estado do rio de janeiro, o museu tomou forma a partir de 2001 por intermediação de um dos sócios estar estudando museologia e aplicando os ensinamentos da graduação no museu MUSIFE",Antônio Manuel de Araújo Rafael Frio - Museólogo,15/12/2022,OK,-22.9124819,-43.2634925
43,Museu das Comunicações e Humanidades,Musehum,04.256.109/0001-45,"Rua Dois de Dezembro, 63",Rio de Janeiro,Metropolitana I,(21) 3131-3060,acervo@institutooifuturo.org.br,https://oifuturo.org.br/espacos/musehum,InstitutoOiFuturo,@oi_futuro,@Oi_Futuro,Público-Privada,Não existe documentação de criação do museu,Aberto,Quarta a Domingo - Manhã e Tarde,Gratuito,-,Sim,Ciência e Tecnologia,Sim,"A instituição possui equipe para realizar mediação de visitas com profissionais capacitados para interpretação de conteúdo em libras; o conteúdo do museu está disponível disponível para o público através do recurso de áudio descrição. Parte de nossa exposição é passível ao toque para que pessoas com deficiências visuais possam tocá-los e sentir uma maior sinergia com o conteúdo exposto. Além disto, dentro das ações do Programa Educativo, a instituição está sempre buscando montar estações educativas para ações de mediações de forma que o público diverso possa interagir de forma mais abrangente com as exposições.","""Inaugurado em  21 de janeiro de 2020, o MUSEHUM é localizado no Centro Cultural Oi Futuro, no Rio de Janeiro, e também pode ser visitado online, por meio do site do Oi Futuro. Além do tour 360º, a plataforma digital do Museu das Comunicações e Humanidades disponibiliza ao público o seu Acervo Online, com mais de 3.800 itens inéditos, entre fotografias históricas, objetos e documentos, organizados em trilhas digitais temáticas. 

 O MUSEHUM é uma evolução do Museu das Telecomunicações, em atividade há 13 anos, que teve suas instalações totalmente remodeladas em função da nova proposta conceitual e foi reaberto à visitação em janeiro de 2020.  Com um acervo total de aproximadamente 130 mil peças, o museu tem cerca de 450 itens em exposição permanente e é localizado no sexto nível do centro cultural, no bairro do Flamengo. Com entrada gratuita, o museu oferece uma experiência única a cada visita, com atrações interativas customizáveis, ambientes imersivos e novas tecnologias. 

 A instituição nasceu como Museu do Telephone, inaugurado em 1981 no prédio centenário da Rua Dois de Dezembro, onde funcionava a estação telefônica Beira-Mar, uma das principais do Rio de Janeiro nos primórdios da telefonia brasileira. Em 2007, o museu ganhou uma perspectiva mais ampla virando o Museu das Telecomunicações, passando a abordar a expansão da internet, da telefonia celular e da indústria de telecom. Agora, com o MUSEHUM, o Oi Futuro dá um passo à frente ao centrar a narrativa do museu nas relações humanas, entendendo que não basta falar de tecnologia sem tratar da troca de afetos e conhecimentos que motiva as conexões e também abordar o impacto da expansão da conectividade na sociedade. Essa nova visão motivou um reposicionamento da marca e uma restruturação física e tecnológica do espaço, para colocar o visitante no centro da experiência de visitação e contemplá-lo como parte integrante do repertório do museu.

O Musehum está localizado dentro do Centro Cultural Oi Futuro, um complexo cultural, artístico e museológico aberto ao público há 15 anos.""",Bruna Costa Queiroz da Cruz - Coordenadora,16/12/2022,OK,-22.9300680,-43.1762202
44,Unidade de Pesquisa e Documentação Fonográfica da Casa de Cultura Villa Maria,Fonoteca UENF,-,"Rua Baronesa da Lagoa Dourada, 234",Campos dos Goytacazes,Norte Fluminense,(22) 2724-4022,fonoteca@uenf.br,-,-,-,-,Estadual,Decreto,"Aberto, funcionando parcialmente",Segunda a Sexta - Manhã e Tarde,Gratuito,-,Sim,Imagem e Som,Não,,"""Inaugurada em 8 de março de 1993, como parte da Casa de Cultura Villa Maria, a Fonoteca surge como uma iniciativa de Darcy Ribeiro e de José Américo Pessanha, os idealizadores desse projeto. Inspirado pela Fonoteca do Memorial da América Latina, Darcy Ribeiro visa implantar uma Fonoteca em Campos dos Goytacazes, mas em moldes diferentes do que estava em vigor pelo país na época. Com uma proposta inovadora, seu intuito era unir lazer, estudo e pesquisa em torno da cultura musical em um único espaço.
O acervo fonográfico da Casa de Cultura Villa Maria foi constituído ao longo dos 30 anos de funcionamento da Casa de Cultura Villa Maria, constituído principalmente a partir de doações, como a de Amador Pinheiro da Silva, um dos membros fundadores do Orfeão de Santa Cecília e fundador da Rádio Cultura. Emissoras de rádio como a Rádio Atlântica e a Rádio Litoral também cederam seus respectivos acervos para a Fonoteca da Casa de Cultura Villa Maria, acreditando que o vinil já havia se tornado uma mídia defasada na década de 90 e viria a ser substituído pelo CD num futuro próximo.
Doações pessoais também compõem esse acervo fonográfico. O mesmo Darcy Ribeiro selecionou 500 fitas DAT exclusivamente de MPB para que estas fizessem parte da Fonoteca. A coleção pessoal de José Américo Pessanha também se encontra sob a guarda da Casa de Cultura Villa Maria e José Ervegisto Gomes Neto cedeu à Casa sua coleção particular de vinis, contendo dezesseis versões do Messias de Handel.""",Alexandre Silva Red - Coordenador,17/12/2022,OK,-21.7502996,-41.3325255
45,Museu de Arte Religiosa e Tradicional,MART,10.898.596/0006-57,"Largo de Santo Antônio, S/N",Cabo Frio,Baixadas Litorâneas,"(22) 98154-0088
(22)98154-0086",mart@museus.gov.br,https://museudeartereligiosaetradicional.museus.gov.br,martibram,@mart.ibram,-,Federal,-,Aberto,"Terça a Sexta - Manhã e Tarde, Sábado - Manhã",Gratuito,-,Sim,Artes Visuais,Sim,"O Mart adota a acessibilidade atitudinal, por meio da sensibilização visando a acessibilidade no diálogo, em suas visitas mediadas,  com a capacitação da equipe, e vem trabalhando para incrementar seus meios de comunicação com os públicos. ","O Mart foi criado por convênio, assinado entre o Instituto do Patrimônio Histórico e Artístico Nacional (Iphan) e o Acerbispado de Niterói,, em 1968, para assegurar a preservação das ruínas do antigo Convento de Nossa Senhora dos Anjos (datado de 1686), em Cabo Frio (RJ), monumento tombado em nível federal (1957), que sofria com a ação do tempo. Abriu ao público em 15 de dezembro de 1982 com exposições do acervo do antigo Convento, gradativamente recuperado e restaurado (com destaque para as peças dos séculos XVII, XVIII e XIX), exposições temporárias de artistas regionais e atividades educativas e culturais, muitas delas realizadas no espaço preservado da antiga Igreja Conventual. Em agosto de 2019, o acordo visando a continuidade da gestão federal do museu foi renovado, entre o Instituto Brasileiro de Museus (Ibram) e a Mitra Arquidiocesana de Niterói.",Flávia Maria Franchini Ribeiro - Técnica em Assuntos Culturais,20/12/2022,OK,-22.8794736,-42.0217677
46,Museu do Corpo de Bombeiros,-,28.176.998/0004-41,"Praça da Republica, 45",Rio de Janeiro,Metropolitana I,(21) 2333-3133,chcultural@cbmerj.rj.gov.br,https://www.cbmerj.rj.gov.br/sobre-o-cbmerj/institucional/museu,@corpodebombeiros_rj,@corpodebombeiros_rj,-,Estadual,Decreto,Aberto,Terça a Sábado - Manhã e Tarde,Gratuito,-,Sim,Histórico,Não,Acessibilidade Universal,"O centro histórico e cultural localizado no quartel central  comporta hoje, o museu, o arquivo geral e a  reserva técnica, além de ter como subordinado o GBMUS que juntos fortalecem, representam  e promovem a história e os valores institucionais dessa corporação centenária.
         Embora a preocupação em preservar a memória houvesse sido exposta em 1930, somente 47 anos depois foi criado o museu do Corpo de Bombeiros, em 02 de julho de 1977. O Museu Histórico do Corpo de Bombeiros do Estado do Rio de Janeiro, ocupou o local onde funcionava o armazém reembolsável da corporação ao lado do quartel do Méier, onde hoje funciona a Assistência Social do CBMERJ. 
Em 1994 o Museu é transferido para o Quartel Comando Geral, passando a ocupar o primeiro andar da edificação de 1908, onde funcionavam as oficinas da corporação.
              No ano de 2006 a edificação de ferro das antigas oficinas da corporação passou por uma ampla reforma e reestruturação museológica e museográfica, tendo como principal objetivo adequar o novo projeto arquitetônico e estrutural da edificação com a posição do acervo histórico do museu.
               O conjunto arquitetônico de elementos do patrimônio histórico e cultural que compreende o quartel do Comando Geral esta incluído  como lugar de memória e de preservação desta briosa corporação servindo  para promover  a valorização e desenvolvimento da cultura e da imagem histórica do bombeiro militar do estado do Rio de Janeiro.
""",Rafael Pessanha Gois - Capitão Bombeiro Militar,22/12/2022,OK,-22.9093079,-43.1871609
47,Museu Martinho da Vila,-,-,"Praça Governador Portela, 07",Duas Barras,Serrana,(22) 2534-1212 R. 202,turismo@duasbarras.rj.gov.br,http://www.duasbarras.rj.gov.br,@museumartinhodavila,@museumartinhodavila,-,Municipal,Não existe documentação de criação do museu,Aberto,Segunda a Domingo - Manhã e Tarde,Gratuito,-,Sim,Histórico,Não,"O museu se encontra no andar térreo, de fácil acessibilidade. Temos um profissional, Servidor da Prefeitura apto a receber os turistas.","""O Museu Martinho da Vila foi inaugurado em 07 de Maio de 1994, pelo então Secretário de Cultura e Turismo, Professor Edson Felipe Machado (já falecido). O Museu traz um acervo de Troféus, Discos de Ouro, Vestimentas, Livros e Fotos que remontam os quase 50 anos de carreira do Bibarrense Martinho da Vila. 
Muitos pensam que Martinho é nascido no Rio de Janeiro, em Vila Isabel. Não é verdade! Martinho José Ferreira, seu nome de Batismo, nasceu no interior do Estado do Rio de Janeiro, em 12 de Fevereiro de 1938. Foi para a Capital muito novo para tentar o sucesso na música e se tornou esse grande nome da música e do samba, conhecido internacionalmente.""",Flávio Falcão - Assessor,22/12/2022,OK,-22.0516212,-42.5208564
48,Museu de Folclore Edison Carneiro,MFEC/CNFCP,26.474.056/0031-97,"Rua do Catete, 179",Rio de Janeiro,Metropolitana I,(21) 3826-4325,museu.folclore@iphan.gov.br,ttps://www.gov.br/iphan/pt-br/unidades-especiais/centro-nacional-de-folclore-e-cultura-popular,CNFCP,museudefolclore.cnfcp,-,Federal,Ata,"Aberto, funcionando parcialmente","Terça a Sexta - Manhã e Tarde, Sábado e Domingo - Manhã",Gratuito,-,Sim,Antropologia e Etnografia,Sim,"Piso tátil; elevadores, plataforma para cadeirantes; rampas; banheiros adaptados para pessoas com deficiência. Em fase de implementação: equipamentos para audio descrição da exposição de longa duração.","""O Museu de Folclore Edison Carneiro foi criado por meio de Convênio assinado entre a Campanha de Defesa do Folclore Brasileiro (DAC/ MEC) e o Museu Histórico Nacional, em 23 de agosto de 1968, protocolado sob o n°4.051/68. recebeu o “de acordo” do Ministro da Educação em 31 de janeiro de 1969. Sua denominação, em homenagem ao folclorista Edison Carneiro, foi determinada pela Lei n° 6553 de 13/07/1976.
Funcionou em dependências do Museu da República, só tendo sua primeira exposição inaugurada em 1974, no térreo do prédio da Rua do Catete 179, oferecido pelo Departamento de Assuntos Culturais – DAC do Ministério da Educação e Cultura à Campanha de Defesa do Folclore Brasileiro. Essa exposição permaneceu durante um ano em função das obras do metrô no bairro do Catete, que afetaram a estrutura do prédio. O Museu, não tendo sede própria, promovia exposições itinerantes em escolas, museus, galerias, etc.
Em 1979, a CDFB tem seu status elevado à condição de Instituto Nacional do Folclore, integrado à Fundação Nacional de Arte (Funarte), e o Departamento de Assuntos Culturais do MEC cede então o prédio da antiga garagem do Palácio do Catete para a instalação do Museu de Folclore Edison Carneiro. Em 1980 foi inaugurada a exposição permanente com a seguinte estrutura: Lúdica Infantil, Medicina Popular, Danças e Folguedos, Literatura de Cordel, Instrumentos Musicais e Artesanato, que traduzia a visão e o conceito de folclore à época.
O ano de 1982 foi marcado pela mudança de direção do então INF, com a posse da antropóloga Lélia Coelho Frota, que imprimiu mudanças no plano conceitual, numa tentativa de retomar o diálogo com a produção acadêmica por meio de parcerias com universidades e centros de pesquisa do país. O Instituto incorporou novos profissionais das ciências humanas, e empreendeu novos projetos, de modo a abordar folclore e cultura popular entendidos como um mesmo campo de estudos na perspectiva da antropologia. Implementou-se um grande projeto de exposição permanente, com a aquisição do prédio da Rua do Catete, 181. Inaugurada em 1984, a linha conceitual daquela exposição focalizava o homem brasileiro produtor de cultura, relacionado aos aspectos da vida em sociedade. 
Em 1985 é criada a Galeria Mestre Vitalino de mostras temporárias, com a exposição Mestre Vitalino – um Espaço da Arte Popular.
Em 1990, com a extinção da Funarte, o Instituto passou a denominar-se Coordenação. Em 1997 a Coordenação foi transformada em Centro Nacional de Folclore e Cultura ainda no âmbito da Funarte, e em 2003 foi transferido para âmbito do Instituto do Patrimônio Histórico e Artístico Nacional (IPHAN), ficando vinculado ao Departamento de Patrimônio Imaterial.  
O Museu de Folclore compõe, com as Divisões de Pesquisa, Difusão Cultural e Biblioteca Amadeu Amaral, os setores técnicos do CNFCP, não tendo, como os demais, autonomia administrativa. É responsável pela guarda e gestão do acervo museológico, composto por 17265 (dezessete mil duzentos e sessenta e cinco) objetos. Inaugurou em novembro de 2016 nova exposição de longa duração, denominada """"Os Objetos e suas narrativas"""", abordando, por meio da coleção, o museu como palco de múltiplos olhares e narrativas sobre as expressões dos saberes e fazeres do povo brasileiro.""",Elizabeth Bittencourt Paiva Pougy - Chefe MFEC,22/12/2022,OK,-22.9265779,-43.1763402
49,Casa da Memória Arthur Dalmasso,-,-,"Praça Baltasar da Silveira, 91",Teresópolis,Serrana,(21) 2742-2910,sph.tere@gmail.com,-,cmadtere,@cmadtere,-,Municipal,Decreto,Aberto,Terça a Domingo - Manhã e Tarde,Gratuito,-,Não,Histórico,Não,,"""Na década de 1920, ergueu-se um belíssimo casarão com mistura de vários estilos arquitetônicos como o normando, neoclássico e art-noveau, contanto ainda com belos ladrilhos portugueses, metais e vidros franceses. Construída como um presente do prefeito interino, Sr. José Lino de Oliveira Leite, a sua esposa Cecília da Silva Leite, o local foi batizado de Villa Cecília tendo sua construção concluída em 1924. 
Com a morte de Cecília, o local cedeu lugar a diversas ocupações: Ginásio Escolar Teresópolis tendo suas escadarias como palco da primeira apresentação do Hino a Teresópolis, composto por Renato Ferro em 1941, e cantado pelos alunos do Ginásio; Hotel Atlântica e Hotel Savoy; ateliê na garagem Savoy do pintor Fernando Martins; CENTEL, oficina de consertos de eletrônicos e a Biblioteca Municipal Antônio Paulo Capanema de Souza, sofrendo neste período uma pequena obra.
Em 1987 foi desapropriada através do decreto 1.050 de 20 de janeiro daquele ano, pela Prefeitura Municipal. No ano seguinte, o INEPAC (Instituto Estadual do Patrimônio Cultural) concluiu o processo de tombamento do imóvel.
No ano de 2008 foram realizadas obras de restauração por exigência do INEPAC, com a conclusão no ano seguinte. Em 6 de julho de 2009, foi inaugurada a Casa da Memória Arthur Dalmasso. 

Na Casa da Memória funciona também o Serviço de Patrimônio Histórico, Artístico e Cultural do munícipio, que possui em seu acervo inúmeras fotos de época, livros históricos, objetos antigos, quadros, moedas e itens diversificados que ajudam a contar a história de nossa cidade. """,Rafael Corrêa da Silva - Diretor,22/12/2022,OK,-22.2978038,-42.8646411
50,Museu de Arqueologia de Itaipu,-,10.898.596/0017-00,"Praça de Itaipu, S/N",Niterói,Metropolitana III,(61) 3521-4365,mai@museus.gov.br,https://museudearqueologiadeitaipu.museus.gov.br,Museu-de-Arqueologia-de-Itaipu,@museudearqueologiadeitaipu,-,Federal,Lei,Aberto,Terça a Sexta - Manhã e Tarde,Gratuito,-,Sim,Arqueologia,Não,"O Museu possui apenas uma rampa de acesso na entrada, em seu interior não há adequações físicas para acessibilidade. ","""O Museu de Arqueologia de Itaipu (MAI) foi criado em 1977 a partir dos sítios arqueológicos de Duna Grande e Duna Pequena, encontrados na região, com peças de até 7 mil anos a.c. Está instalado nas ruínas do antigo Recolhimento de Santa Teresa, do início do século XVIII, um local alternativo para abrigar mulheres que não podiam ir aos conventos porque, na época, o casamento era incentivado como forma de povoar o país.
Ali ficavam mulheres que pretendiam seguir a vida religiosa, órfãs, prostitutas, as que haviam engravidado antes do casamento, viúvas e aquelas que eram instaladas quando seus pais ou maridos saíam em viagem. As ruínas do recolhimento foram tombadas pelo IPHAN em 1955.""",Flávio Silveira Almeida - Diretor Substituto,23/12/2022,OK,-22.9713622,-43.0451482
51,Museu Ferroviário de Valença,-,26.397.680/0001-12,"Praça Paulo de Frontin, 137",Valença,Médio Paraíba,(24) 99201-7780,uvafermemoria@gmail.com,-,-,-,-,Privada,-,Em implantação,Terça a Domingo - Manhã e Tarde,Gratuito,-,Sim,Outros,Não,Acessibilidade limitada por escada,O Museu esta sendo implantado para resgatar a história Ferroviária de Valença que sediou a EFCB/RFFSA por um século.,Miguel Augusto Pellegrini - Diretor,23/12/2022,OK,-22.2474270,-43.7073408
52,Museu do Graffiti,MUG,15.145.301/0001-80,"Avenida Pastor Martin Luther King Júnior, 12528",Rio de Janeiro,Metropolitana I,(21) 3835-1044,museudograffiti@hotmail.com,-,museudograffiti,-,-,Privada,Lei,Aberto,Segunda a Sábado - Manhã e Tarde,Gratuito,-,Sim,Artes Visuais,Não,Temos um pouco de dificuldade de acessibilidade mais atendemos um público diverso no museu.,"""O Museu do Graffiti é hoje um patrimônio reconhecido pelo INEPAC e SECRETARIA DE CULTURA E ECONOMIA CRIATIVA DO ESTADO DO RIO DE JANEIRO e é uma instituição privada sem fins lucrativos com a missão de registrar acervos e todo conteúdo artístico produzido a que se refira a Arte Urbana e seus derivados segmentos como o Funk ,Hip Hop, Break ,Mc´s e DJ´s em âmbito nacional e internacional de forma que possa valorizar e da visibilidade a lugares que enfatizam o Graffiti potencializando seus respectivos artistas. Foi criado por um ex-pichador que virou conselheiro de cultura do Município do Rio de Janeiro. Hoje, o espaço reúne exposição de telas, livros, fotografias e até um dicionário da pichação. Instituição se mantêm por iniciativas como reciclagem e oferece cursos abertos à população do local. 

O espaço fica próximo à Avenida Pastor Martin Luther King Jr., entre a estação Rubens Paiva do Metrô e o morro da Pedreira, na Pavuna, Zona Norte do Rio. O prédio, com aspecto de abandonado, abriga um dos centros culturais mais importantes da região: o Museu do Graffiti. Criado em 2011 pelo ex-pichador André Rongo, o espaço reúne exposições de artistas locais, livros, revistas, gravuras, fotografias e até um dicionário que desvenda os segredos da pichação. “A vontade veio desde menino, quando achava que a coisa mais emocionante do mundo era subir nas alturas e deixar o nome lá”, resume Rongo, que foi Conselheiro de Cultura do Rio durante a gestão do prefeito Eduardo Paes. """,Carlos André do Nascimento - Presidente,26/12/2022,OK,-22.8749176,-43.2801316
53,Museu Histórico da Cidade do Rio de Janeiro,MHCRJ,-,"Estrada de Santa Marinha, S/N",Rio de Janeiro,Metropolitana I,(21) 3443-6341,mhc.administrativo@museudacidade.rio,http://museudacidadedorio.com.br,mhc.rio,@mhc.rio,-,Municipal,Decreto,Aberto,Quinta a Domingo - Manhã e Tarde,Gratuito,-,Não,Histórico,Sim,Equipamentos: rampas e elevadores em todos os prédios do Museu; vídeos com legenda em português e em libras. Acessibilidade atitudinal: treinamento da equipe.,"""O Museu Histórico da Cidade do Rio de Janeiro foi criado em 1934 pelo Decreto nº 4.989, na administração do prefeito Pedro Ernesto.

Sua primeira sede foi o Palácio da Prefeitura, na Praça da República. Em 1941, foi transferido para o Parque da Cidade. Dois anos depois, mudou-se novamente, desta vez para uma escola na Praça Cardeal Arcoverde, em Copacabana. O museu só retornou ao Parque em 1948.

Por meio de um convênio com o Governo do Estado, em 1994, a Prefeitura da Cidade do Rio de Janeiro passou a administrar o museu. 

Após um período fechado para obras de restauração iniciadas na década de 2010, o MHCRJ abriu ao público, em 2016, a Capela e o Pavilhão de Exposições Temporárias; e, em 2021, o prédio que abriga a exposição de longa duração. 

Ao longo da sua história, o MHC realizou exposições, pesquisas e uma ativa programação educativa e cultural.""",Ana Clara Marques Lins - Museóloga,26/12/2022,OK,-22.9110137,-43.2093727
54,Museu Nacional de Belas Artes,MNBA,10.898.596/0021-96,"Avenida Rio Branco, 199",Rio de Janeiro,Metropolitana I,(21) 3521-4468,mnba@museus.gov.br,https://mnba.museus.gov.br,MNBARio,@mnbario,-,Federal,Lei,Desativado Temporariamente,-,R$ 1 a 10,-,Sim,Artes Visuais,Sim,Elevadores e rampas de entrada,"Situado no centro histórico do Rio, em edifício de arquitetura eclética, projetado em 1908 pelo arquiteto Adolfo Morales de Los Rios, o Museu Nacional de Belas Artes/Ibram foi construído durante as modernizações urbanísticas realizadas pelo então prefeito Pereira Passos. Criado oficialmente em 1937 por decreto do presidente Getúlio Vargas, o MNBA é um dos mais importantes museus de arte do país. Reúne um acervo de 100 mil itens entre pinturas, desenhos, gravuras, esculturas, fotografias, objetos, documentos e livros. ",Nelson Moreira Junior - Assessor de Imprensa,27/12/2022,OK,-22.9087283,-43.1759510
55,Centro Cultural da Região de Bangu - Museu de Bangu,-,00.722.529/0001-91,"Rua Silva Cardoso, 349 A",Rio de Janeiro,Metropolitana I,(21) 3331-0025,museudebangu@gmail.com,https://bangu.org.br,museudebangu,@museudebangu,-,Privada,Estatuto Social,"Aberto, funcionando parcialmente",-,Gratuito,-,Sim,Histórico,Não,ACESSIBILIDADE NORMAL,"O GRÊMIO LITERÁRIO JOSÉ MAURO DE VASCONCELOS, FUNDADO EM 24 DE MAIO DE 1994. COM 28 ANOS DE EXISTÊNCIA, PRESERVA A HISTÓRIA DO BAIRRO, PROMOVENDO EVENTOS CULTURAIS: CONCURSOS DE CRÔNICAS E POESIAS, EXPOSIÇÕES TEMÁTICAS, GINCANAS DE PINTURAS, FEIRAS DE LIVROS, CONCURSOS DE FOTOGRAFIAS, LANÇAMENTOS DE LIVROS ETC...",Benevenuto Rovere Neto - Presidente,27/12/2022,OK,-22.8787560,-43.4635020
56,Museu Almirante Negro,-,30.576.562/00001-49,"Rua Bento Lisboa, 227, lote 17, quadra 08, fundos",São João de Meriti,Metropolitana II,(21) 99192-4786,aammjoaocandido@gmail.com,https://www.aammjc.com.br/@,-,-,-,Privada,Estatuto Social,"Aberto, funcionando parcialmente",Terça a Sábado - Manhã e Tarde,Gratuito,-,Sim,Artes Visuais,Não,Acessibilidade universal,"""O Museu Almirante Negro, está sendo um museu itinerante, criado pela Associação dos Amigos do Museu Marinheiro João Cândido, para divulgação da história humanitária do líder da Revolta da Chibata que residiu em São João de Meriti de 1930 a1969.
Já conseguimos seu reconhecimento como herói municipal e estadual, mas pretendemos torná-lo Herói Nacional.""",Zilmar da Costa Duarte - Diretora Presidente,28/12/2022,OK,-22.7853575,-43.3667150
57,Museu Carmen Miranda,-,-,"Avenida Rui Barbosa, S/N, Flamengo",Rio de Janeiro,Metropolitana I,(21) 2334-4293,museucarmenmiranda@funarj.rj.gov.br,http://www.funarj.rj.gov.br,museucarmenmiranda,@museucarmenmiranda,-,Estadual,Decreto,Desativado Temporariamente,Segunda a Sexta - Manhã e Tarde; Sábado e Domingo - Tarde,Gratuito,-,Não,Histórico,Sim,"Acesso a cadeirantes com calçamento ao redor do prédio, rampa de acesso e banheiro PNE.","Após o falecimento de Carmen em 5 de agosto de 1955 o musseu foi criado por Decreto 866 do então Distrito federal, Rio de Janeiro.um ano depois. Instalado num prédio projetado pelo arquiteto Affonso Eduardo Reidy, baseado nos princípios modernistas de Le Corbusier, no Parque do Flamengo, foi inaugurado em 05 de agosto de 1976, após obras de adaptação para museu pelo arquiteto Ulisses Burlamaqui, que trabalhou com Reidy no projeto anterior. Criado em 1955 através do Decreto 866 do Rio de Janeiro, então Distrito Federal, foi Instalado num prédio projetado pelo arquiteto Affonso Eduardo Reidy, baseado nos princípios modernistas de Le Corbusier, no Parque do Flamengo, foi inaugurado em 05 de agosto de 1976, após obras de adaptação para museu pelo arquiteto Ulisses Burlamaqui, que trabalhou com Reidy no projeto anterior.  O Pavilhão onde está instalado o museu tem planta circular, com 22 metros de diâmetro e jardim interno. ",César Soares Balbi - Diretor,03/01/2023,OK,-22.9386324,-43.1734157
58,Museu de Arte do Rio,MAR,06.262.080/0001-30,"Praça Mauá, 5",Rio de Janeiro,Metropolitana I,(21) 3031-2741,comunicacao@museudeartedorio.org.br,http://museudeartedorio.org.br,museudeartedorio,@museudeartedorio,-,Municipal,Decreto,Aberto,Quinta a Domingo - Manhã e Tarde,R$ 10 a 20,-,Sim,Artes Visuais,Sim,Sim,"Inaugurado em 1° de março de 2013, o Museu de Arte do Rio-MAR, promove uma leitura transversal da história da cidade, seu tecido social, sua vida simbólica,  conflitos, contradições, desafios e expectativas sociais. Com mais de 32 mil obras em seu acervo, suas exposições unem dimensões historicas e contemporâneas da arte. Iniciativa da Prefeitura em parceria com a Fundação Roberto Marinho, o museu ocupa dois prédios históricos no Centro do Rio. Espaço proativo de apoio à educação e à cultura, o museu já nasceu com a Escola do Olhar, que desenvolve programas educativos a partir do programa curatorial que norteia a instituição.  O MAR é gerido desde 2021 pela Organização dos Estados Ibero-americanos (OEI).",Andréa Maria Zabrieszach Afonso dos Santos - Gerente Museologia,03/01/2023,OK,-22.8964635,-43.1810211
59,Museu da Pesca Tradicional,-,-,"Rua Eptácio Pessoa, S/N, Praia Grande",Arraial do Cabo,Baixadas Litorâneas,(22) 98102-9661,umpotlatch@yahaoo.com,-,-,-,-,Privada,Não existe documentação de criação do museu,"Aberto, funcionando parcialmente",-,Gratuito,-,Sim,Outros,Não,Na ampliação da proposta arquitetônica haverá instalações e mobiliários de Acessibilidade Universal.,"""O Museu da Pesca Tradicional/Sala Expositiva Mestre Chonca é um museu social, comunitário e coletivo, da sociedade civil organizada, sem fins lucrativos, em estreita relação com as redes do “Circuito dos mestres sabedores da cultura popular” de Arraial do Cabo e àqueles ainda a serem criados na Região dos Lagos, entre outras localidades, como movimento de resistência, defesa e salvaguarda do patrimônio cultural e natural e dos bens materiais e imateriais da cultura local e regional. O Museu da Pesca Tradicional/Sala Expositiva Mestre Chonca é o local de centralização, produção e difusão das ações educativas em pesquisa social e em ciência da natureza articuladas entre os membros do “Circuito dos mestres sabedores da cultura popular”. Enquanto “pequenos museus/salas expositivas” estes visam a autonomia, a singularidade e a interação em redes de indivíduos e grupos sociais tradicionais (redes físicas e virtuais) descentralizadas nos bairros e nas beiras de praias de Arraial do Cabo e nas áreas, bairros e lugares de sabedorias no entorno da restinga da Região dos Lagos, como parte da sociedade civil organizada, em resistências, com apoios das instituições ligadas à Semana Fluminense do Patrimônio além de pesquisadores, professores e estudantes do Instituto de Pesquisa do Jardim Botânico do Rio de Janeiro e do Instituto Federal do Rio de Janeiro (IFRJ) na defesa, salvaguarda e transmissão dos saberes-fazeres, conhecimentos, sabedorias e epistemologias em diálogos horizontais entre os saberes da ciência moderna e os das ciências dos saberes tradicionais. 
Em retrospectiva, o marco de todas essas articulações expostas acima começou com a defesa do “estaleiro do Mestre Chonca” e do território do “porto das canoas” da Praia Grande. Inicia-se, em 2010, no momento em que a prefeitura local realizava obras na orla da Praia Grande ao criar embaraços, constrangimentos e transtornos operacionais na área do “estaleiro naval do Mestre Chonca”, no “Portos das Canoas” e no local de encontro dos antigos pescadores e moradores designado como Banco do pau dos velhos ou Banco do pau mole. Neste período a coordenação do Museu formulou os argumentos para que o Mestre Chonca recebesse o prêmio do edital “Mestres e Grupos das Culturas Populares”, da Secretaria do Estado da Cultura do Rio de Janeiro (chamada pública nº 027/2010), por ele transmitir, informalmente, seu saber-fazer das reformas de canoas de boçarda para pescadores e moradores. Somente em 2015 a Prefeitura fez as obras de alvenaria do paiol do Chonca, com duas salas e banheiro. Uma das salas, em 21 de setembro de 2016, foi transformada no pequeno museu denominado de “Museu Escola Naval/Sala Expositiva Mestre Chonca”. Entre 2015-2016 a coordenação do Museu fez o registro, com documentação audiovisual, desde o alicerce até a constituição do prédio de alvenaria e a concepção, montagem e idealização do acervo e da vitrine do “Museu/Sala Expositiva Mestre Chonca”. 
Localizado na Praia Grande, este museu busca reformar as grandes canoas de boçarda (ou “bordada” ou de um “tronco só”) ao trabalhar com a transmissão do saber-fazer das oficinas de reformas de canoas de arrasto de beira de praia e nas oficinas de miniatura de embarcações, ao contribuir para a salvaguarda da pesca tradicional e territórios dos “Portos das Canoas” das praias de Arraial do Cabo (RJ). O acervo da “Sala Expositiva” do museu é composto por ferramentas manuais de carpintaria naval e por miniaturas artesanais de canoas de boçarda – gentilmente, emprestadas e/ou doadas – feitas por diversos artesãos e moradores da cidade, inclusive, pelos próprios alunos das oficinas de miniaturas de canoas, ministradas pelo mestre “Chonca”, entre outras ações. O acervo ainda conta com amostras de madeiras e fragmentos vegetais (madeiras centenárias e/ou milenar da Mata Atlântica que se transformaram em canoas monóxilas) e que se constituem em um testemunho do conhecimento tradicional relacionado à matéria prima usada na construção e/ou reparo de canoas artesanais.
A proposta atual de pesquisa e de trabalho na salvaguarda dos saberes tradicionais busca estabelecer metas para a ampliação arquitetônica com recursos humanos, financeiros e conceituais junto à sociedade civil e aos diversos entes públicos da federação, além da criação, concomitante, do estatuto e do conselho curador, que, no futuro próximo, serão representados por pescadores tradicionais, moradores e pesquisadores e por instituições de ensino, pesquisa e de extensão cultural. Os espaços internos e externos do “Museu/Sala Expositiva Mestre Chonca”, após ampliação, serão adaptados, qualificados e usados para a constituição de “acervo vivo” a partir das metodologias das histórias de vida e oral aonde se procurará trabalhar a transmissão dos saberes-fazeres com a geração do trabalho e renda. Seja através das reformas de canoas de boçarda ou na confecção e nas oficinas de miniaturas de canoas, entre outros artesanatos de madeiras, e, mesmo, na visitação cultural, educativa e turística. 
No seu pequeno espaço, tem-se uma exposição significativa composta por imagens e textos. Antes da pandemia recebia, periodicamente, estudantes e professores do IFRJ e pesquisadores de várias instituições para as “rodas de conversas” sobre a natureza profunda associada à pesca tradicional e às áreas das restingas, costeiras e marinhas. De meados de 2019 a fevereiro de 2020, antes da crise sanitária, buscou-se estruturar os trajetos dos roteiros em TBC – Turismo de Base Comunitária. Houve visitas experimentais em pequenos grupos ao “Museu/Sala Expositiva Mestre Chonca”, nos paióis dos pescadores tradicionais da Praia do Pontal e nos “pequenos museus/salas expositivas” do “Circuito”. As estratégias destas visitas eram de serem complementadas - de forma opcional - através das diversas oficinas tradicionais e nas vendas de artesanatos. Além de gerar trabalho e renda através do TBC - Turismo de Base Comunitária e/ou na transmissão das oficinas dos “saberes-fazeres” tradicionais para públicos específicos e amplos ao compartilhar experiências, vivências, sabedorias e conhecimentos entre estudantes, pesquisadores, moradores, visitantes e turistas a partir da economia criativa e solidária. 
No início de dezembro de 2019, no IFRJ, coletivamente, foram abertos os debates para a ampliação arquitetônica do “Museu/Sala Expositiva Mestre Chonca” em cima do documento que escrevi “O Museu que queremos” juntos aos pescadores, professores e moradores locais. A crise sanitária e econômica alterou os rumos da obra do museu que se iniciaria no ano de 2020. Até o presente momento não houve ampliação dos espaços do museu - conforme proposta e memorial descritivo que eu concebi -, com projeto arquitetônico, com custos e orçamentos definido pela Secretaria de Obras da gestão passada de Arraial do Cabo (Processo no.1020/18, de fevereiro de 2018). Até o início do ano de 2020 havia o site do museu, e, em abril de 2020, perdeu-se o mesmo por não termos recursos em atualizá-los. As chuvas deste último verão (no ano de 2019) comprometeu a estrutura física do pequeno prédio. E, por estar fechado, desde a pandemia, estabelecida em março de 2020, as paredes, as fotografias e as miniaturas das canoas vem sendo comprometidas e se perdendo devido às intemperes e as ações de pragas. 
Possivelmente, após pandemia, as ações serão realizadas, inclusive, através do TBC – Turismo de base comunitária, entre outras, que se façam necessárias para a busca de autonomia, sustentabilidade e manutenção do “Museu/Sala Expositiva Mestre Chonca” com a produção audiovisual, documental e na transmissão das memórias sociais e coletivas das práticas tradicionais da pesca da cidade. O foco – ao terminar a crise sanitária –, é de reiniciar as agendas interrompidas com estudantes e professores locais e, provavelmente, com as escolas da Região dos Lagos além das atividades de visitação com guiamentos pedagógicos, culturais e turísticos para o público amplo de moradores, visitantes e turistas. """,Paulo Sérgio Barreto - Coordenador,04/01/2023,OK,-22.9307280,-42.1878531
60,Museu Penitenciário do Estado do Rio de Janeiro,-,-,"Rua Frei Caneca, 401",Rio de Janeiro,Metropolitana I,(21) 2332-7472,musepenitenciariorj@gmail.com,https://museupenitenciario.wixsite.com/riodejaneiro,museupenitenciariorj,@museupenitenciariorj,@museuPenitRJ,Estadual,Estatuto Social,Aberto,Segunda a Sexta - Manhã e Tarde,Gratuito,-,Não,Artes Visuais,Não,"Infelizmente, ainda não dispomos de um sistema de acessibilidade para cadeirantes e portadores de deficiência auditiva e/ou visual.","""O MPERJ foi inaugurado em 31/01/2017 em nova sede. O local é marcado historicamete por abrigar o complexo penitenciário da Frei Caneca.
Nossa missão é recolher, abrigar, conservar, preservar e expor o patrimônio histórico, artistico e de apreensões do Sistema Prisional do Estado do rio de Janeiro.  """,Celso José Pereira da Silva - Inspetor de Polícia,05/01/2023,OK,-22.9128998,-43.1955229
61,Museu Judaico do Rio de Janeiro,-,31245608000100,"Rua México, 90, sala 110, Centro",Rio de Janeiro,Metropolitana I,(21) 2240-1598,museu@museujudaico.org.br,http://www.museujudaico.org.br,museu.judaico,-,-,Privada,Estatuto Social,Aberto,Segunda a Sexta - Manhã e Tarde,R$ 1 a 10,-,Sim,Histórico,Não,,"O Museu Judaico do Rio de Janeiro, fundado em 1977, com a doação de uma menorá (candelabro de sete braços, um dos principais símbolos do judaísmo), é um centro cultural dinâmico, integrado à vida da cidade com atividades estruturadas em torno do binômio preservação da memória/dinamização da cultura judaica. Mantém exibições permanentes sobre a história da comunidade judaica no Rio e as tradições do judaísmo em todos os seus aspectos -- religioso, cultural e histórico -- e realiza exposições, em sua sede e em outras instituições, além de promover pesquisas acadêmicas sobre imigração e concursos anuais para estudantes. Tem ainda um Núcleo de Estudos, com pesquisas sobre imigração e Holocausto, além de biblioteca temática e uma videoteca.",Fábio Bocco - Historiador,06/01/2023,OK,-22.9110137,-43.2093727
62,Museu dos Conhecimentos Gerais,-,-,"Rua Dezoito, 98, fundos, Jaconé",Saquarema,Baixadas Litorâneas,(22) 99215-6677,mcgjacone@yahoo.com.br,-,-,-,-,Privada,Não existe documentação de criação do museu,"Aberto, funcionando parcialmente",-,Gratuito,-,Não,Patrimônio Científico e Histórico Natural,Não,,"Museu Particular voltado para grupos escolares, criado com recursos próprios pelo Biólogo Carlos Alexandre com objetivo de receber escolas dos municípios da Baixada Litorânea ",Carlos Alexandre - Direto Presidente,07/01/2023,OK,-22.8711796,-42.5249867
63,Ecomuseu Ilha Grande,ECOMIG,-,"Rua Amapá, S/N, Vila Dois Rios",Angra dos Reis,Costa Verde,(21) 2334-1047,ecomuseu@uerj.br,http://www.ecomuseuilhagrande.uerj.br,ecomuseuilhagrande,@ecomuseuilhagrande,-,Estadual,Resolução,Aberto,Terça a Domingo - Manhã e Tarde,Gratuito,-,Sim,Histórico,Sim,"No momento, não temos Acessibilidade Universal.","O Ecomuseu Ilha Grande é uma unidade da Sub-Reitoria de Extensão e Cultura da Universidade do Estado do Rio de Janeiro – UERJ, voltada às atividades de preservação, pesquisa e divulgação do meio ambiente, história e vida sociocultural da ilha. Ele é composto por quatro núcleos: Museu do Cárcere, Museu do Meio Ambiente, Parque Botânico e Centro Multimídia.",Cynthia Caroline Espírito Santo Cavalcante - Coordenadora,09/01/2023,OK,-23.1555405,-44.2344809
64,Galeria de Arte La Salle,-,-,"Rua Gastão Gonçalves, 79",NIterói,Metropolitana III,(21) 2199-6629,cultura.uni@asalle.org.br,http://galeria2.unilasalle.org,unilasallerj,@unilasallerj,-,Privada,Portaria,Aberto,"Segunda a Sexta - Manhã, Tarde e Noite",Gratuito,-,Sim,Artes Visuais,Não,"A instituição possui rampas, piso tátil e banheiros adaptados","""Criada em 2007, a Galeria de Arte La Salle ocupa um espaço acadêmico mas é aberta a todos. Seu objetivo é promover atividades que permitam que alunos, professores, funcionários e visitantes reflitam sobre diversidade cultural e arte contemporânea.
O caminho cultural dentro do centro universitário aproxima o sujeito-leitor de obras durante as idas e vindas cotidianas. Na fixação do olhar de cada admirador, o objetivo cumprido: a criatividade se torna fonte e forma de ampliar a produção acadêmica/social.
""",Angelina Accetta Rojas - Coordenadora,10/01/2023,OK,-22.8967903,-43.1066649
65,Museu Ciência e Vida,-,35.854.884/0001-26,"Rua Aílton da Costa, S/N, Jardim Vinte de Cinco de Agosto",Duque de Caxias,Metropolitana II,(21) 2334-1567,contato@mcv.cecierj.edu.br,http://cecierj.edu.br,museucienciaevida,@museucienciaevida,-,Estadual,Decreto,Aberto,Terça a Sexta - Manhã e Tarde,Gratuito,-,Não,Ciência e Tecnologia,Não,"O museu possui rampa, elevadores e banheiros com acessibilidade","""O Museu Ciência e Vida é um espaço científico-cultural, criado em julho de 2010.  Localizado no município de Duque de Caxias, é um dos resultados de uma política pública voltada para as necessidades da Baixada Fluminense. Como museu de ciências se apropria da divulgação científica e comunicação pública da ciência para desenvolver a sua missão comprometida com a mudança social.
Talhado para ocupar o vácuo existente e a enorme falta de equipamentos culturais na região, o museu vem se estabelecendo como espaço não formal de educação, e em pouco tempo, já é referência de lazer científico e entretenimento na Baixada Fluminense. Ao longo de seus 12 anos de funcionamento sua visitação média foi de mais de 400.000 visitantes. 
O museu tem como missão estimular de forma interativa, dinâmica e lúdica a curiosidade pelo conhecimento científico, atuando como um espaço de divulgação e popularização da Ciência e apoio ao professor. Para alcançar a sua missão, o espaço oferece uma variedade de atividades com mediação humana como exposições, oficinas diversas para variados públicos, palestras, rodas de conversa, atividades de ciência e  arte e sessões de planetário. 
""",Regia Beatriz Santos de Almeida - Vice-Presidente,12/01/2023,OK,-22.6429163,-43.3021266
66,Museu e Casa de Cultura José de Dome - Charitas,-,-,"Avenida Assunção, 855, Centro",Cabo Frio,Baixadas Litorâneas,(22) 3199-9019,casadeculturajosededome@cabofrio.rj.gov.br,-,-,@cabofriocultura,-,Municipal,Lei,Aberto,Segunda a Sexta - Manhã e Tarde; Sábado - Tarde e Noite,Gratuito,-,Sim,Artes Visuais,Não,Existe uma entrada alternativa adaptada para PCD e o mobiliário organizado de maneira /á facilitar a circulação dos visitantes e acompanhantes. Estamos estudando a implementação de ações para público PCD como textos transcritos em braile e uma sala multimídia.,"""Mais importante centro cultural da cidade, o prédio onde hoje funciona a Casa de Cultura Jose de Dome, conhecida como Casa Charitas, já foi orfanato, abrigo e sede da Secretaria Municipal de Cultura. Tombada em 1979 pelo INEPAC, a  casa secular conta com exposições permanentes de obras de quatro expoentes da arte que faz referência a Cabo Frio: o poeta e escritor Victorino Carriço; o fotógrafo e arquivista Wolney Teixeira; o pintor francês Jean Guilhaume e o pintor José de Dome, que viveu muitos anos na cidade e dá nome ao Museu.

A edificação de estilo necolássico é do século XVIII e passou por  três reformas. Do século XIX é a fachada principal com a inscrição da palavra caridade no friso, em latim: Charitas. No século XX, acrescentaram-se anexos ao espaço. O pátio dos fundos da Casa Charitas guarda um tesouro histórico da cidade: o Pelourinho, de 1660, com uma coluna de pedra onde eram afixados os editais da Câmara e expostos os criminosos à espera do castigo.

Atualmente o Charitas conta com uma programação ampliada e democrática, recebendo desde atrações de expresssões das artes clássicas, como a série Jovens Pianistas, às artes contemporâneas, como Slam de Poesia, Baile Charme e Batalha de Rap.""",Thais Barreto Mureb - Diretora Geral,16/01/2023,OK,-22.8787075,-42.0167482
67,Museu Nacional/UFRJ,MN,33.663.683/0029-17,"Parque Quinta da Boa Vista, S/N",Rio de Janeiro,Metropolitana I,-,museu@mn.ufrj.br,http://www.museunacional.ufrj.br,MuseuNacionalUFRJ,@museunacional1818,@MuseuNacional,Federal,Decreto,"Aberto, funcionando parcialmente",Terça a Domingo - Manhã e Tarde,Gratuito,-,Sim,Patrimônio Científico e Histórico Natural,Sim,,"""O Museu Nacional/UFRJ tem por missão: """"Descobrir e interpretar fenômenos do mundo natural e as culturas humanas, difundindo o seu conhecimento com base na realização de pesquisas, organização de coleções, formação de recursos humanos e educação científica, assim como atuar na preservação do patrimônio científico, histórico, natural e cultural em benefício da sociedade.""""
É uma instituição autônoma, integrante do Fórum de Ciência e Cultura da Universidade Federal do Rio de Janeiro, vinculada ao Ministério da Educação que completou 200 anos em 2018.
Criado por D. João VI, em 06 de junho de 1818 e, inicialmente, sediado no Campo de Sant'Ana, serviu para atender aos interesses de promoção do progresso cultural e econômico do país.
Como museu universitário, tem perfil acadêmico e científico. Suas exposições resultam da história da Instituição e da excelência de suas atividades de pesquisa e ensino, cumprindo a finalidade precípua de produção e disseminação do conhecimento nas áreas de ciências naturais e antropológicas.
A atividade de memória do Museu Nacional /UFRJ está representada no seu acervo sob diversas formas:
• Acervo Bibliográfico: formado de livros, folhetos, periódicos, multimeios, in-fólios, obras raras, mapas, teses e dissertações pertencentes à Biblioteca do Museu Nacional e da Biblioteca Francisca Keller, do Programa de Pós-Graduação em Antropologia Social (PPGAS);
• Acervo Científico: composto por exemplares representativos da biodiversidade, fósseis, objetos etnográficos e arqueológicos, pertencentes aos Departamentos de Antropologia, de Botânica, de Entomologia, de Geologia e Paleontologia, de Invertebrados e de Vertebrados;
• Acervo Documental: constituído de material arquivístico, custodiado pela Seção de Memória e Arquivo (SEMEAR) e pelo Centro de Documentação em Línguas Indígenas (CELIN);
• Acervo didático: exemplares representativos dos principais filos zoológicos, além de amostras geológicas e Paleontológicas. Todos os itens são disponibilizados gratuitamente para empréstimo a educadores por 15 dias.""",Fabiano de Castro Maria - Auxiliar Administrativo,18/01/2023,OK,-22.9110137,-43.2093727
68,Museu da Umbanda,MuseUmbanda,-,"Rua Doutor Pio Borges, 2181, casa 02, Pita",São Gonçalo,Metropolitana III,(21) 99975-3006,museumbanda@gmail.com,http://www.museumbanda.mus.br,MuseUmbanda,@museumbandaoficial,-,Privada,Ata,Em implantação,-,Gratuito,-,Não,Antropologia e Etnografia,Não,Ainda não existe uma estrutura física que possa desenvolver as atividades,"""Projeto do Museu da Umbanda, ou como já ficou conhecido o  MuseUmbanda, uma instituição que traz a possibilidade de territorializar a Umbanda em seu 
município, salvaguardar sua memória, servir de anteparo aos inúmeros casos de intolerância 
religiosa no Estado do Rio de Janeiro e mais, desenvolver exposições temáticas e produzir 
conhecimento cultural nos campos da arte, música, literatura, dança, etc. O MuseUmbanda 
muito mais que uma estrutura física, será um novo espaço para o resgate da cultura, e dos 
saberes ancestrais dentro do Estado do Rio de Janeiro""",Fernando Torres - Presidente,28/01/2023,OK,-22.8216350,-42.9956797
69,Museu da Geodiversidade,MGeo,33.633.683/0032-12,"Avenida Athos da Silveiro Ramos , 274, Bloco F, Cidade Univesitária ",Rio de Janeiro,Metropolitana I,(21) 3938-9461,mgeo@ufrj.br,http://museu.igeo.ufrj.br,mgeodiversidade,@mgeodiversidade,-,Federal,Ata,"Aberto, funcionando parcialmente",Segunda a Sexta - Manhã e Tarde,Gratuito,-,Sim,Patrimônio Científico e Histórico Natural,Sim,"Entre nossas ações estão a produção de material adaptado para a recepção do público com necessidades específicas e a formação de mediadores capacitados para atender a diversas especificidades. A exposição conta com rampas, cadeira de rodas, maquetes táteis e objetos disponíveis ao toque. Reservamos, ainda, o período entre 8h e 9h, de segunda à sexta, para visitação EXCLUSIVA de Pessoas com Deficiências Intelectuais e seus acompanhantes, conforme previsto na Lei nº 6278/2017.","""O Museu da Geodiversidade foi criado em 2007 como parte das comemorações dos 50 anos de ensino de Geologia no Brasil. A princípio, fazia parte do Departamento de Geologia. Porém, sua vocação para a interdisciplinaridade fez com que passasse a integrar diretamente a estrutura do Instituto de Geociências da UFRJ a partir de 2010, estreitando o contato com outros departamentos e possibilitando a exploração de outras vertentes de exposição, de coleta de acervo e de plano educativo.. Museu da Geodiversidade - IGEO/UFRJ. 
A primeira exposição do museu foi inaugurada em 2008. Chamada “A Geodiversidade Brasileira”, ela buscava contar um pouco da história do ensino da Geologia em nosso país através de rochas, fósseis, reconstituições, imagens e instrumentos científicos. Em setembro de 2011 foi inaugurada a exposição “Memórias da Terra”, que está em cartaz até hoje. Essa exposição aborda o conceito de geodiversidade de maneira holística, relacionando a Terra, a vida e a sociedade de modo que o visitante reflita sobre a interferência dos elementos da geodiversidade na história humana e vice-versa. Para contar essa história, o museu se utiliza de uma narrativa cronológica e expõe um acervo composto de fósseis, minerais, rochas, meteoritos e reconstituições diversas em tamanho real, contextualizadas pelos ambientes em que esses seres viveram ou esses elementos se formaram.. """,Eduardo Alves Mendonça - Auxiliar em Administração,30/01/2023,OK,-22.9110137,-43.2093727
70,Museu Casa de Santos Dumont,-,-,"Rua do Encanto, 22",Petrópolis,Serrana,(24) 2247-5222,casasantosdumont@gmail.com,-,santosdumontmuseu,@casasantosdumont,-,Municipal,Decreto,Aberto,Terça e Domingo - Manhã e Tarde,R$1 a 10,"Idosos acima de 80 anos, pessoas com necessidades especiais, crianças com menos de 7 anos, moradores em dias especiais",Sim,Histórico,Não,"Vídeo em libras , rampa de acesso, maquete tátil","Criado há 67 anos,  pela municipalidade, tem um visitação das mais importantes e significativas da cidade e do estado ...turistas  de toda parte e estudantes de todo o Brasil..",Cláudio Gomide - Diretor/Coordenador,30/01/2023,OK,-22.5103531,-43.1842498
71,Ecomuseu Quilombo Dona Bilina,-,-,"Travessa Soldado Antônio da Silveira, 905",Rio de Janeiro,Metropolitana I,(21) 98270-5354,ecomuseubilina@gmail.com,http://ecomuseuquilombodonabilina.com.br,@quilombodonabilina,@quilombodonabilina,-,Privada,Não existe documentação de criação do museu,Em implantação,Sexta a Domingo - Manhã e Tarde,Gratuito,-,Sim,Antropologia e Etnografia,Não,"O site do ecomuseu foi pensado dentro dos princípios da acessibilidade universal. // Há muitos desafios em relação a acessibilidade universal quando falamos de museu de território porque abriga um espaço de grande dimensão sob múltiplas responsabilidades. No site da web o Ecomuseu tem buscado garantir recursos de acessibilidade básicos através de aplicativo agregado à página, aumento de fonte, contraste, dentre outros.","Criado em 2022, o Ecomuseu Quilombo Dona Bilina é um museu comunitário de território, que se propõe a preservar, pesquisar, valorizar e divulgar as histórias da comunidade agrícola que vive no local. Historicamente, ela é residente da vertente norte do Maciço da Pedra Branca na região conhecida como Rio da Prata, no bairro de Campo Grande, Zona Oeste da cidade do Rio de Janeiro. O Quilombo Dona Bilina possui muitos patrimônios que ainda são vivenciados pela comunidade em seu território. São práticas culturais manifestadas em comportamentos, valores e visões de mundo que conectam as experiências e vivências dos moradores nas suas diferentes temporalidades, e produzem um sentimento de continuidade. O trabalho do Ecomuseu é valorizar esses referenciais identitários, buscando nutrir o sentimento de pertencimento da comunidade frente aos desafios e demandas contemporâneas, reafirmando o enraizamento histórico dos quilombolas. ",Leonídia Insfran de Oliveira Carvalho - Liderança Comunitária,02/02/2023,OK,-22.9191510,-43.5136034
72,Museu da Cultura Puri,MCP,-,"Rua Frei Caneca, 441",Rio de Janeiro,Metropolitana I,(31) 99920-2327,projetomemoriapuri@gmail.com,http://www.museudaculturapuri.com,dauapuri,@dauapuri,-,Privada,Não existe documentação de criação do museu,Aberto,Terça e Quinta - Manhã e Tarde,Gratuito,-,Sim,Imagem e Som,Não,"Espaço devidamente acessível, sala térreo, aberta arejada, e bem iluminada","""Museu da Cultura Puri foi criado através do edital de Povos Tradicionais Presentes , patrocinado pela Secretarí a 
de Cultura do Rio de Janeiro e pela Secretaría Especial de Cultura e Economia Criativa do Rio de Janeiro. O MCP traz um trabalho inédito sobre uma etnia do Rio de Janeiro os Puri, considerada extinta, através de pesquisa e busca dessa identidade reuniu se acervo bibliográfico, literatura, 100 peças expositivas de fotos,artefatos e instrumentos musicais de bambu, revivendo a viola de Taquara instrumento dos antigos Puri,documentários e músicas para os rituais de cura, celebração ou festejos,trazendo a arte contemporânea da pertença resurgente da identidade Puri  do Sudeste.""",Dauá José da Silva - Co Fundador,05/02/2023,OK,-22.9128998,-43.1955229
73,Museu Finlandês Dona Eva,-,31.459.657/0001-01,"Avenida das Mangueiras, 2601, Penedo",Itatiaia,Médio Paraíba,(24) 3351-1374,clubefinlandia@gmail.com,-,-,@museufinlandes,-,Privada,Ata,Aberto,Sábado e Domingo - Manhã e Tarde,R$1 a 10,Alunos escolas públicas,Não,Histórico,Não,"O Museu tem algumas dificuldades na questão da mobilidade física, como falta de rampas e plataformas de acesso a cadeirantes. Iniciamos um trabalho de acessibilidade cultural promovendo uma exposição temporária para pessoas cegas, onde estimulamos os 4 sentidos além da visão. Um dos salões foi reorganizado pensando no trânsito, principalmente de pessoas idosas. Iniciamos um trabalho na área de comunicação na descrição de imagens, que teve que ser interrompido por falta de verbas.","O Museu Finlandês Dona Eva teve o acervo pessoal da D. Eva Hilden doado para o Clube Finlandia em 1983 e conta com aproximadamente 1.000 peças. Possui no seu acervo, peças de vestuário, pinturas, artesanatos variados, cédulas de moeda, mobiliário, vestimentas, aparelhos de jantar, documentos, comendas, livros, painéis fotográficos, fotografias, entre muitos outros. Possui 2 salões expositivos, um hall de entrada, uma secretaria, uma reserva técnica e uma biblioteca.",Oswaldo Castro Junior - Conselho Deliberativo,08/02/2023,OK,-22.4405517,-44.5234618
74,Casa de Cultura de Três Rios,-,-,"Praça São Sebastião,224, Centro",Três Rios,Centro Sul,(24) 2255-1729,historia.cultura@tresrios.rj.gov.br,-,-,-,-,Municipal,Decreto,"Aberto, funcionando parcialmente",Segunda a Sexta - Manhã e Tarde,Gratuito,-,Não,Histórico,Não,Não,"A Casa de Cultura de Três Rios abriga o acervo referente a história local que será incorporado ao Museu Municipal, conforme decreto de criação de 2010, e ficará instalado no prédio histórico cedido pelo governo do Estado do RJ, para essa finalidade. A Casa de Cultura atualmente funciona como local para pesquisa, cursos, reuniões do Conselho e outras atividades artísticas/culturais. O andar superior há mais de 30 anos foi cedido ao Conselho de Cultura que durante todos esses anos aguardou a cessão de todo o prédio, composto por dois andares ser integralmente cedido para instalar a Casa de Cultura e Museu da Cidade. Em 2018, finalmente o prédio foi cedido pelo governo do Estado do RJ com esse objetivo e finalidade ao município de Três Rios. A Secretaria de Cultura e Turismo, responsável por essa instituição está instalada no local enquanto aguarda a implantação do Museu da Cidade na Casa de Cultura. ",Vera Alves Pereira - Historiadora,09/02/2023,OK,-22.1201732,-43.1072134
75,Galeria Providência,-,-,"Rua Bento Ribeiro, 86, Gamboa",Rio de Janeiro,Metropolitana I,(21) 99895-5016,producao.galeriaprovidencia@gmail.com,http://www.galeriaprovidencia.com.br,-,@galeriaprovidencia,-,Público-Privada,Não existe documentação de criação do museu,Em implantação,Todos os dias,Gratuito,-,Sim,Histórico,Sim,Por se tratar de um museu à ceu aberto ainda não temos acessibilidade," partir dos bens culturais e intervenções artística, o Morro da Providência é reconhecido também como um Museu a céu aberto para a difusão de diferentes linguagens artísticas, reflexões sobre a cidade, troca de saberes e construção da memória da primeira favela do Brasil. O projeto objetiva o reconhecimento dessa favela como patrimônio imaterial da cidade, estimulando a economia do local através de representação artística e a melhoraria das condições de vida de quem vive no morro.",Hugo Oliveira - Diretor,09/20/2023,OK,-22.9016299,-43.1920756
76,Centro de Memória de Tanguá,CMT,-,"Rua Julieta de Macedo, S/N, Centro",Tanguá,Metropolitana III,(21) 2747-4113,cultura@tangua.rj.gov.br,-,-,-,-,Municipal,Lei,Em implantação,-,Gratuito,-,Não,Histórico,Não,Não,"""O principal objetivo do Centro de Memória de Tanguá, de acordo com o Art. 2º da Lei Municipal nº 0821 de 13/10/2011, é preservar a memória e o patrimônio histórico do município; prover a adequada conservação de seu acervo; realizar exposições temáticas, comemorativas ou especiais para fins de visitação pública, bem como promover a divulgação de seu acervo e exercer atividades literárias, cinematográficas e de vídeo, musicais, audiovisuais, cênicas e de artes plásticas.
""",Rodrigo Rangel Lucio - Assessor/Diretor,10/02/2023,OK,-22.7353777,-42.7202272
77,Casa de Casimiro de Abreu,-,03.999.531/0001-28,"Travessa São João, S/N, Barra de Sâo João",Casimiro de Abreu,Baixadas Litorâneas,(22) 2674-6751,museu@culturacasimiro.rj.gov.br,http://culturacasimiro.rj.gov.br,MuseucasadeCasimirodeAbreu,@museucasimirodeabreu,-,Municipal,Decreto,Aberto,Quarta a Domingo - Manhã e Tarde,Gratuito,-,Não,Histórico,Não,Acessibilidade em carente// Em estudo,"Casa do Poeta Casimiro de Abreu,  tombado pelo IPHAN,  imóvel com 195 anos, em funcionamento ano passado tivemos mais de 30 mil visitantes, possuímos exposição permanente,  mais duas salas para exposições itinerantes. ""O imóvel, localizado na Praça das Primaveras, em Barra de São João, era a residência da família e local de trabalho do pai do poeta, comerciante de madeiras. A casa de um pavimento, construção do período colonial, tem um salão e quatro salas laterais. Passou por obras de recuperação, de 1964 a 1972, com verbas do Governo do Estado e supervisão do IPHAN. Em 2008, foi totalmente restaurada pela, Secretaria de Cultura e Economia Criativa.
No quintal, às margens do Rio São João, há duas estátuas de Casimiro, assinadas por Christina Motta. Uma do jovem poeta, sentado à beira do rio, com o olhar ao horizonte. A outra dele aos oito anos, sintetizando a imagem de seu mais famoso poema, Meus Oito Anos: “Oh! Que saudades que eu tenho/ da aurora da minha vida/ da minha infância querida/ que os anos não trazem mais…”
O museu é dividido em duas salas de exposições. Uma abriga mostras temporárias de artistas da região, como Mudinho da Praia Rasa e Chico Tabibuia. E a outra mantém uma exposição permanente sobre o poeta, com curadoria da Stella Kaz. Este espaço pertence à FUNARJ / Fundação Anita Mantuano de Artes do Estado do Rio de Janeiro, vinculada à Secretaria de Cultura e Economia Criativa.""",Cristiano da Silva Pereira - Diretor,11/02/2023,OK,-22.5924680,-41.9919561
78,Espaço Ciência Viva,ECV,28.021.426/0001-40,"Avenida Heitor Beltrão, 321, Tijuca",Rio de Janeiro,Metropolitana I,(21) 2204-0599,museu@cienciaviva.org.br,http://cienciaviva.org.br,espacocienciaviva,@espacocienciaviva,@ecienciaviva,Público-Privada,Estatuto Social,Aberto,Segunda a Sexta - Manhã e Tarde,R$10 a 20,Professores,Sim,Ciência e Tecnologia,Não,"Eliminação de barreira arquitetônica, módulos em 3D para pessoas com deficiência visual, sensibilização e convívio com diferenças.","""O Espaço Ciência Viva é uma incrível história de paixão e envolvimento pela Ciência e pela Educação. Uma história com muitas alegrias, tristezas, desafios e conquistas e de muita colaboração para manter o nosso sonho em Divulgação e Educação em Ciências vivo!O Espaço Ciência Viva (ECV) foi fundado em 1982, por um grupo de cientistas, pesquisadores e educadores interessados em tornar a Ciência mais próxima do cotidiano do cidadão comum.
O grupo optou pelos seguintes princípios que orientaram nossas ações:
Sair do laboratório, invadir praças, ruas, favelas e escolas, surpreendendo e encantando o cidadão e os cientistas em espaços inesperados.
Revalorizar a experimentação, a descoberta e a aprendizagem ativa – processos quase inexistentes na maioria dos espaços educativos formais.
Promover a discussão e debate de ideias para a construção social de ideias.
O grupo, então, lançou a Carta Proposta de Criação da Sociedade.
Do grupo fundador, compõem o Comitê Organizador da Sociedade:
O Prof. Maurice Jacques Bazin, professor de física da PUC-RJ, na época, que trouxe forte inspiração ao trabalho de divulgação científica inovador e com grande experiência internacional no ensino de ciências e alfabetização científica, com enfoque na interatividade e experimentação.
O Prof. Ildeu de Castro Moreira, professor de física do Instituto de Física da UFRJ, grande apaixonado pela História da Ciência que mais tarde, se tornaria um grande expoente da política de Divulgação Científica nacional e atualmente, dirige a Sociedade Brasileira para o Progresso da Ciência.
Os professores João Carlos Vitor Garcia e José Carlos de Oliveira, do Observatório Nacional, CNPq, que ajudaram a consolidar o projeto de criação do Museu da Astronomia e Ciências Afins.
Os professores Pedro Muanis Persechini e Solange Lisboa de Castro, do Instituto de Biofísica, UFRJ.
A Profa. Rosalia Mendez Otero, do Instituto de Biologia, UFRJ.
A Profa. Nilza Bragança Pinheiro Vieira, da Escola Municipal Camilo Castelo Branco e autora de livros para Formação em Ciências da antiga Fename.
E o Prof. Jair Koiller, do Instituto de Matemática, UFRJ.
O Comitê Organizador propôs uma série de eventos em praças e locais públicos para dar início às atividades da Sociedade. Com o apoio e colaboração de diversas Associações de Moradores e de Bairros do Rio de Janeiro, como a Associação de Moradores da Praça Saens Peña e Adjacências (AMOAPRA), escolas públicas e outras Organizações não governamentais, criamos os primeiros eventos de divulgação em locais públicos, tais como o Dia do Mar, o Dia da Célula, a Noite do Céu, o Dia da Água, o Museu ao Ar Livre, levando dezenas de estudantes universitários e apaixonados pela ciência a compartilhar o prazer pela descoberta e experimentação com o cidadão.
Em 3 de outubro de 1987, após nos fixarmos no imóvel (terreno e galpão de 1.600 m2, localizado na Av. Heitor Beltrão na Tijuca cedido pelo Governo do Estado do Rio de Janeiro – METRO, com interveniência da Secretaria de Planejamento do Estado do Rio de Janeiro), o Espaço Ciência Viva finalmente abriu suas portas para um público de mais de duas mil pessoas.
Assim, após a fase de itinerância em praças, escolas e instituições educacionais, nasceu o primeiro museu interativo de ciências do estado do Rio de Janeiro (e segundo do Brasil).
Em 2005, o espaço passou por um processo de revitalização, patrocinado pela fundação VITAE, amigos, sócios e colaboradores com o objetivo de atualizar os cerca de 60 módulos e experimentos instalados no galpão, além de criar uma nova programação visual e aquisição de mobiliário especial.
O Espaço Ciência Viva, atualmente, está organizado juridicamente como uma Associação Civil sem fins lucrativos, registrada no Ministério da Fazenda com CNPJ no: 28.021426/0001-40 e no Registro Civil de Pessoas Jurídicas em 4/10/1983.
O ECV foi reconhecido como de Utilidade Pública pela lei estadual no 560/90 de 1990 e tombado como bem de natureza imaterial da Cidade do Rio de Janeiro pela Lei no 5536, de 17 de outubro de 2012.
Atualmente fazemos parte de redes de divulgação e educação em ciências, tais como:
a Rede de Tecnologia do Rio de Janeiro,
a Rede de Popularização da Ciência da América Latina e Caribe (RedPop),
a Associação Brasileira de Centros e Museus de Ciências (ABCMC).""",Mariana de Souza Elysio - Coordenadora,16/02/2023,OK,-22.9208610,-43.2243456
79,Palacete da Babilônia - Sede do Comando do Colégio Militar do Rio de Janeiro,-,-,"Rua São Francisco Xavier, 267, Tijuca",Rio de Janeiro,Metropolitana I,(21) 2568-9222,faleconosco.cmrj@gmail.com,http://www.cmrj.eb.mil.br,-,-,-,Federal,Decreto,Aberto,Segunda a Sexta - Manhã e Tarde,Gratuito,-,Sim,Histórico,Não,O acesso a pessoas com necessidades especiais está em fase de estudo para implantação,O museu da instituição destina-se a manter a memória do primeiro colégio militar do país,Leonardo de Aquino Medeiros - Gestor Cultural,18/02/2023,OK,-22.9179790,-43.2282252
80,Museu da Memória do Trabalhismo Brasileiro de Volta Redonda,MMTB-VR,32.504.086/0001-86,"Rua 19, 21, Vila Santa Cecília",Volta Redonda,Médio Paraíba,(24) 98116-0616,contatodomuseu@gmail.com,http://www.museudotrabalhismo.com.br,Museu da Memória do Trabalhismo Brasileiro,@clubefotomuseuvr,-,Privada,Ata,"Aberto, funcionando parcialmente",Quarta a Sábado - Manhã,Gratuito,-,Sim,Histórico,Não,Adequações física,"Fundado em 2012 através do edital 021/2011 da Superintendência de Museus da Secretaria Estadual de Cultura, o Museu da Memória do Trabalhismo Brasileiro de Volta Redonda é  guardião e propagador  da história do surgimento da Companhia Siderúrgica Nacional - CSN, da cidade de Volta Redonda e dos seus trabalhadores oriundos de várias partes do Brasil,  através de registros fotográficos, áudios, vídeos, coleções e documentos.",Angela Maria Andrade do Bem - Diretora Social,23/02/2023,OK,-22.5214120,-44.1087224
81,Centro de Memória Histórica de Porciúncula Professor Gérzio Barreto Calzolari,-,-,"Praça Santo Antônio, 35, Centro",Porciúncula,Noroeste Fluminense,(22) 3842-2900,arquivohistoricoporciuncula@gmail.com,-,memoriahistoricadeporciuncula,@memoriahistoricadeporciuncula,-,Municipal,Lei,Aberto,Segunda a Sexta - Manhã e Tarde,Gratuito,-,Não,Histórico,Não,nenhuma,"O acervo é composto de fotografias, documentos, jornais, revistas, livros e audiovisual da História de Porciúncula, região noroeste e da Zona da Mata Mineira.",Vitor José de Araújo Cunha - Coordenador,28/02/2023,OK,-20.9632862,-42.0400358
82,Museu Histórico de Campos dos Goytacazes,MHCG,-,"Praça do Santíssimo Salvador, 40, Centro",Campos dos Goytacazes,Norte Fluminense,(22) 98179-4455,campos.museuhistorico@gmail.com,-,-,@museuhistoricodecampos,-,Municipal,Lei,Aberto,Terça a Domingo - Manhã e Tarde,Gratuito,-,Sim,Histórico,Não,"Diante da acessibilidade de nosso museu, é composto por rampas e elevador. ","No Museu Histórico de Campos, é possível fazer uma viagem por toda a trajetória da cidade de Campos dos Goytacazes. Inaugurado em 29 de junho de 2012 e instalado no Solar do Visconde de Araruama depois de um longo período de reformas, já recebeu cerca de 500 mil pessoas desde sua inauguração. Divide-se em duas áreas: o térreo abriga exposições temporárias (duas salas), e nos andares superiores a exposição permanente, que ocupam oito salas. Nessas salas, o visitante pode encontrar fotos, documentos e mobiliários que fazem toda a reconstrução da história campista, da época da colonização até o início do século XIX, em exposições com cunho educativo. Já as exposições temporárias não têm tema fixo, e espera-se que sejam renovadas a cada mês, priorizando a história regional e a produção de artistas locais.",Graziela Escocard Ribeiro - Diretora,06/03/2023,,-21.7567779,-41.3234827
83,Museu das Folias de Reis,-,-,"Praça Governador Portela, 07",Duas Barras,Serrana,(22) 2534-1212,turismo@duasbarras.rj.gov.br,-,-,-,-,Municipal,Ata,Aberto,Segunda a Domingo - Manhã e Tarde,Gratuito,-,Não,Artes Visuais,Não,,"O Encontro do Folclore em Duas Barras acontece desde 1975, sempre na 1a semana de janeiro, no 1o distrito, Duas Barras e na 2a semana de janeiro, em Monnerat, 2o distrito do município. São mais de 45 anos de tradição em nossa e reúne dezenas de foliões de diversas partes do Estado e algumas Folias de outros Estados. O culto a Santos Reis é um misto de fé, emoção e tradição religiosa.",Flávio Falcão - Assessor,,OK,-22.0516212,-42.5208564
84,Museu Sacro-Histórico de Tiradentes,-,-,"Inconfidência, Sebolas, 3º distrito",Paraíba do Sul,Centro Sul,(24) 2050-7909,fundacaoculturalpmps@gmail.com,-,-,-,-,Municipal,Lei,Aberto,Terça a Domingo - Manhã e Tarde,Gratuito,-,Sim,Histórico,Não,Rampa e corredores com espaço para cadeirantes,"""Inaugurado em 01 de abril de 1972, instalado em uma pequena casa de partido arquitetônico colonial rural, abriga seu acervo e biblioteca.
A criação do museu está intimamente ligada a história do povoado de Sebollas e a Tiradentes. Seu acervo museográfico é composto de imagens sacras (séc. XVIII), do antigo altar pertencente a primeira capela local, alfaias religiosas, documentos, farda de alferes, objetos de época e os restos mortais atribuídos a Tiradentes, que no final do século XVIII foi um dos Alferes do Império responsável pela guarda do “Caminho Novo”. Adepto aos ideais da Inconfidência Mineira passa a pregá-los pelas estradas e aldeias, e entre elas, Sebollas em Paraíba do Sul.
""",Francisco Carlos Soares - Assessor,,OK,-22.1630236,-43.2920147
85,Museu Iconográfico Nicolino Visconti,-,-,,Paraíba do Sul,Centro Sul,(24) 2050-7909,fundacaoculturalpmps@gmail.com,-,-,-,-,Municipal,Decreto,Aberto,Terça a Domingo - Manhã e Tarde,Gratuito,-,Sim,Histórico,Não,O museu fica em uma passagem subterrânea com escadas em ambos os lados,"""Seu acervo aborda vários períodos da história política- administrativa de Paraíba do Sul, desde sua elevação a Vila em 1833, sendo administrada pelos Presidentes da Câmara Municipal até 1916, quando é instalada a Prefeitura. E a cidade passa a ser administrada pelos Poderes Legislativo e Executivo.
Registrando desta forma, a história de seus governantes, suas realizações e o desenvolvimento de nosso município.
A apresentação museográfica é composta de fotos e textos apresentados através de projeções de vídeo e de um terminal digital; onde os visitantes poderão participar das informações contidas na pesquisa realizada nos arquivos dos órgãos oficiais do município.
""",Francisco Carlos Soares - Assessor,,OK,-22.1630236,-43.2920147
86,Memorial dos Prefeitos de Paraíba do Sul,-,-,"Rua Visconde da Paraíba, 11",Paraíba do Sul,Centro Sul,(24) 2050-7909,fundacaoculturalpmps@gmail.com,-,-,-,-,Municipal,Decreto,Em implantação,Segunda a Sexta - Manhã e Tarde,Gratuito,-,Não,Artes Visuais,Não,escadas (está em andamento um elevador),"""Seu acervo aborda vários períodos da história política- administrativa de Paraíba do Sul, desde sua elevação a Vila em 1833, sendo administrada pelos Presidentes da Câmara Municipal até 1916, quando é instalada a Prefeitura. E a cidade passa a ser administrada pelos Poderes Legislativo e Executivo.
Registrando desta forma, a história de seus governantes, suas realizações e o desenvolvimento de nosso município.
A apresentação museográfica é composta de fotos e textos apresentados através de projeções de vídeo e de um terminal digital; onde os visitantes poderão participar das informações contidas na pesquisa realizada nos arquivos dos órgãos oficiais do município.
""",Francisco Carlos Soares - Assessor,,OK,-22.1590775,-43.2855354
87,Museu Rodoviário de Paraibuna,-,-,"Praça Manoel dos Santos, 173, Mont'Serrat",Comendador Levy Gasparian,Centro Sul,(24) 2254-1344,turismo@levygasparian.rj.gov.br,http://www.levygasparian.rj.gov.br,-,-,-,Federal,Portaria,Desativado Temporariamente,-,Gratuito,-,Não,Histórico,Não,,"""Museu Rodoviário de Paraibuna
O Museu Rodoviário foi o primeiro do gênero da América Latina. O edifício foi construído pela companhia União e Indústria, no ano de 1857 e inaugurando em 1861 por ordem de Comendador Mariano Procópio Ferreira Lage. 
Aberta a visitação em 2972 sendo o primeiro do gênero na América Latina! Hoje é o principal do gênero rodoviário da América
""",Alexçandro Silva Santana - Secretário Municipal,,OK,-22.0534699,-43.2511049
88,Museu Ferroviário José Pereira Palhares,-,-,,Paraíba do Sul,Centro Sul,(24) 2050-7909,fundacaoculturalpmps@gmail.com,-,-,-,-,Municipal,Decreto,Aberto,Segunda a Domingo - Manhã e Tarde,Gratuito,-,Sim,Histórico,Não,com acessibilidade,"""Localizado em uma das salas da antiga Estação Ferroviária de Paraíba do Sul, no Centro Cultural Mª de Lourdes Tavares Soares; possui um acervo tridimensional, documental e fotográfico, representativos da história da malha ferroviária de nossa região.
Suas peças foram doadas por funcionários aposentados da antiga Central do Brasil, ato espontâneo de grande relevância para o resgate da memória de nosso município.
""",Francisco Carlos Soares - Assessor,,OK,-22.1630236,-43.2920147
89,Museu Casa de Benjamin Constant,-,10898596002432,"Rua Monte Alegre, 255",Rio de Janeiro,Metropolitana I,(21) 99011-1840,mcbc@museus.gov.br,http://museubenjaminconstant.gov.br,-,-,-,Federal,Não existe documentação de criação do museu,Desativado Temporariamente,-,R$1 a 10,Domingos,Não,Histórico,Sim,,"Residência onde viveu Benjamin Constant, professor e fundador da República localizada em um parque de 10.000 m² numa antiga chácara no bairro de Santa Teresa. O museu casa foi inaugurado em 1982 em imóvel construído em 1860 em estilo neoclássico que recria os ambientes de uma típica casa da virada do século XIX para o século XX com móveis, pinturas, objetos pessoais além da biblioteca pertencente a Benjamin Constant e arquivo histórico do período de transição do Império para a República.    ",Elaine Carrilho - Diretora,,OK,-22.9232778,-43.1901367
90,Museu do Sítio Arqueológico Sambaqui da Tarioba,-,-,"Rua Bento Costaa, 70, Centro",Rio das Ostras,Baixadas Litorâneas,(22) 2764-1768,casadeculturabentocosta@gmail.com,https://transparencia.fundacaoriodasostrasdecultura.rj.gov.br/equipamentosculturais.php?id=8,Fundação Rio das Ostras de Cultura,@froc.oficial,-,Municipal,Decreto,Desativado Temporariamente,-,Gratuito,-,Não,Arqueologia,Não,,"Inaugurado em 1999, o Museu configura a história do município sendo um grande instrumento de estudos e patrimônio histórico local. Possui uma área escavada com restos de esqueletos e exposição de objetos de adorno, ostras gigantes, conchas, pedras (batedores e quebra ¬coquinhos), que caracterizam a ocupação de uma antiga civilização estimada em 4 mil anos. ",Rodrigo Vieira Pontes - Diretor,,OK,-22.5269448,-41.9449720
91,Museu Regional Castorina Rodrigues Martins,-,-,"Avenida Governador Leonel de Moura Brizola, S/N, Centro",Arraial do Cabo,Baixadas Litorâneas,(22) 98148-0049,subcult@arraial.rj.gov.br,-,subcult.arraial,@subcult.arraial,-,Municipal,Decreto,Aberto,-,Gratuito,-,Sim,Antropologia e Etnografia,Não,"A antiga sede em obras, será reaberta em Setembro do ano ocorrente, respeitando todas as exigências pertinentes a acessibilidade.","O museu conta a história da cidade em seis nichos com acervos, que vão da pré-história à chegada da Álcalis, estatal de produção de Barrilha e soda cáustica. Este momento  trouxe grande impacto na comunidade de pescadores instalada há séculos na cidade. Também conta com um vasto acervo de cultura popular.  ",Thereza Soraia de Oliveira - Arqueóloga,,,-22.9307280,-42.1878531
92,Espaço de Ciência de Três Rios,-,-,"Rua Barão de Entre Rios, 466, Centro",Três Rios,Centro Sul,(24) 2252-6859,educacao@tresrios.rj.gov.br,https://tresrios.rj.gov.br,-,-,-,Municipal,Não existe documentação de criação do museu,Aberto,Segunda a Sexta - Manhã e Tarde,Gratuito,-,Sim,Patrimônio Científico e Histórico Natural,Não,acessibilidade parcial: adquações físicas,"""Instalado na histórica Casa de Pedra, Estação da Leopoldina Raiway, do final do seculo XIX.
 Espaço da Ciência” é um programa que tem como objetivo a implantação de centros de ciências e planetários nos municípios do Estado do Rio de Janeiro. Esta é uma ação de interiorização de pólos de ciências inovadora no Brasil, que busca promover a difusão e popularização da ciência e tecnologia para o público em geral, mas é especialmente voltada para os estudantes e professores da rede escolar regional.

Nesse espaço, misto de museu e centro de ciências, planejado e instalado através de uma parceria que envolve o Setor de Divulgação Científica da Fundação CECIERJ e os representantes da prefeitura local, exposições e equipamentos interativos são oferecidos aos visitantes. O Espaço da Ciência também contribui para a melhoria do ensino de ciências ao servir de apoio aos professores como local para suas atividades didáticas.
No local, os alunos das redes pública e privada vão ter a oportunidade de praticar aulas de física, química e matemática, participar de sessões no planetário, aproximando a ciência do dia-a-dia.
Já os professores terão o espaço como um apoio para suas atividades didáticas. E além disso, serão oferecidos cursos livres de capacitação profissional para quem quer uma oportunidade de trabalho.
Na mesma Casa de Pedra festá instalado também  o Centro de Memorias de Três Rios.""",Adauto de Oliveira - Coordenador,,OK,-22.1201732,-43.1072134
93,Estação de Memórias de Três Rios,-,-,"Rua Barão de Entre Rios, 466, Centro",Três Rios,Centro Sul,"(24) 2255-1729 / 
(24) 2252-6859",culturaturismo@tresrios.rj.gov.br,https://tresrios.rj.gov.br,-,-,-,Municipal,Não existe documentação de criação do museu,Aberto,Segunda a Sexta - Manhã e Tarde,Gratuito,,Sim,Histórico,Não,acessibilidade parcial: adquações físicas e linguagem,"""Com a parceria entre a Secretaria de Educação, Ciência e Tecnologia e a Secretaria de Cultura e Turismo, inaugurou nesta terça-feira, 7 de março de 2023  , na Casa de Pedra, o Estação de Memórias.
O projeto, desenvolvido em conjunto com a VLI — administradora da Ferrovia Centro-Atlântica (FCA) — e a Agência de Iniciativas Cidadãs (AIC), tem o objetivo de preservar a memória ferroviária, que faz parte do patrimônio material e imaterial do município.
A Estação de Memórias é composta por um acervo público com fotografias, imagens, objetos históricos e documentos diversos, obtido a partir de uma extensa pesquisa realizada em Três Rios e disponível para visita na Casa de Pedra, espaço onde funcionava a estação de carga e descarga da extinta Estrada de Ferro Leopoldina Railway.""",Vera Alves Pereira - Historiadora,,OK,-22.1201732,-43.1072134
94,Memorial Oxum,-,-,"Rua Dalmir da Silva, lote 8",São Gonçalo,Metropolitana III,(21) 98321-6280,mae.marciadoxum@gmail.com,https://omidaye.com.br,-,@mae.marciadoxum,-,Privada,Não existe documentação de criação do museu,"Aberto, funcionando parcialmente",Sábado - Manhã,Gratuito,-,Sim,Antropologia e Etnografia,Não,"Temos rampas para acessar, temos rampas de acesso, banheiro adaptado para cadeirante, cadeira de roda , e vídeo explicativo que fica passando , dizendo sobre tudo que tem no memorial ","Temos uma instituição sem fins lucrativo, que se chama C E Egbe Ile Iya Omidaye Ase Obalayo, além da própria instituição já ser um museu vivo , de cultura tradicional de matriz Africana do Povo Iorubá, nação Ketu, temos um memorial Oxum, que contém um acervo histórico, imaterial e material , que conta é preserva a história de um legado herdado de mais de 300 anos , a partir do legado de 55 anos da Iyalorixa Mãe Márcia D'Oxum. A instituição pode-se se considerar um museu vivo o memorial Oxum foi criado 2018 contendo em uma linha do tempo objetos e valor imaterial,e material pessoas construídas e herdadas de gerações familiares de aproximadamente 300 acregados valores culturais da nação Ketu Iorubá e bantu",Márcia Doria Pereira - Presidente,,OK,-22.8348054,-42.9636818
95,Museu do Indio,MI,00.059.311/0002-07,"Rua das Palmeiras, 55, Botafogo",Rio de Janeiro,Metropolitana I,(21) 2536-4002,comunicacao@museudoindio.gov.br,http://www.museudoindio.gov.br,museudoindiorj,@museudoindiorj,@museudoindiorj,Federal,Decreto,Desativado Temporariamente,-,Gratuito,-,Sim,Antropologia e Etnografia,Não,,"""O Museu do Índio foi inaugurado oficialmente no dia 19 de abril de 1953, em comemoração ao dia do Índio Americano, como um setor da Seção de Estudos do SPI - Serviço de Proteção aos Índios. O SPI, criado em 1910 por Marechal Rondon, foi a agência responsável pela assistência aos índios até 1967, quando foi criada a FUNAI.

O Museu do Índio funcionou no casarão da Rua Mata Machado, no Maracanã, até 1978, quando foi transferido para Botafogo. O antigo prédio, que existe até hoje, era administrado pela Companhia Nacional de Abastecimento e o Ministério da Agricultura, antes de ser comprado pelo Governo do Estado do Rio de Janeiro.

O atual casarão, em estilo neoclássico, foi construído em 1880, a pedido de um empresário da indústria alimentícia daquele tempo. Com o falecimento da viúva do empresário, os filhos decidiram vender o imóvel para a União, sendo tombado em 1967.""",Juliano Almeida da Silva - Chefe do Serviço de Gabinete,,OK,-22.9518371,-43.1910035
96,Museu da Imigração da Ilha das Flores,MIIF,26.695.433/0001-00,"Rua das Palmeiras, 55, Botafogo",São Gonçalo,Metropolitana III,(21) 3707-9598,comtrref.museu@marinha.mil.br,http://www.miif.org.br,miif_oficial,@miif_oficial,-,Federal,Estatuto Social,Aberto,Terça a Domingo - Manhã e Tarde,Gratuito,-,Não,Imagem e Som,Sim,"O Museu possui espaços com acessibilidades a cadeirantes, profissionais intérpretes de LIBRAS e encontra-se em fase de adaptação para os demais grupos com necessidades distintas.","O MIIF é um Museu de Território que possui um espaço expositivo interativo e o Circuito a Céu Aberto que conta a história da mais antiga hospedaria oficial de imigrantes das Américas, que funcionou de 1883 a 1966, e contribuiu para a formação sociocultural do Brasil.",Tiago Diniz - Diretor Financeiro,30/03/2023,OK,-22.8216350,-42.9956797
97,Museu de Imagens do Inconsciente,MII,-,"Rua Ramiro Magalhães, 521, Engenho de Dentro",Rio de Janeiro,Metropolitana I,(21) 3111-7469,educativo.mii@gmail.com,https://www.museuimagensdoinconsciente.org.br/,imagensmuseu,@museudeimagensdoinconsciente,-,Municipal,Não existe documentação de criação do museu,Aberto,Terça a Sábado - Manhã e Tarde,Gratuito,-,Sim,Outros,Sim,"A Ocupação Nise da Silveira, exposição de média duração, possui acessibilidade física e comunicacional. ","""Criado em 1952 pela psiquiatra Nise da Silveira, o Museu de Imagens do Inconsciente é um centro de estudo e pesquisa sobre as imagens produzidas pelos frequentadores dos seus ateliês terapêuticos, destinados à usuários da rede de saúde mental. Tem caráter interdisciplinar, permitindo trocas entre experiência clínica e conhecimentos teóricos de psicologia, psiquiatria, antropologia cultural, história, arte e educação. Seu acervo, o maior e mais diferenciado do gênero no mundo, permite amplas possibilidades de pesquisa e é uma importante ferramenta para ações ligadas à inclusão e ao desenvolvimento social, aliadas a novos conceitos de saúde, cultura e sustentabilidade. O complexo de atividades geradas pela inter-relação de todos os setores estimula o convívio entre frequentadores, técnicos, funcionários, visitantes e animais coterapeutas. Como resultado, o Museu mantém viva a sua característica fundamental: constituir-se em um território de liberdade para a expressão de vivências internas e exaltação da criatividade.
Nos espaços Almir Mavignier e Humberto Franceschi, o público poderá visitar exposições de média e longa duração.""",André Felipe dos Santos - Apoio Administrativo,10/04/2023,OK,-22.9013108,-43.3011783
98,Casa do Choro,-,03.405.308/0001-05,"Rua da Carioca, 38, Centro",Rio de Janeiro,Metropolitana I,(21) 2242-9947,diretoria@casadochoro.com.br,http://www.casadochoro.com.br,-,@Casadochoro,-,Privada,Estatuto Social,Aberto,Segunda a Quinta - Tarde e Noite,Gratuito,-,Sim,Imagem e Som,Não,"Olá Casa do Choro tem espaços acessíveis a pessoas com necessidades especiais como rampas, assentos, elevadores, banheiros adaptados e até um cadeira elevatória que garante acesso a qualquer cômodo do imóvel. As palestras são realizadas com intérpretes de libras e nos esforçamos sempre para adotar medidas que ampliem o acesso de todos.","""Criado em 1999, por um grupo de músicos dedicados ao choro e por artistas e intelectuais, o Instituto Casa do Choro tem por missão a pesquisa, preservação e educação com base na cultura do mais antigo gênero de música instrumental brasileira, nascido no Rio de Janeiro, no sec XIX, o choro, porém mantido em vitalidade através do interesse da população. Inaugurou sua sede em 25/4/2015, na Rua da Carioca, 38, no Corredor Cultural da Tiradentes, em imóvel cedido pelo Estado do Rio de Janeiro, através da SEC/RJ
É mantido de forma privada através de ações idealizadas e produzidas pela equipe de diretores e de produção. Conta com o trabalho de aproximadamente 50 profissionais, todos comprometidos com a Casa do Choro! Nosso grande tesouro, nossa força!""",Luciana Rabello - Diretora,18/04/2023,OK,-22.9069041,-43.1813773
99,Centro Cultural da Justiça Eleitoral,CCJE,-,"Primeiro de Março, 42, Centro",Rio de Janeiro,Metropolitana I,(21) 2263-3258,ccje@tse.jus.br,-,-,-,-,Federal,Lei,Desativado Temporariamente,Segunda a Sexta - Manhã e Tarde,Gratuito,-,Não,Histórico,Sim,Projeto de acessibilidade arquitetônica em elaboração. Prédio tombado ainda sem elevador. Prédio em fase de adequação.,"Inauguração 2008. Lei de criação 13.538, de 15 de dezembro de 2017",Priscila Ferreira Medeiros da Silva Ramos - Assessora,19/04/2023,OK,-22.9019142,-43.1757444
100,Museu de Arte Moderna,MAM,33.467.002/0001-44,"Avenida Infante Dom Henrique, 85, Glória",Rio de Janeiro,Metropolitana I,(21) 3883-5600,relacoesinstitucionais@mam.rio,https://mam.rio/,museudeartemodernarj,@mam.rio,@MAM_Rio,Privada,Ata,Aberto,Quarta a Domingo - Manhã e Tarde,Gratuito,-,Sim,Artes Visuais,Sim,"Horário exclusivo para visitação de pessoas com deficiência intelectual, pessoas autistas ou com algum tipo de hipersensibilidade a estímulos visuais ou sonoros; Cadeira de rodas para uso do visitante; Elevador adaptado; Rampa de acesso; Sanitário adaptado; Maquetes táteis ou mapas em relevo do museu; Obras e reproduções táteis; Tradutor de Linguagem Brasileira de Sinais (Libras); Textos/etiquetas em braile com informações sobre os objetos em exposição; Audiodescrições
","""O Museu de Arte Moderna do Rio de Janeiro é uma instituição referência para a arte e para a cultura do país. Fundado em 1948, possui uma das mais relevantes coleções de arte moderna e contemporânea da América Latina, com mais de 16 mil obras. Sua atuação se dá sobre o tripé arte-educação-cultura.

Ao longo de sua história, o MAM Rio realizou exposições que até hoje marcam as expressões e linguagens das artes e da cultura, tendo abrigado movimentos que transformaram o país. Sua Cinemateca, com audiovisuais em todos os formatos e sala de exibição, configura-se importante polo de documentação e fruição fílmica.

O MAM Rio é uma instituição cultural constituída como sociedade civil de interesse público, sem fins lucrativos, apoiada por pessoas físicas e por empresas.""",Letícia Nunes,19/04/2023,OK,-22.9139951,-43.1728309
101,Espaço Cultural A Era do Rádio,-,11.936.020/0001-95,"Praia do Reconcavo, 430, Sepetiba",Rio de Janeiro,Metropolitana I,(21) 99210-1991,naeradoradio2@gmail.com,-,,@naeradoradio,-,Privada,Estatuto Social,"Aberto, funcionando parcialmente",-,Gratuito,-,Sim,Imagem e Som,Sim,narrativas claras de facil acesso e espaço físico adequado na inclusão.,"""O Espaço Cultural A Era do Rádio – foi fundado em 2009 como uma organização sem fins lucrativos, com sua sede no Rio de Janeiro. Nasce do desejo de reinventar e perpetuar a cultura com a criação de um acervo em memória da Era do Rádio nesses 100 anos de existência no Brasil, dando destaque para o protagonismo da região de Sepetiba, Zona Oeste do Rio de Janeiro nesse período histórico, e homenagem a mulheres comunicadoras do rádio a frente de seu tempo, oriundas de territórios populares que influenciaram novas gerações de mulheres na luta da igualdade de gênero.
""",Emanuelle Borba - Coordenação Geral,19/04/2023,OK,-22.9852862,-43.6976557
102,Museu Sankofa Memória e História da Rocinha,-,-,"Rua Maria do Carmo Soares do Nascimento, 06, Rocinha",Rio de Janeiro,Metropolitana I,(21) 98192-5334,museusankofa@gmail.com,https://museusankofarocinha.com.br,SankofaRocinha,@museu_sankofa_da_rocinha,@museusankofadarocinha9385,Privada,Ata,"Aberto, funcionando parcialmente",Quinta a Domingo - Manhã e Tarde,Acima de R$30,Estudantes,Sim,Virtual,Sim,Sendo um Museu virtual estamos na reformulação o site para que possamos atender as demandas frente a realidades sobre acesso e também sobre o Percurso a questão impossível pois estamos falando da Favela onde realizamos no nosso percurso inviabiliza o acesso  a algumas pessoas PDCS.,"""O surgimento do coletivo Museu Sankofa Memória e História da Rocinha ocorreu em julho de 2007, no Fórum Cultural da Rocinha, com a presença de moradores, artistas, militantes e o Secretário Estadual de Cultura, da época. Com a presença de 200 participantes. Neste fórum foi elaborado um documento em que continha o apoio a projetos culturais, preservação, de patrimônio material e material, salvaguarda da memória e história e criação de um museu para Favela da Rocinha, com o intuito de difundir as memórias e histórias da Favela, de forma educativa, sobre as lutas e conquistas. De posse desse documento, a partir de 2008, surge o coletivo Museu Sankofa Memória e História da Rocinha, que promove ações concretas, iniciadas em 2009, como os chá de museus, rodas de conversas com temas que versam entre saneamento básico (destacando os mutirões de higienização limpezas das valas e sua canalização buscando ai junto ao poder publico o direito ao saneamento básico, realizados por moradores) e os mutirões para vacinas que ocorreram nas décadas de 70 e 80 que retratado na famosa publicação o livro Varal de Lembranças e no Jornal Tagarela ambos mesmo período. Sendo este também uma dos desafios que museu Sankofa se propõe em organizar as diversas publicas sobre a Favela da Rocinha em todos os níveis possíveis.

""",Antônio Carlos Firmino - Cofundador,27/04/2023,OK,-22.9110137,-43.2093727
103,Núcleo de Orientação e Pesquisa Histórica de Santa Cruz,NOPH,30.031.223/0001-87,"Rua das Palmeiras Imperiais, S/N, Santa Cruz",Rio de Janeiro,Metropolitana I,(21) 97165-8655,nophecomuseu@gmail.com,http://nophecomuseu.blogspot.com/?m=1,-,@nophecomuseu,@noph_ecomuseu,Privada,Estatuto Social,Aberto,Segunda a Sábado - Manhã e Tarde,Gratuito,-,Sim,Histórico,Sim,Elevador e rampas de acesso,"""Fundado em 3 de agosto de 1983, com o objetivo  de realizar pesquisas e divulgar a história local, dinamizar a cultura e desenvolver campanhas, visando a valorização dos bens culturais de Santa Cruz e da zona oeste carioca, sendo considerado pela comunidade museológica, o primeiro ecomuseu comunitário do Brasil.
Desde o ano 2000, o acervo museológico, o arquivo, a biblioteca, as exposições, os cursos e eventos tem como sede o Palacete princesa Isabel.
Em 40 anos de atuação, o NOPH é testemunho do protagonismo museológico da comunidade, sendo reconhecido como serviço de utilidade pública pela lei municipal 590/84 e pela lei estadual 1207/87.""",Thamires de Assis Alves - Coordenadora de Patrimônio,02/05/2023,OK,-22.9110137,-43.2093727
104,Museu de Rochas e MInerais,MRM/UFRJ,-,"BR 465 - KM 7, S/N, Seropédica",Rio de Janeiro,Metropolitana I,(21) 99978-7408,salmeida1966@gmal.com,,,,,Federal,Estatuto Social,Em implantação,Segunda a Sexta - Manhã e Tarde,Gratuito,-,Sim,Patrimônio Científico e Histórico Natural,Sim,"O prédio está em construção/reforma para se adequar a implantação do museu, e serão aplicadas as normas de acessibilidade","""O MUSEU DE ROCHAS E MINERAIS é vinculado ao Instituto de Geociências da Universidade Federal Rural do Rio de Janeiro e ao Núcleo de Articulação de Acervos e Coleções (NAAC) da Pró-Reitoria de Extensão, segundo a deliberação do conselho universitário da UFRRJ Nº 158 de 28/09/2020. 
O MRM é uma instituição permanente, sem fins lucrativos, aberta ao público e que se destina à coleta, inventário, documentação, preservação, exposição e comunicação de seu acervo, mediante desenvolvimento de ações educativas e culturais. 
""",Thamires de Assis Alves - Bolsista,24/05/2023,OK,-22.7438887,-43.6991998
105,Museu de História e Artes do Estado do Rio de Janeiro,MHAERJ,-,"Rua Presidente Pedreira, 78, Ingá",Niterói,Metropolitana III,(21) 2717-2919,gestaoinga@gmail.com,https://www.funarj.rj.gov.br/node/125,Museu do Ingá,@museudoinga,@museudoinga,Estadual,Decreto,Aberto,Quarta a Domingo - Tarde,Gratuito,-,Sim,Artes Visuais,Sim,Rampas,"O Museu de História e Artes do Estado Rio de Janeiro (MHAERJ), ou Museu do Ingá (como é popularmente conhecido), está localizado em Niterói/RJ, Brasil. É sediado no antigo Palácio Nilo Peçanha também chamado Palácio do Ingá, outrora sede do governo do Estado do Rio de Janeiro antes da fusão com o Estado da Guanabara. O Museu do Ingá é vinculado à Fundação Anita Mantuano de Artes do Estado do Rio de Janeiro (FUNARJ). Em 1896, a casa foi vendida ao Visconde de Sande, José Francisco Correia, futuro Conde de Agrolongo, que a reformou, adquirindo móveis e objetos decorativos condizentes com sua situação de próspero industrial. O Palacete Sande, como ficou conhecido, foi o palco de recepções que atraíam a elite da sociedade fluminense. Em 1903, o Visconde retornou a Portugal e o palacete foi comprado pelo Governador eleito, Nilo Procópio Peçanha, para servir de sede ao Governo Fluminense, uma vez que a capital do Estado retornava após um período em Petrópolis à Niterói, e lá permanecendo. Em 1907, o governador Alfredo Backer determinou que o arquiteto René Badra remodelasse a decoração interna e externa. Em 1967, no Governo Geremias Fontes, foram construídos uma piscina e um terceiro pavimento, hoje destinado a administração do Museu. Ainda em 1967, passou a se chamar Palácio Nilo Peçanha. Devido a fusão do Estado da Guanabara e do Estado do Rio de Janeiro  em 1975, perdendo assim o palácio sua finalidade política. Em março de 1977, foi criado através de decreto o Museu Histórico do Estado do Rio de Janeiro. Em 1991, por decreto, o Museu Histórico do Estado do Rio de  Janeiro e o Museu de Artes e Tradições Populares, criado no antigo Estado da Guanabara em 1964 com o objetivo de estudar, coletar e preservar acervos que permitissem difundir a cultura material e espiritual de diversas regiões do país, com relevância para o Estado do Rio de Janeiro, e funcionava no atual edifício do Museu Carmen Miranda passaram a constituir o Museu de História e Artes do Estado do Rio de Janeiro (MHAERJ). Junto ao Museu se desenvolveu também um centro de pesquisa, o Centro de Estudos Fluminenses, tanto a partir do seu acervo arquivístico e pelo recebimento de acervo doado pelas famílias de importantes políticos fluminenses, como pela presença de profissionais especializados entre os membros da equipe gestora e operacional do órgão. O Museu possui uma biblioteca especializada em história e artes com cerca de 3200 volumes.",Ana Cristina Valle - Bibliotecária,31/05/2023,OK,-22.9036011,-43.1253939
106,Museu Vivo da Capoeira,MVDC,-,"Avenida A, S/N, Nova Campinas",Duque de Caxias,Metropolitana II,(21) 98754-1721,lulacapoeira.rio@gmail.com,-,-,-,-,Municipal,Ata,Aberto,-,Gratuito,-,Sim,Antropologia e Etnografia,Sim,O Museu tem espaços amplos e um andar térreo de fácil acesso.,"O Museu Vivo da Capoeira, está localizado no bairro de Nova Campinas em Duque de Caxias, tendo como finalidade oferecer a comunidade local , pesquisadores e estudantes das redes municipal , estadual e rede privadas  o conhecimento da prática da capoeira e história do surgimento da capoeira no Município de Duque de Caxias, destacando a vida exemplar de seus mestres fundadores. Relacionando também a trajetória local ,com ênfase na história da cidade de da Baixada Fluminense com a profunda e rica história da tradição no Brasil.",Luis Carlos Terras Maciel - Presidente,01/06/2023,OK,-22.6429163,-43.3021266
107,Ecomuseu Caceribu,-,-,"Rua Djanira Campos Carvalho, 370, Vila Côrtes",Tanguá,Metropolitana III,(21) 99462-1415,ecomuseucaceribu@gmail.com,,ecomuseucaceribu,@ecomuseucaceribu,-,Privada,Não existe documentação de criação do museu,Em implantação,-,Gratuito,-,Não,Outros,Não,,"""Em maio de 2015, após realizar pela primeira vez no município programação alusiva à 13ª Semana Nacional de Museus - Museus para uma sociedade Sustentável-, em parceria com o Fórum da Agenda 21 Tanguá e Secretaria Municipal de Cultura e Turismo, com o objetivo de reforçar os aspectos históricos e culturais do município, tiveram início ações que buscam reconhecer o território do município como um Ecomuseu e instalação do Centro de Memória, tendo como sede parte da antiga usina de açúcar, requisitada devido à importância histórica do local para o município. Iniciou-se a discussão sobre a criação de uma entidade museológica, por meio de uma minuta de um Estatuto junto à comunidade (ainda não formalizado), pois no modelo de Ecomuseu – em mais que qualquer outro – a participação da comunidade é fundamental; é ela que, junto ao museu, se conscientiza e descobre o valor histórico, simbólico e estético do próprio patrimônio, tornando-se, assim, o que Bellaigue, museóloga francesa, denomina de “‘explicadores’ do seu território”. Na ocasião, Lucienne Figueiredo (então Assessora-chefe do Sistema Estadual de Museus) explicou o conceito dos Ecomuseus e o importante papel que os espaços de memória exercem no fomento da sustentabilidade, responsáveis por guardar a história e o patrimônio da cidade, promover atividades de conscientização sobre a responsabilidade individual para a construção da coletividade e da participação comunitária.
A ideia de transformar o antigo prédio que servia como escritório e balança da Usina de Açúcar de Tanguá no Ecomuseu Caceribu foi de Rodrigo Rangel, agente cultural e morador de Tanguá, após participar de reuniões da Rede de Museologia Social do Rio de Janeiro, em finais de 2013. A partir daí Rodrigo Rangel, que já havia mobilizado iniciativas de memória e patrimônio na região, foi “reconhecendo na comunidade, na minha cidade, na minha região, alguns elementos silenciados da história, de alguns patrimônios, como nesse que nós estamos agora, que vai se destinar a nossa iniciativa (...). E nesse espaço a gente pretende mobilizar a comunidade pra que possa fazer daqui um espaço de trocas, um espaço de construção de memórias coletivas, de reconhecimento de sua própria memória, através de projetos, sobretudo no campo audiovisual, pra que exista a possibilidade de capacitar jovens na prática do audiovisual (...). Principalmente e, sobretudo, pessoas comuns, pessoas da comunidade que tem suas memórias, seus saberes, seus fazeres... Pra que possa, a partir daí construir um acervo (...). Um acervo que possa dar conta de uma narrativa histórica local, que sempre privilegiou os mais poderosos” (Rodrigo Rangel).
O Ecomuseu tem como uma de suas metas ser um fator de ligação entre o rio Caceribu e o passado industrial da cidade e região. Constituído e desenvolvido, poderá receber visitas organizadas de cidadãos de outros estados e mesmo outros países, numa proposta cultural, ambiental e turística ampla e criativa. Sobre seu trabalho comunitário e cultural, existe o propósito de aquisição do prédio onde funcionava a balança de pesagem de cana de açúcar para sede do Ecomuseu. Verdadeiro museu da arquitetura industrial dos últimos cem anos, o complexo da Extinta Usina Tanguá de Açúcar e Companhia Brasileira de Antibióticos - CIBRAN cria o espaço de vários mobiliários em um lugar de memória e um Centro de Interpretação Ambiental a ser cuidado e desenvolvido pela população.
Fonte: SÃO PAULO. BRASIL. Mapas Culturais - MuseusBR. 2013. Rede Nacional de Identificação de Museus. Disponível em: http://museus.cultura.gov.br/espaco/15039/. Acesso em: 17 abr. 2020.
Fonte: Tanguá realiza primeira Semana de Museus. O Povo, Rio de Janeiro. Ano IV, Nº 275. 20 maio 2015.""",Rodrigo Rangel Lucio - Articulador,02/06/2023,OK,-22.7353777,-42.7202272
108,Espaço Museal Casa do Administrador do Núcleo Colonial São Bento,EMUSCAB,04.198.932/0001-41,"Avenida Governador Leonel de Moura Brizola, 9.422, São Bento",Duque de Caxias,Metropolitana II,(21) 99182-4487,clioapph@gmail.com,,apphclio,@apphclio,-,Privada,Lei,"Aberto, funcionando parcialmente","Segunda, Quinta e Sábado - Manhã e Tarde",Gratuito,-,Sim,Histórico,Sim,Quando necessáio e informado temos Intérprete de Libras e Ledores,"""ESPAÇO MUSEAL CASA DO ADMINSITRADOR DO NÚCLEO COLONIAL SÃO BENTO
EMUSCAB
O Espaço Museal Casa do Administrador do Núcleo Colonial São Bento (EMUSCAB) foi reconhecido como um espaço museal através da Lei Municipal nº 2224/2008 e tem atividades relacionadas à História, Patrimônio Histórico e Memória desde 1999. Esta lei reconheceu o espaço como Patrimônio Histórico Material do município de Duque de Caxias.
 A Casa do Administrador do Núcleo Colonial São Bento tem aspectos coloniais, pois está inserida no território da Antiga Fazenda São Bento, e sua arquitetura atual remete-se à década de 1930, resultado das intervenções varguistas na região da Baixada Fluminense. A Casa situava-se ao lado do Portal de Entrada da gleba onde se instalou o núcleo. As pessoas que entravam tinham que, necessariamente, dirigir-se à Casa para ingressar no Núcleo. Na década de 1960, ela passou à administração da Fundação Educacional de Duque de Caxias (FEUDC), espaço de formação em Educação Superior – licenciaturas, que também possuía um Colégio de Aplicação. Esta instituição funcionou até 2015, quando a faculdade foi extinta.
Em 2005, foi celebrado um comodato entre a Fundação Educacional de Duque de Caxias (FEUDUC), responsável pelos cursos da Faculdade de Filosofia, Ciências e Letras de Duque de Caxias, e a Associação de Professores-Pesquisadores de História (APPH-Clio). Por este documento, a Casa do Administrador do Núcleo Colonial São Bento passaria a ser administrada pela APPH-Clio, que já atuava com documentação, memória, história e pesquisa sobre a região da Baixada Fluminense, junto ao Departamento de História da FEUDUC. Este comodato foi renovado em 2011 e 2019.
Desde 2005 a APPH-Clio tornou a casa em um espaço de visitação histórico e nos anos seguintes a inseriu no percurso do Museu Vivo do São Bento transformando-a em espaço de visitação que foram complementados com ações patrimoniais, de memória e de fazer cultural. Ela é composta por um espaço multimídia, por uma sala de aula e de formação, por uma cozinha, um estúdio de produção audiovisual e sua parte externa é composta por uma ampla área e um lona cultural onde são instaladas exposições fixas e temporárias.
O EMUSCAB conta com a parceria do Museu Vivo do São Bento, do Instituto Histórico de Duque de Caxias, do Museu Vivo da Capoeira e do Museu Vivo de Areia Branca e do Cine Clubealdeia Criativa.
O EMUSCAB também realiza atividade de educação patrimonial com foco no território do São Bento e nos pontos de percurso realizados pelo bairro com as Escolas Municipais Paulo Roberto, Nísea Villela Fernandes e 07 de setembro e com os CIEPS Aarão Steinbuch e Wilson Macedo e, eventualmente com estudantes universitários e profissionais de turismo.

REDES SOCIAIS
LINKS
Instagram: https://www.instagram.com/apphclio/
You Tube: @apphclio5901
Facebook: https://www.facebook.com/apphclio
Facebook: https://www.facebook.com/groups/522618321110389
Videos:
https://www.youtube.com/watch?v=a1wJ2m1s4CI&list=PLax1DXQyfHtS83KVsnbGKRpjRW8BeSWAq
https://www.youtube.com/watch?v=ZjCpQbyZYas&t=2542s
https://www.youtube.com/watch?v=tVmh2NtZRlg&t=256s
https://www.youtube.com/watch?v=0T1OJ5VoJo8
https://www.youtube.com/watch?v=FhcEG71B2pM&t=36s
https://www.youtube.com/watch?v=3QUTGu_-cKY&t=767s

PLANTA DA CASA DO ADMINSITRADO DO NUCELO COLONIAL DE SÃO BENTO
 
""",Alexandre dos Santos Marques - Gestor de Projetos,02/06/2023,OK,-22.6429163,-43.3021266
109,Espaço Museal Quilombo de Bongaba EMUQUIBÓ,EMUSQUIBO,03.338.450/0001-87,"Avenida Caioaba, s/n, lote 07 quadra 08, Bongaba, Piabetá",Magé,Metropolitana II,(21) 97082-7337,ileogunalakoro@gmail.com,-,ileogunalakoro,@quilomboquilomba,-,Privada,Estatuto Social,"Aberto, funcionando parcialmente","Segunda, Quarta e Sábado - Manhã e Tarde",Gratuito,-,Sim,Antropologia e Etnografia,Sim,"Todos os prédios do Espaço Museal Quilombo de Bongaba tem acesso a cadeirantes, possuímos intérprete de Libras e ledores qualificados","""ESPAÇO MUSEAU DO QUILOMBO DE BONGABÁ

O Espaço Museal Quilombo de Bongaba iniciou suas ações de História, Memória e de Patrimônio Histórico desde 1999 juntamente com a instituição Espiritualista Oni Lewá Njó que é sua mantenedora.
A Instituição Espiritualista Oni Lewá Njo – Asé Ogun Alakorô – foi criada no final da década de 1990 e, desde sua fundação implementou ações de valorização da cultura afro-brasileira no território de Bongaba – Piabetá – Magé. 
Desde então a instituição promoveu Mostras Culturais, incentiva atividades lúdicas, didáticas e pedagógicas, resgatam o convívio com as brincadeiras tradicionais (bambolê, roda pião, atiradeira, corda, pique, bola de gude e outros) e com os cantos em yorubá. Dentro da proposta de preservação e transmissão do conhecimento através da oralidade e da simbologia, a liturgia é preservada e, quando possível, era transmitida aos pés do Ingá. 
A instituição realiza anualmente, as “Mostras Culturais”, as rodas de conversa do “Politiquin” a “ Feira das Yiabás”, rodas de conversa e apresentações sobre o Jongo, oficina de confecção de Bonecas Dandara, oficina de Culinária Africana. Mensalmente, ocorrem sessões do Cineclube Sire, da Rede Cine Mais Cultura que  apresenta longas e curtas-metragens que abordam o universo da religiosidade de matriz africana. 
Em relação à Memória, à Identidade Cultural e ao Patrimônio Histórico produziu vários vídeos patrocinados pela Secretaria de Estado e de Cultura e de Economia Criativa e realiza circuitos pelos espaços do Terreiro e em área históricas da cidade de Magé.
No âmbito da difusão cultural e estabelecimento de parcerias o terreiro do Asé foi cenário da minissérie “Subúrbia” e de dois longas-metragens ambientado no período da Ditadura Militar, este financiados pelo Ministério da Justiça. Compõe a rede de Pontos de Cultura, da rede de cineclubes do Cine Mais Cultura do Estado do Rio de Janeiro e da Programadora Brasil através do Cine Clube Sire. Participa da rede de Pontos de Leitura através do “Sire: Leitura, Brincadeira e Transformação Social em Magé”, ambos aprovados junta à Secretaria de Cultura do Estado do Rio de Janeiro. 
A partir de 2016 suas ações museais e de educação patrimonial se intensificaram após a Associação de Comunidades Remanescentes de Quilombos do Estado do Rio de Janeiro juntamente com a Fundação Palmares reconheceram a importância deste espaço para a região em que o Àsé está inserido e, em 2018, a Fundação Palmares, órgão do então Ministério da Cultura, concedeu o título de Quilombo do Bongaba a toda a região de seu entorno.
O resultado destas articulações desenvolvidas durante três décadas resultou nestas ações afirmativas, na criação do Quilombo Quilombá, na certificação do Ponto de Cultura Instituição Oni Lewa Njo – Quilombo Quilombá do Estado do Rio de Janeiro e lançamento da base fundamental da Escola Candomblecista Quilombo Quilombá. 
Entre 2018 e 2022 foi contemplado com recursos da Lei Aldir Blanc destinados aos Pontos de Cultura, foi contemplado pelos Editais do Ministério das Mulheres/PNUD, pelo Edital povos Tradicionais da Secretaria de Estado de Cultura e Economia Criativa o que proporcionou seu fortalecimento institucional através do Preparatório Quilombo Quilombá, da criação do Ateliê Gbogbó Asó e das oficinas de culinária e de ferramentas sagradas e do Grupo de Jongo Quilombo Quilombá.
Desde 2016 em parceria com a Secretaria Municipal de Educação e com a Secretaria de Cultura e Turismo de Magé estruturou um plano de visitação para as redes de educação publica e privada, para ativistas culturais, grupos de turismo e visitantes em geral. Este plano de ação segue a perspectiva de prática de um Museu Vivo ou de um Ecomuseu.
Neste plano de visitação consta a exposição de objetos de arte e da cultura afro-brasileira, particularmente do universo candomblecista e quilombola, visitação ao acervo arquitetônico com um percurso didático-pedagógico pelas construções do terreiro, por apresentação de vídeos e, quando possível, com desfiles de roupas afros do Ateliê Gbogbo Asó e por apresentações com músicos do Asé Ogum Alakorô.
Entre 2022 e 2023 o ESPAÇO MUSEAL DO QUILOMBO QUILOMBÁ recebeu aproximadamente 3000 (três mil visitantes) e suas ações foram apresentadas em vários encontros de cultura e de elaboração de políticas publicas.
Em 2023 inseriu na Rede de Museologia Social do Rio de Janeiro, REMUS e se cadastrou  o Ministério da Cultura para reconhecimento como Ponto de Memória, apresentou à Secretaria de Cultura e Turismo de Magé um projeto de Inventário Participativo com o objetivos de: inventariar seu acervo material e iconográfico, registrar e divulgar as memórias quilombolas e georreferenciar o circuito patrimonial do Quilombo de Bongaba. 

VÍDEO INSTITUCIONAL
https://www.youtube.com/watch?v=id9C1QLxAg4&t=155s
REDES SOCIAIS
You Tube: https://www.youtube.com/c/QuilomboQuilomba
https://www.facebook.com/ileogunalakoro
https://www.instagram.com/quilomboquilomba/
https://www.instagram.com/ileogunalakoro/
https://www.instagram.com/gbogboaso/
"" ""ESPAÇO MUSEAU DO QUILOMBO DE BONGABÁ

O Espaço Museal Quilombo de Bongaba iniciou suas ações de História, Memória e de Patrimônio Histórico desde 1999 juntamente com a instituição Espiritualista Oni Lewá Njó que é sua mantenedora.
A Instituição Espiritualista Oni Lewá Njo – Asé Ogun Alakorô – foi criada no final da década de 1990 e, desde sua fundação implementou ações de valorização da cultura afro-brasileira no território de Bongaba – Piabetá – Magé. 
Desde então a instituição promoveu Mostras Culturais, incentiva atividades lúdicas, didáticas e pedagógicas, resgatam o convívio com as brincadeiras tradicionais (bambolê, roda pião, atiradeira, corda, pique, bola de gude e outros) e com os cantos em yorubá. Dentro da proposta de preservação e transmissão do conhecimento através da oralidade e da simbologia, a liturgia é preservada e, quando possível, era transmitida aos pés do Ingá. 
A instituição realiza anualmente, as “Mostras Culturais”, as rodas de conversa do “Politiquin” a “ Feira das Yiabás”, rodas de conversa e apresentações sobre o Jongo, oficina de confecção de Bonecas Dandara, oficina de Culinária Africana. Mensalmente, ocorrem sessões do Cineclube Sire, da Rede Cine Mais Cultura que  apresenta longas e curtas-metragens que abordam o universo da religiosidade de matriz africana. 
Em relação à Memória, à Identidade Cultural e ao Patrimônio Histórico produziu vários vídeos patrocinados pela Secretaria de Estado e de Cultura e de Economia Criativa e realiza circuitos pelos espaços do Terreiro e em área históricas da cidade de Magé.
No âmbito da difusão cultural e estabelecimento de parcerias o terreiro do Asé foi cenário da minissérie “Subúrbia” e de dois longas-metragens ambientado no período da Ditadura Militar, este financiados pelo Ministério da Justiça. Compõe a rede de Pontos de Cultura, da rede de cineclubes do Cine Mais Cultura do Estado do Rio de Janeiro e da Programadora Brasil através do Cine Clube Sire. Participa da rede de Pontos de Leitura através do “Sire: Leitura, Brincadeira e Transformação Social em Magé”, ambos aprovados junta à Secretaria de Cultura do Estado do Rio de Janeiro. 
A partir de 2016 suas ações museais e de educação patrimonial se intensificaram após a Associação de Comunidades Remanescentes de Quilombos do Estado do Rio de Janeiro juntamente com a Fundação Palmares reconheceram a importância deste espaço para a região em que o Àsé está inserido e, em 2018, a Fundação Palmares, órgão do então Ministério da Cultura, concedeu o título de Quilombo do Bongaba a toda a região de seu entorno.
O resultado destas articulações desenvolvidas durante três décadas resultou nestas ações afirmativas, na criação do Quilombo Quilombá, na certificação do Ponto de Cultura Instituição Oni Lewa Njo – Quilombo Quilombá do Estado do Rio de Janeiro e lançamento da base fundamental da Escola Candomblecista Quilombo Quilombá. 
Entre 2018 e 2022 foi contemplado com recursos da Lei Aldir Blanc destinados aos Pontos de Cultura, foi contemplado pelos Editais do Ministério das Mulheres/PNUD, pelo Edital povos Tradicionais da Secretaria de Estado de Cultura e Economia Criativa o que proporcionou seu fortalecimento institucional através do Preparatório Quilombo Quilombá, da criação do Ateliê Gbogbó Asó e das oficinas de culinária e de ferramentas sagradas e do Grupo de Jongo Quilombo Quilombá.
Desde 2016 em parceria com a Secretaria Municipal de Educação e com a Secretaria de Cultura e Turismo de Magé estruturou um plano de visitação para as redes de educação publica e privada, para ativistas culturais, grupos de turismo e visitantes em geral. Este plano de ação segue a perspectiva de prática de um Museu Vivo ou de um Ecomuseu.
Neste plano de visitação consta a exposição de objetos de arte e da cultura afro-brasileira, particularmente do universo candomblecista e quilombola, visitação ao acervo arquitetônico com um percurso didático-pedagógico pelas construções do terreiro, por apresentação de vídeos e, quando possível, com desfiles de roupas afros do Ateliê Gbogbo Asó e por apresentações com músicos do Asé Ogum Alakorô.
Entre 2022 e 2023 o ESPAÇO MUSEAL DO QUILOMBO QUILOMBÁ recebeu aproximadamente 3000 (três mil visitantes) e suas ações foram apresentadas em vários encontros de cultura e de elaboração de políticas publicas.
Em 2023 inseriu na Rede de Museologia Social do Rio de Janeiro, REMUS e se cadastrou  o Ministério da Cultura para reconhecimento como Ponto de Memória, apresentou à Secretaria de Cultura e Turismo de Magé um projeto de Inventário Participativo com o objetivos de: inventariar seu acervo material e iconográfico, registrar e divulgar as memórias quilombolas e georreferenciar o circuito patrimonial do Quilombo de Bongaba.

VÍDEO INSTITUCIONAL
https://www.youtube.com/watch?v=id9C1QLxAg4&t=155s
REDES SOCIAIS
You Tube: https://www.youtube.com/c/QuilomboQuilomba
https://www.facebook.com/ileogunalakoro
https://www.instagram.com/quilomboquilomba/
https://www.instagram.com/ileogunalakoro/
https://www.instagram.com/gbogboaso/
""ESPAÇO MUSEAU DO QUILOMBO DE BONGABÁ

O Espaço Museal Quilombo de Bongaba iniciou suas ações de História, Memória e de Patrimônio Histórico desde 1999 juntamente com a instituição Espiritualista Oni Lewá Njó que é sua mantenedora.
A Instituição Espiritualista Oni Lewá Njo – Asé Ogun Alakorô – foi criada no final da década de 1990 e, desde sua fundação implementou ações de valorização da cultura afro-brasileira no território de Bongaba – Piabetá – Magé. 
Desde então a instituição promoveu Mostras Culturais, incentiva atividades lúdicas, didáticas e pedagógicas, resgatam o convívio com as brincadeiras tradicionais (bambolê, roda pião, atiradeira, corda, pique, bola de gude e outros) e com os cantos em yorubá. Dentro da proposta de preservação e transmissão do conhecimento através da oralidade e da simbologia, a liturgia é preservada e, quando possível, era transmitida aos pés do Ingá. 
A instituição realiza anualmente, as “Mostras Culturais”, as rodas de conversa do “Politiquin” a “ Feira das Yiabás”, rodas de conversa e apresentações sobre o Jongo, oficina de confecção de Bonecas Dandara, oficina de Culinária Africana. Mensalmente, ocorrem sessões do Cineclube Sire, da Rede Cine Mais Cultura que  apresenta longas e curtas-metragens que abordam o universo da religiosidade de matriz africana. 
Em relação à Memória, à Identidade Cultural e ao Patrimônio Histórico produziu vários vídeos patrocinados pela Secretaria de Estado e de Cultura e de Economia Criativa e realiza circuitos pelos espaços do Terreiro e em área históricas da cidade de Magé.
No âmbito da difusão cultural e estabelecimento de parcerias o terreiro do Asé foi cenário da minissérie “Subúrbia” e de dois longas-metragens ambientado no período da Ditadura Militar, este financiados pelo Ministério da Justiça. Compõe a rede de Pontos de Cultura, da rede de cineclubes do Cine Mais Cultura do Estado do Rio de Janeiro e da Programadora Brasil através do Cine Clube Sire. Participa da rede de Pontos de Leitura através do “Sire: Leitura, Brincadeira e Transformação Social em Magé”, ambos aprovados junta à Secretaria de Cultura do Estado do Rio de Janeiro. 
A partir de 2016 suas ações museais e de educação patrimonial se intensificaram após a Associação de Comunidades Remanescentes de Quilombos do Estado do Rio de Janeiro juntamente com a Fundação Palmares reconheceram a importância deste espaço para a região em que o Àsé está inserido e, em 2018, a Fundação Palmares, órgão do então Ministério da Cultura, concedeu o título de Quilombo do Bongaba a toda a região de seu entorno.
O resultado destas articulações desenvolvidas durante três décadas resultou nestas ações afirmativas, na criação do Quilombo Quilombá, na certificação do Ponto de Cultura Instituição Oni Lewa Njo – Quilombo Quilombá do Estado do Rio de Janeiro e lançamento da base fundamental da Escola Candomblecista Quilombo Quilombá. 
Entre 2018 e 2022 foi contemplado com recursos da Lei Aldir Blanc destinados aos Pontos de Cultura, foi contemplado pelos Editais do Ministério das Mulheres/PNUD, pelo Edital povos Tradicionais da Secretaria de Estado de Cultura e Economia Criativa o que proporcionou seu fortalecimento institucional através do Preparatório Quilombo Quilombá, da criação do Ateliê Gbogbó Asó e das oficinas de culinária e de ferramentas sagradas e do Grupo de Jongo Quilombo Quilombá.
Desde 2016 em parceria com a Secretaria Municipal de Educação e com a Secretaria de Cultura e Turismo de Magé estruturou um plano de visitação para as redes de educação publica e privada, para ativistas culturais, grupos de turismo e visitantes em geral. Este plano de ação segue a perspectiva de prática de um Museu Vivo ou de um Ecomuseu.
Neste plano de visitação consta a exposição de objetos de arte e da cultura afro-brasileira, particularmente do universo candomblecista e quilombola, visitação ao acervo arquitetônico com um percurso didático-pedagógico pelas construções do terreiro, por apresentação de vídeos e, quando possível, com desfiles de roupas afros do Ateliê Gbogbo Asó e por apresentações com músicos do Asé Ogum Alakorô.
Entre 2022 e 2023 o ESPAÇO MUSEAL DO QUILOMBO QUILOMBÁ recebeu aproximadamente 3000 (três mil visitantes) e suas ações foram apresentadas em vários encontros de cultura e de elaboração de políticas publicas.
Em 2023 inseriu na Rede de Museologia Social do Rio de Janeiro, REMUS e se cadastrou  o Ministério da Cultura para reconhecimento como Ponto de Memória, apresentou à Secretaria de Cultura e Turismo de Magé um projeto de Inventário Participativo com o objetivos de: inventariar seu acervo material e iconográfico, registrar e divulgar as memórias quilombolas e georreferenciar o circuito patrimonial do Quilombo de Bongaba.

VÍDEO INSTITUCIONAL
https://www.youtube.com/watch?v=id9C1QLxAg4&t=155s
REDES SOCIAIS
You Tube: https://www.youtube.com/c/QuilomboQuilomba
https://www.facebook.com/ileogunalakoro
https://www.instagram.com/quilomboquilomba/
https://www.instagram.com/ileogunalakoro/
https://www.instagram.com/gbogboaso/
""ESPAÇO MUSEAU DO QUILOMBO DE BONGABÁ

O Espaço Museal Quilombo de Bongaba iniciou suas ações de História, Memória e de Patrimônio Histórico desde 1999 juntamente com a instituição Espiritualista Oni Lewá Njó que é sua mantenedora.
A Instituição Espiritualista Oni Lewá Njo – Asé Ogun Alakorô – foi criada no final da década de 1990 e, desde sua fundação implementou ações de valorização da cultura afro-brasileira no território de Bongaba – Piabetá – Magé. 
Desde então a instituição promoveu Mostras Culturais, incentiva atividades lúdicas, didáticas e pedagógicas, resgatam o convívio com as brincadeiras tradicionais (bambolê, roda pião, atiradeira, corda, pique, bola de gude e outros) e com os cantos em yorubá. Dentro da proposta de preservação e transmissão do conhecimento através da oralidade e da simbologia, a liturgia é preservada e, quando possível, era transmitida aos pés do Ingá. 
A instituição realiza anualmente, as “Mostras Culturais”, as rodas de conversa do “Politiquin” a “ Feira das Yiabás”, rodas de conversa e apresentações sobre o Jongo, oficina de confecção de Bonecas Dandara, oficina de Culinária Africana. Mensalmente, ocorrem sessões do Cineclube Sire, da Rede Cine Mais Cultura que  apresenta longas e curtas-metragens que abordam o universo da religiosidade de matriz africana. 
Em relação à Memória, à Identidade Cultural e ao Patrimônio Histórico produziu vários vídeos patrocinados pela Secretaria de Estado e de Cultura e de Economia Criativa e realiza circuitos pelos espaços do Terreiro e em área históricas da cidade de Magé.
No âmbito da difusão cultural e estabelecimento de parcerias o terreiro do Asé foi cenário da minissérie “Subúrbia” e de dois longas-metragens ambientado no período da Ditadura Militar, este financiados pelo Ministério da Justiça. Compõe a rede de Pontos de Cultura, da rede de cineclubes do Cine Mais Cultura do Estado do Rio de Janeiro e da Programadora Brasil através do Cine Clube Sire. Participa da rede de Pontos de Leitura através do “Sire: Leitura, Brincadeira e Transformação Social em Magé”, ambos aprovados junta à Secretaria de Cultura do Estado do Rio de Janeiro. 
A partir de 2016 suas ações museais e de educação patrimonial se intensificaram após a Associação de Comunidades Remanescentes de Quilombos do Estado do Rio de Janeiro juntamente com a Fundação Palmares reconheceram a importância deste espaço para a região em que o Àsé está inserido e, em 2018, a Fundação Palmares, órgão do então Ministério da Cultura, concedeu o título de Quilombo do Bongaba a toda a região de seu entorno.
O resultado destas articulações desenvolvidas durante três décadas resultou nestas ações afirmativas, na criação do Quilombo Quilombá, na certificação do Ponto de Cultura Instituição Oni Lewa Njo – Quilombo Quilombá do Estado do Rio de Janeiro e lançamento da base fundamental da Escola Candomblecista Quilombo Quilombá. 
Entre 2018 e 2022 foi contemplado com recursos da Lei Aldir Blanc destinados aos Pontos de Cultura, foi contemplado pelos Editais do Ministério das Mulheres/PNUD, pelo Edital povos Tradicionais da Secretaria de Estado de Cultura e Economia Criativa o que proporcionou seu fortalecimento institucional através do Preparatório Quilombo Quilombá, da criação do Ateliê Gbogbó Asó e das oficinas de culinária e de ferramentas sagradas e do Grupo de Jongo Quilombo Quilombá.
Desde 2016 em parceria com a Secretaria Municipal de Educação e com a Secretaria de Cultura e Turismo de Magé estruturou um plano de visitação para as redes de educação publica e privada, para ativistas culturais, grupos de turismo e visitantes em geral. Este plano de ação segue a perspectiva de prática de um Museu Vivo ou de um Ecomuseu.
Neste plano de visitação consta a exposição de objetos de arte e da cultura afro-brasileira, particularmente do universo candomblecista e quilombola, visitação ao acervo arquitetônico com um percurso didático-pedagógico pelas construções do terreiro, por apresentação de vídeos e, quando possível, com desfiles de roupas afros do Ateliê Gbogbo Asó e por apresentações com músicos do Asé Ogum Alakorô.
Entre 2022 e 2023 o ESPAÇO MUSEAL DO QUILOMBO QUILOMBÁ recebeu aproximadamente 3000 (três mil visitantes) e suas ações foram apresentadas em vários encontros de cultura e de elaboração de políticas publicas.
Em 2023 inseriu na Rede de Museologia Social do Rio de Janeiro, REMUS e se cadastrou  o Ministério da Cultura para reconhecimento como Ponto de Memória, apresentou à Secretaria de Cultura e Turismo de Magé um projeto de Inventário Participativo com o objetivos de: inventariar seu acervo material e iconográfico, registrar e divulgar as memórias quilombolas e georreferenciar o circuito patrimonial do Quilombo de Bongaba.

VÍDEO INSTITUCIONAL
https://www.youtube.com/watch?v=id9C1QLxAg4&t=155s
REDES SOCIAIS
You Tube: https://www.youtube.com/c/QuilomboQuilomba
https://www.facebook.com/ileogunalakoro
https://www.instagram.com/quilomboquilomba/
https://www.instagram.com/ileogunalakoro/
https://www.instagram.com/gbogboaso/
""",Janete Baptista do Nascimento - Gestora,12/06/2023,OK,-22.6042779,-43.1081091
110,Centro Cultural Professor Jair Nunes Macuco,-,-,"Praça Princesa Isabel, 92, Centro",Carmo,Serrana,(22) 99733-9033,sec.cultur@carmo.rj.gov.br,-,-,@culturaeturismocarmocidadebela,-,Municipal,Decreto,Em implantação,Segunda a Sexta - Manhã e Tarde,Gratuito,-,Sim,Histórico,Não,Rampas para acesso,"O Centro Cultural Professor Jair Nunes Macuco consta com documentos, peças e acervos sobre a memória do município do Carmo",Paulo César Cordoeiro Perrut - Secetário de Cultura,08/06/2023,OK,-21.8921796,-42.5723319
111,Acervo do Encontro de Ceramistas em Paraty,-,-,"Rua Santa Rita, 187",Paraty,Costa Verde,(24) 99943-2277,encontroceramistasparaty@gmail.com,-,encontrodeceramistasemparaty,@encontrodeceramistas,-,Privada,Não existe documentação de criação do museu,Em implantação,-,Gratuito,-,Sim,Artes Visuais,Não,"O museu está em implantação, porém o acervo já é visitado por escolas de Paraty, São Paulo e Rio de Janeiro. ","O acervo do Encontro de Ceramistas em Paraty possui mais de 100 obras em cerâmica provenientes das exposições de convidados e ceramistas locais realizadas durante os encontros desde 2011. Realizamos a 15a edição em 2023. As obras do acervo foram doadas pelos convidados e por ceramistas locais. O acervo conta com obras das antigas paneleiras de Cunha(SP), obras sacras, até obras contemporâneas como esculturas e utilitários. O acervo conta também com uma coleção de material áudio visual, vídeos sobre artistas, comunidades de ceramistas e processos de elaboração em diversas técnicas de confecção de objetos e obras de arte em cerâmica. Como ponto positivo, as obras já são itinerantes, participando de exposições e em locais fora do município de Paraty. ",Luciana Marsilio - Coordenadora,12/06/2023,OK,-23.2203951,-44.7131986
112,Museu de Favela,MUF,10.632.640/0001-78,"Rua Saint Roman, 200 Pavão-Pavãozinho",Rio de Janeiro,Metropolitana I,(21) 2267-6374,info@museudefavela.org,https://www.museudefavela.org,museudefavela,@museudefavela,@museudefavela,Privada,Ata,Aberto,Segunda e Quinta - Manhã e Tarde,R$1 a 10,Alunos escolas públicas,Sim,Outros,Sim,,,Sidney Silva - Sócio Fundador,13/06/2023,OK,-22.9110137,-43.2093727
113,Associação de Amigos da Literaratura de Cordel,AMO CORDEL,43.997.787/0001-10,"Avenida Jambeiro, 620/701, Vila Valqueire",Rio de Janeiro,Metropolitana I,(21) 98855-0783,amocordel@gmail.com,-,-,@amocordel,-,Privada,Estatuto Social,Em implantação,-,Gratuito,-,Não,Antropologia e Etnografia,Não,Não existe em espaço físico (em fase de desenvolvimento),"""Somos a Associação de Amigos da Literatura de Cordel (AMO Cordel), instituição
formada a partir da participação de Poetas no âmbito da 17ª Festa Literária
Internacional de Paraty (FLIP) em 2019.
A AMO CORDEL é formada pelo mesmo grupo que solicitou junto ao IPHAN o registro
da Literatura de Cordel como Bem de Patrimônio Cultural Imaterial Brasileiro e que
articulou a Emenda Parlamentar que viabilizou a realização do Registro de
salvaguarda. Os principais objetivos é de preservar, difundir e dar apoio as atividades
de poetas no estado do Rio de Janeiro, por meio de realização de Projetos, Eventos e
Publicações, que ampliem a atuação desses poetas e estabeleça vínculo de
permanente interface com a sociedade Fluminense que os acolheu no trabalho e no
desenvolvimento de suas aptidões artística.
A AMO CORDEL realizou em parceria com a Belmira Ideias e Conteúdos o 3º Encontro
com Poetas Populares, no edital Aldir Blanc, da Secretaria de Estado de Cultura e
Economia Criativa, em 2020. Lançamos no dia 03/ 06 o Livro “A Independência do Brasil em Cordel: 200 anos de Fatos que marcaram a História” pelo Edital Retomada Cultural 2 da referida Secretaria de Estado. E faremos no próximo 21/06/23 na Livraria Blooks, em Botafogo
 
Na parceria  com a Iracema Filmes realizamos em julho de 2022 o 4º Encontro com
Poetas Populares do Edital de Fomento a Cultura da Secretaria Municipal de Cultura
(FOCA/SMCRJ) contemplado em uma única vaga, na Arena Fernando Torres em
Madureira. Realizamos o 5º Encontro com Poetas Populares em 2023 nos dias 02 e 03 de Junho no Centro da Musica carioca Arthur da Távola e no dia 10 de junho na arena
Dicró na Penha.""",Fernando da Silva Assumpção - Produtor,13/06/2023,OK,-22.9110137,-43.2093727
114,Ilê Alaketu Axé Ogun Dára,-,-,"Avenida Monsenhor Emerson de Negreiro (Avenida B), Lt 11, Qd 43",Maricá,Metropolitana III,(21) 96767-4897,mauriciosouza1408@gmail.com,-,ilealaketuaxeogumdara,-,-,Público-Privada,Não existe documentação de criação do museu,Em implantação,-,Gratuito,-,Sim,Histórico,Não,eliminação de barreiras arquitetônicas,"O Ilê Alaketu Axé Ogun Dara existe a 30 anos, foi fundado no município de São Gonçalo e se mudou em 2011 para Maricá. O Ilê Alaketu surgiu nos anos 90 em Rio do Ouro em São Gonçalo, através do Babalorisá Luciano D'ogun e no ano de 2010 veio para o município de Maricá em Chácaras de Inoã.",Mauricio de Souza Ferreira,14/07/2023,OK,-22.9088758,-42.8171914
115,Museu de Memórias da Praça Seca,MuMePS,-,-,Rio de Janeiro,Metropolitana I,(21) 96573-5652,mumeps.contato@gmail.com,-,mumeps_,@mumeps_,-,Privada,Ata,Aberto,-,Gratuito,-,Sim,Virtual,Sim,No momento apenas legendas para pessoas surdas nos vídeos,"""O museu é uma iniciativa comunitária e surge a partir da oficina de memória e patrimônio territorial baseada no contexto do território da Praça Seca, e que foi oferecida por um coletivo local à época Casa da Dona Antônia.
Na ocasião foram registrados três entrevistas com moradores da Praça Seca falando da sua relação com espaços culturais do bairro. O material deu origem ao museu e depois disso foram realizadas ações pontuais do MuMePS no território tendo voltado a atuar mais ativamente no ano de 2023 a partir de seu projeto de pesquisa visa aprofundar o olhar sobre as manifestações culturais temas no início do museu principalmente.""",Natália Oliveira Cristóvão da Silva,19/07/2023,OK,-22.9110137,-43.2093727
116,Clube Palmares,-,29.798.923/0001-12,"Avenida Roma, s/n, Jardim Europa",Volta Redonda,Médio Paraíba,(24) 99994-2058,palmares@clubepalmares.org.br,https://www.clubepalmares.org.br/,ClubePalmares,@clubepalmaresvr,-,Privada,Não existe documentação de criação do museu,Em implantação,-,Gratuito,-,Sim,Histórico,Não,"Grande parte do Clube está em uma área plana, onde ocorrem as nossas exposições e principais atividades, precisando de adequações nos banheiros e rampas nas salas para acesso de pessoas em cadeiras de rodas.como não dispomos de ajuda financeira, ainda não conseguimos fazer adaptações que possibilitem uma maior participação de pessoas com outras deficiências, como intérprete de libras ou placas em braile.",No ano passado tivemos a ideia de iniciar um centro de documentação com os documentos do próprio Clube fundado na década de 60. Começamos a separar e catalogar o que encontramos. A ideia é começar ainda esse ano a colher documentos e objetos da população negra da cidade. A motivação foi ter um local para receber esses materiais  de militantes negros que muitas vezes não têm o mesmo valor para família que acaba descartando inadequadamente. Contamos com o apoio e a assessoria remota do curso de arquivologia da Unirio. Fizemos um planejamento no qual abrimos o espaço do Clube para visitação de exposições ou atividades ligadas à memória da instituição para a comunidade.,Douglas Lucas - Voluntário,25/07/2023,OK,-22.5264576,-44.1310739
117,Museu do G.R.E.S Estação Primeira de Mangueira,-,30.029.219/0001-84,"Rua Visconde de Niterói, nº 1072, Mangueira",Rio de Janeiro,Metropolitana I,(21) 2253-3962,secretaria.mangueira@gmail.com,https://mangueira.com.br/site/,GRESEPMangueira,@mangueira_oficial,gresmangueira,Privada,Estatuto Social,Desativado Temporariamente,-,Gratuito,-,Não,Histórico,Sim,"Por enquanto não, mas esta em processo de adaptação. ","""Em sua sede social, denominada Palácio do Samba, existe um Centro de Memó ria,
com itens, como o saxofone do Pixinguinha, a ú ltima fantasia utilizada por Dona Zica,
nos ú ltimos meses, tem desenvolvido o projeto “MUSEU A CEÉU ABERTO DO SAMBA”
que num intenso envolvimento comunitário identi�icou diversas casas, locais, entre
outras referências histó ricas que caracterizam tais locais, como monumentos, o
trabalho de resgate e preservação da memó ria foi extremamente importante,
provocando o envolvimento e engajamento dos jovens, desenvolvendo outros
projetos concomitantes.
A Estação Primeira de Mangueira con�igura o orgulho de nossos moradores, sendo
o grande repositó rio de memó ria do povo preto, pobre e favelado de todo o paı́s. O
Carnaval de 2.019, “Histó ria Pra Ninar Gente Grande”, em que a Mangueira
apresentou ao povo brasileiro os seus heró is apagados, esquecidos e censurados dos
livros o�iciais de histó ria, merece estar na galeria dos momentos divinos de
inexplicável emoção, em que o povo em catarse reconheceu seus anô nimos heró is e
os resgataram dos porõ es dos apagamentos e os colocaram no mais alto lugar do
pó dio e que permitiu a Mangueira a conquista do seu vigésimo campeonato.""",Emanuelle Rosa - Museológa,28/07/2023,OK,-22.9083150,-43.2357681
118,Museu Flamengo,-,31.814.133/0001-25,"Av. Borges de Medeiros, 997",Rio de Janeiro,Metropolitana I,(21) 39235564,nlamothe@mude-sa.com,https://www.museuflamengo.com/,-,@museudoflamengo,-,Privada,Estatuto Social,Aberto,Todos os dias - Manhã e Tarde,Acima de R$30,Crianças até 5 anos e guias de turismo cadastrados,Sim,Histórico,Sim,"O Museu do Flamengo tem como premissa a acessibilidade e o acolhimento de todos os públicos com objetivo de proporcionar uma visita agradável e acessível. Na construção física, o museu dispõe de elevador acessível, pisos táteis, banheiros adaptados e sinalização universal.  No conteúdo audiovisual, dispomos de QR Code - localizado no ingresso físico e digital - com Libras, Língua Internacional de Sinais e Audiodescrição. Em caso de dúvidas procure um dos nossos colaboradores que estarão disponíveis para atendimento.","Os ídolos, as conquistas, a história do Mais Querido contada através de uma experiência que irá arrebatar os corações Rubro-Negros. Em um percurso que contempla 14 áreas temáticas, seja na terra, seja no mar, o visitante viverá emoções novas e recordará momentos que marcaram a vida do Flamengo para sempre. Uma atração imperdível. Um espetáculo inesquecível.",Natalia Lamothe Torres - Gerente,29/08/2023,OK,-22.9708462,-43.2173689
119,Renascença Clube,-,31.444.151/0001-62,"Rua Barão de São Francisco, 54 - Andaraí",Rio de Janeiro,Metropolitana I,(21) 99976-5023,cultural@renascencaclube.org.br,www.renascencaclube.org.br,RenascencaClube,@renacultural,@RenascencaClube,Privada,Não existe documentação de criação do museu,Em implantação,Quarta feira - Tarde e Noite,Gratuito,-,Sim,Histórico,Sim,"Adequações de comunicação - de acesso à informação e aos conteúdos,  eliminação de barreiras atitudinais, por meio de sensibilização e do convívio com as diferenças.","""O RENASCENÇA CLUBE 
O Renascença Clube fundado em 17 de fevereiro de 1951, por um grupo de famílias negras, é uma das mais importantes sociedades na história recente da população negra em suas lutas. É um clube cuja trajetória permeia e se confunde com a história da Cidade do Rio de Janeiro.
Desde a sua fundação, em 1951, o Renascença Clube tem como missão a difusão, valorização e transmissão do conhecimento da arte e da cultura afro-brasileira, se projetou no cenário sociocultural da Cidade do Rio de Janeiro sendo reconhecido como um das Sociedades Negras mais tradicionais, referência da história cultural negra e polo de resistência cultural da Cidade. Fruto desse reconhecimento por seu relevante valor histórico e cultural da Cidade do Rio de Janeiro recebeu o título de patrimônio cultural de natureza imaterial da Cidade do Rio de Janeiro através do Decreto Rio nº 50.913 de 1º de Junho de 2022, tombado pela Lei de Território Cultural nº 3033/2000 - por seu relevante valor histórico e cultural da Cidade do Rio de Janeiro e Ponto de Cultura – Ministério da Cultural Lei - Cultura Viva (nº  13.018/2014).
O Renascença Clube é signatário da carta de Santa Maria que criou a Associação Nacional dos Clubes e Sociedades Negras em novembro de 2006, no 1º Encontro Nacional de Clubes e Sociedades Negras, com o objetivo de promover a visibilidade dos clubes em âmbito nacional, com vistas ao fortalecimento destes espaços de memória (Centros de Cultura Afro, Ecomuseus e Museus Comunitários), identidade e resistência negra foi criado uma rede nacional de clubes negros, como metas:
•	Buscar o reconhecimento dos clubes e sociedades negras como Patrimônio Histórico e Cultural Afro-Brasileiro, com encaminhamento para o Instituto do Patrimônio Histórico e Artístico Nacional/IPHAN e Fundação Cultural Palmares, conforme os Artigos 215 e 216 da Constituição Federal de 1988;
•	Capacitar os gestores dos clubes na área da museologia comunitária, pelo Departamento de Museus/IPHAN, com profissionais indicados pela Associação Brasileira de Ecomuseus e Museus Comunitários/ABREMC; 
•	Revitalizar dos espaços físicos dos clubes e sociedades negras, a partir da abertura de linha de crédito específica em bancos estatais, com carência e a fundo perdido.
Em 13 de maio de 2022 criamos o centro de memória do Renascença Clube e iniciamos um processo ( Número: SEI 18007/000115/2022) no Instituto Estadual de Patrimônio Cultural - INEPAC de reconhecimento como patrimônio de Natureza Imaterial do Estado do Rio de Janeiro, e atualmente estamos desenvolvendo parcerias com universidades para catalogação e organização do acervo e desenvolvendo diversos projetos manifestações artístico-cultural no fortalecimento da formação cidadã, na identidade étnica de famílias afro-brasileiras e para a dinamização da vida cultural da Cidade do Rio de Janeiro. Recentemente recebemos a certificação como ponto de memória do IBRAM – Instituto Brasileiro de Museus. A meta é tornar nosso espaço  um museu comunitário de referência da Cultura Afro-Carioca. 
""",João Carlos Martins - Vice-presidente Cultural e Artístico,02/09/2023,OK,-22.9242687,-43.2491274
120,Ecomuseu Iguassú,-,-,"Rua Paraná, 34, Tinguá",Nova Iguaçu,Metropolitana II,(21) 99800-0761,victor.srantunes@gmail.com,-,@ecomuseuiguassú,@ecomuseuiguassú,@ecomuseuiguassú,Privada,Não existe documentação de criação do museu,Aberto,Quarta à domingo - Manhã e Tarde,R$1 a R$ 10,Crianças até 7 anos e idosos com mais de 60 anos de idade não pagam,Sim,Histórico,Não,Ainda não possui uma estrutura plena de acessibilidade,O Ecomuseu Iguassú começou a receber visitas em setembro de 2019. Fechou em março de 2020 por conta da pandemia de covid e reabriu em outubro de 2022. Trata da memória social da cidade de Nova Iguaçu e também realiza visitas ao rico patrimônio histórico da cidade.,Víctor dos Santos Romero Antunes - Curador,05/09/2023,OK,-22.7592175,-43.4508728
121,Centro Cultural Casa de Jota Rodrigues,-,-,"Rua Santa Luzia 719,Comd.Soares. ",Nova Iguaçu,Metropolitana II,(21) 97919-7903,centroculturaljotarodrigues@gmail.com,-,-,@casa.jotarodrigues719,-,Privada,Não existe documentação de criação do museu,"Aberto, funcionando parcialmente","Segunda - Manhã; Terça - Manhã e Tarde; Quarta, Quinta e Sexta - Manhã",Gratuito,-,Sim,Outros,Não,,"Crido no ano de 1984 para divulgar e promover a literatura de cordel e a tradição nordestina no âmbito escolar,acadêmico e social. ",Maria Aparecida de Oliveira - Gestora,06/09/2023,OK,-22.7592175,-43.4508728
122,Museu da Memória Negra de Petrópolis,-,-,"Rua Montecaseros, 178",Petrópolis,Serrana,(21) 96750-5049,museumemorianegrapetropolis@gmail.com,https://museudamemorianegradepetropolis.com/,@museumemorianegrapetropolis,,-,Privada,Ata,Aberto,"Todos os dias - Manhã, Tarde e Noite",Gratuito,-,Sim,Histórico,Sim,"O Museu da Memória Negra de Petrópolis se encontra em ambiente virtual, tendo recursos de acessibilidade auditiva e visual.","Um Museu de compromisso em manter e ampliar a cultura afro-brasileira de resistência e de trabalho da Memória Negra. Movimento coletivo dedicado a fundar um acervo público para mulheres e homens negros desta cidade, bem como reivindicar narrativas e promover ações identitárias e representativas para a população afro-petropolitana. Um Museu que faz a denúnica do apagamento de nossas memórias e anuncia a significativa dimensão da presença negra petropolitana. ",Guilherme Castro de Carvalho - Produtor,25/09/2023,OK,-22.5073681,-43.1883604
123,Associação Rio Memórias,-,380.130.060/001-76,Rua São José 40/4o andar,Rio de Janeiro,Metropolitana I,(21) 3231-9000,riomemorias@riomemorias.com.br,www.riomemorias.com.br,RioMemorias,@riomemorias,-,Privada,Estatuto Social,Aberto,"Todos os dias - Manhã, Tarde e Noite",Gratuito,-,Sim,Virtual,Sim,"O site tem VLIBRAS, ferramenta de acesso a língua brasileira de sinais e, também, os parâmetros W3C de acessibilidade, sendo possível ampliar os textos e ativar na tela o ""modo contraste"" para pessoas de baixa visão.","O museu virtual Rio Memórias (www.riomemorias.com.br), lançado em 2019, tem como missão documentar, preservar e documentar a história e a cultura da cidade do Rio de Janeiro, tendo como propósito despertar um novo olhar para a cidade, a fim de engajar o carioca na preservação do seu patrimônio material e imaterial, bem como disponibilizar referências e conteúdo científico, promovendo o senso crítico dos cariocas enquanto sujeitos históricos ativos, produtores de sentidos e narrativas próprios, de modo a construir uma memória social da cidade. A criação do Rio Memórias foi motivada pelas seguintes constatações: (1) de quão pouco os cariocas conhecem a história da cidade, (2) a importância desse conhecimento na construção da cidadania e (3) a inexistência de uma instituição voltada exclusivamente para narrativas sobre a história do Rio; (4) o descaso do poder público e da população com o patrimônio histórico e cultural; (5) a imensa desigualdade no acesso à informação e aos bens culturais; (6) a preponderância de uma narrativa eurocentrada e colonial/colonizada da história do Rio de Janeiro e do Brasil; (7) da necessidade de buscar um novo modo de pensar uma museologia mais comprometida com os problemas sociais das comunidades impactadas. mundo. Nesse período de quatro anos, recebemos mais de 300 mil visitantes, chegamos a 31 mil seguidores no Instagram e estamos presentes no Facebook, no YouTube além das 4 temporadas de podcast disponíveis nos principais tocadores com 80 mil downloads.",Livia de Sá Baião - Diretora,27/09/2023,OK,-22.9110137,-43.2093727
124,MUSEU AFRO VIRTUAL DO RIO,-,40.438.582/0001-07,Museu Virtual,Rio de Janeiro,Metropolitana I,(21) 98342-8058,museuafrovirtualrj@gmail.com,www.museuafro.rio.br,-,-,-,Público-Privada,Ata,Em implantação,-,Gratuito,-,Sim,Virtual,Não,,O museu é resultado de ações da Lei Aldir Blanc de 2021.,Tatiana Silva - Coordenadora Pedagógica,24/10/2023,OK,-22.9110137,-43.2093727
125,Centro Cultural Maria Beatriz,-,25.023.455/0001-53,"Rua Ferreira César, n° 269, Centro",Laje do Muriaé,Noroeste Fluminense,(22) 99754-6723,centroculturalmariabeatriz@gmail.com,-,centroculturalmariabeatriz,ccmbcentroculturalmariabeatriz,-,Público-Privada,Estatuto Social,Aberto,"Segunda - Sexta - Manhã, Tarde e Noite",Gratuito,-,Sim,Histórico,Não,Atende todos os quesitos acima,"ACEFE foi criada para preservação do acervo histórico do município de Laje do Muriaé,  para além disso contamos com uma biblioteca atualizada, sala de documentário,  sala Cândido Portinari com réplicas das obras do autor. Oferecemos exposições guiadas, oficinas de vários seguimentos da arte, cursos, palestras, oficinas literárias, eventos, shows,  entre outros. A Associação hoje é considerada  polo de cultura do nosso município.",Maria Beatriz Silva - Presidente,27/11/2023,OK,-21.2513259,-42.1153822
126,Associação de Capoeira Kilombarte  / Iê - Museu Vivo de Arte e Cultura da Capoeira,-,31.840.523/0001-70,"Rua Júpiter, 84 - Vila Olimpia, Guapimirim",Guapimirim,Metropolitana III,(21) 96934-0430,contato@kilombarte.org.br,https://kilombarte.org.br,@kilombarte.capoeira @iemuseudacapoeira,@kilombarte.capoeira @iemuseudacapoeira,-,Privada,Estatuto Social,Aberto,Segunda a sábado - Manhã e Tarde; Domingo de manhã,Gratuito,-,Sim,Imagem e Som,Não,"""A Convenção sobre os Direitos da Pessoa com Deficiência (ONU, 2006) em seu artigo 9º  prevê que “os Estados Partes tomarão as medidas apropriadas para assegurar às pessoas com deficiência o acesso, em igualdade de oportunidades com as demais pessoas, ao meio físico, ao transporte, à informação e comunicação”. Sendo o Brasil signatário desta Convenção deve acatar o previsto em seu artigo 30 quando esta garante aos seus cidadãos “a participação na vida cultural e em recreação, lazer e esporte”. E, ainda, assumir “o direito das pessoas com deficiência de participar na vida cultural, em igualdade de oportunidades com as demais pessoas” devendo, para tanto, viabilizar as medidas necessárias para tal fim.

Citamos aqui a Lei 10.098 de 19 de dezembro de 2000 que, ao determinar diretrizes e normas para promover acessibilidade às pessoas com deficiência e/ou mobilidade reduzida pressupõe “a supressão de barreiras e de obstáculos nas vias e espaços públicos, locais de espetáculos, no mobiliário urbano, na construção e reforma de edifícios e nos meios de transporte e de comunicação”.

Julgamos imprescindível o cumprimento da meta 29 do Plano Nacional de Cultura, instituído pela Lei Federal nº 12.343 em 02 de Dezembro de 2010 que obriga a totalidade das bibliotecas públicas, museus, arquivos públicos e centros culturais garantam acessibilidade e promovam fruição cultural para pessoas com deficiência através de formatos acessíveis em seus acervos e atividades.

O Plano Nacional dos Direitos da Pessoa com Deficiência - Viver sem Limite (DECRETO 7.612/2011) endossa a meta 29 do plano nacional de cultura quando, dentre outras diretrizes, pressupõe a articulação de políticas governamentais no atendimento pleno a pessoas com deficiência prevendo o acesso amplo à educação, inclusão social e atenção à saúde de modo acessível.

A ANCINE, em sua Instrução Normativa de nº 116/2014, “estabelece a obrigação de inclusão de Legendagem, Legendagem Descritiva, Audiodescrição e LIBRAS nas cópias das obras audiovisuais brasileiras independentes fomentadas com recursos públicos federais”. E, reiterou em sua Instrução Normativa 128/2016, que todas as salas de cinema estariam obrigadas a fornecer, até o ano de 2020, aparelhos de acessibilidade para deficientes visuais e auditivos sob  pena de serem multadas. Contudo, uma nova instrução normativa do ano de 2018, relativiza a obrigatoriedade legal quando dispensa a obrigação de acessibilidade quando os filmes estejam exibidos em um número limite de 20 salas simultaneamente. Esta ação reduz custos para as produtoras, mas, em outra via, limita acesso e oferta das produções às pessoas com deficiências, o que implica a sociedade civil, no nosso entendimento, na consecução destas metas.

Deste modo, estabelecemos no escopo do projeto do museu,  não somente viabilizar versões acessíveis dos produtos gerados à pessoas com deficiência como também dialogar sobre esse aspecto sensível da garantia dos direitos culturais com profissionais e instituições que dialogam com o Iê - Museu Vivo de Arte e Cultura da Capoeira em rede. 

Acreditamos que as iniciativas a serem assumidas pelo  Iê - Museu Vivo de Arte e Cultura da Capoeira e equipe, promoverão impactos positivos, diretos e indiretos, na vida dos nossos atendidos/as e agentes culturais envolvidos em nossa proposta assim como também promoverá mudanças positivas de comportamento a serem adotadas pelas pessoas que participam de nossas ações. 
""","""O Iê – Museu Vivo de Arte e Cultura da Capoeira foi concebido a partir do recolhimento de peças transferidas por doação, e especialmente do acervo pessoal do Mestre Paulão Kikongo, que reúne uma diversidade de materiais relacionados ao mundo da capoeira, entre livros, jornais, cartazes, fotografias, troféus, mídias, equipamentos de audiovisual, berimbaus, xequerês, agogôs, reco-recos, macumbas e outros instrumentos acessórios da Roda de Capoeira. 

O acervo começa a ser adquirido desde o final da década de 1970. O mestre faz a sua iniciação pelas mãos de Odinei Nascimento Costa, aluno do Mestre José Machado dos Santos (Mestre Machado), quando este realizaria o seu o “batismo” na Capoeira no início dos anos 80.

Como museu vivo, o Iê tem como finalidade a sensibilização da comunidade local e do público em geral, por meio da oferta de atividades educativas, artísticas e culturais e da disponibilização de coleções bibliográficas e audiovisuais para consulta.

“Iê” é a saudação, o cumprimento na entrada ou saída da Roda de Capoeira. É utilizado também para chamar a atenção dos alunos e alunas para o início de uma atividade ou o fim desta.

O Iê – Museu Vivo de Arte e Cultura da Capoeira é uma iniciativa associada à salvaguarda da capoeira e representa a saudação a todos os Mestres e Mestras que no passado envidaram esse patrimônio e àqueles e àquelas que mantém viva a memória e o encantamento da nossa arte.""""A Associação de Capoeira Kilombarte, reconhecida pelo IBRAM como Ponto de Memória e Instituição responsável pelo Ponto de Cultura Rádio Capoeira e pela Biblioteca Comunitária Francisco da Silva Cyríaco (maior biblioteca comunitária da região com mais 12 mil livros, revistas e jornais), lançou, no 21 de outubro de 2023, no Bairro de Vila Olímpia, na cidade de Guapimirim, estado do Rio de Janeiro, o Iê – Museu Vivo de Arte e Cultura da Capoeira.
A data escolhida para o lançamento é a mesma do Registro da Roda de Capoeira no Livro de Expressões do IPHAN, e do Ofício dos Mestres e Mestras de Capoeira no Livro dos Ofícios do referido órgão nacional de proteção e defesa do Patrimônio Cultural.

O Iê – Museu Vivo de Arte e Cultura da Capoeira foi concebido a partir do recolhimento de peças transferidas por doação, e especialmente do acervo pessoal do Mestre Paulão Kikongo, que reúne uma diversidade de materiais relacionados ao mundo da capoeira, entre livros, jornais, cartazes, fotografias, troféus, mídias, equipamentos de audiovisual, berimbaus, xequerês, agogôs, reco-recos, macumbas e outros instrumentos acessórios da Roda de Capoeira.

Nosso Museu
O acervo começa a ser adquirido desde o final da década de 1970. O mestre faz a sua iniciação pelas mãos de Odinei Nascimento Costa, aluno do Mestre José Machado dos Santos (Mestre Machado), quando este realizaria o seu o “batismo” na Capoeira no início dos anos 80.

Como museu vivo, o Iê tem como finalidade a sensibilização da comunidade local e do público em geral, por meio da oferta de atividades educativas, artísticas e culturais e da disponibilização de coleções bibliográficas e audiovisuais para consulta.

“Iê” é a saudação, o cumprimento na entrada ou saída da Roda de Capoeira. É utilizado também para chamar a atenção dos alunos e alunas para o início de uma atividade ou o fim desta.

O Iê – Museu Vivo de Arte e Cultura da Capoeira é uma iniciativa associada à salvaguarda da capoeira e representa a saudação a todos os Mestres e Mestras que no passado envidaram esse patrimônio e àqueles e àquelas que mantém viva a memória e o encantamento da nossa arte.""",Paulo Henrique Menezes da Silva (Mestre Paulão Kikongo) - Presidente,05/12/2023,OK,-22.6668929,-43.0234348
127,Museu Histórico Municipal Antônio Ventura Lopes,-,-,"Praça Ary Pareiras, 156, centro",Miracema,Noroeste Fluminense,(22) 3852-0952,culturademiracema@gmail.com,-,-,-,-,Municipal,Lei,Aberto,Segunda a sexta - manhã e tarde,Gratuito,-,Não,Histórico,Sim,O museu não possui acessibilidade.,"""No ano de 2009, foi designado o nome de Museu Antônio Ventura Coimbra Lopes à exposição de longa duração já existente no Centro Cultural Melchíades Cardoso, pertencente à Secretaria Municipal de Cultura e Turismo, da Prefeitura Municipal de Miracema, em reconhecimento aos relevantes serviços prestados por este importante político ao município onde exerceu diversas funções públicas – Prefeito de Pádua, Presidente do Partido Separatista de Miracema, Presidente da UDN, Vereador de Pádua e de Miracema.
Em 2016, passa a se denominar Museu Histórico Municipal Antônio Ventura Coimbra Lopes, por meio da Lei nº 1.683 de 15 de dezembro do mesmo ano, que dispõe sobre sua regulamentação, e, tendo como missão reconhecer, conservar, preservar e valorizar a história e a memória do município de Miracema na Região Noroeste do Estado do Rio de Janeiro.
O Museu está vinculado ao Centro Cultural Melchíades Cardoso, pertencente à Secretaria Municipal de Cultura e Turismo, da Prefeitura Municipal de Miracema, instituição com uma trajetória de 30 anos voltada para a pesquisa, para a promoção cultural e para a preservação da memória do município de Miracema. A estrutura do Centro Cultural é composta pelo Museu, o Arquivo Histórico e a Biblioteca. A instituição tornou-se importante ponto de referência para alunos, pesquisadores e comunidade em geral devido à natureza diversificada de seu acervo, que possui registros que remontam ao final do século XIX, constituindo-se de importante fonte de pesquisa sobre administração municipal, ações cíveis e criminais, escravidão negra, além de diversos conjuntos documentais privados.
O Museu possui uma sala de exposição de longa duração que, atualmente, apresenta exposição que conta a história do município, desde os antecedentes da fundação da cidade de Miracema até seu processo de emancipação político-administrativa, bem como um espaço para exposições temporárias. Ainda possui uma reserva técnica organizada a partir de espaço utilizado como depósito de objetos não expostos pertencentes à instituição.
O acervo é composto por cerca de 5 mil itens de tipologias variadas, como arte sacra, artes visuais, aparelhos eletrônicos, equipamentos de trabalho, fragmentos de construção, indumentária, máquinas industriais, mobiliário, entre outros.""",Gustavo Oliveira Tostes - Museólogo,06/12/2023,OK,-21.4121000,-42.1966000
128,Memórias do Cerro Corá,-,-,"Rua João de Lery, 68 - Cosme Velho",Rio de Janeiro,Metropolitana I,(21) 98348-7096,moradoresemmovimento@gmail.com,https://www.flickr.com/photos/198927470@N02/albums/,https://www.facebook.com/profile.php?id=100064561095218&mibextid=ZbWKwL,https://instagram.com/memoriascerrocora?igshid=OGQ5ZDc2ODk2ZA==,-,Público-Privada,Não existe documentação de criação do museu,Aberto,Segunda a sexta - Tarde e noite; sábados manhã e tarde,Gratuito,-,Sim,Imagem e Som,Não,"Por conta da geografia da favela, com muitas subidas e escadas, a localização do Museu não difere dessas características. Iremos a médio prazo, na medida do possível, nos adequar com relação à acessibilidade.","O memórias  do Cerro Corá é um espaço cultural criado em 2013, pelo coletivo Cerro Corá Moradores em Movimento que tem como objetivo pesquisar e preservar a memória local. Nossas lembranças não podem ser esquecidas e nossas histórias precisam ser contadas.além de ser um lugar que promove o respeito à diversidade, opiniões, crenças, nas suas mais variadas expressões. Acreditamos que a Museologia social é uma das melhores formas de olhar a vida, o passado, o presente e o futuro.Por  ser o único lugar que possibilita essa troca de vivências, o memórias  tem uma grande relevância na favela do Cerro Corá, pois ajuda na construção da identidade pessoal, social e cultural das crianças e dos moradores desse território.",Luciane Medeiros Belmiro - Administradora,07/12/2023,OK,-22.9408161,-43.2032332
129,Projeto Potencializa,-,-,"Ladeira dos Guararapes, 121, Cosme Velho ",Rio de Janeiro,Metropolitana I,(21) 98182-5568,potencializaoficinas@gmail.com,-,-,@potencializa_oficinas,-,Público-Privada,Não existe documentação de criação do museu,Em implantação,Sexta e Sábado - Noite,Gratuito,-,Sim,Histórico,Não,"O espaço ainda está se solidificando, portanto ainda não há um projeto de acessibilidade. Estamos estudando para que a médio prazo o espaço haja equipamentos e mobiliários que permitam o convívio com as diferenças.","O Potencializa visa a desenvolver atividades de leitura, escrita, artes e preservação da memória com crianças da favela do Guararapes. O objetivo do espaço é promover o respeito à diversidade, opiniões, crenças, nas suas mais variadas expressões. ",Priscilla do Nascimento Costa da Silveira - Fundadora do Projeto,08/12/2024,OK,-22.9408235,-43.2045356
131,Centro de Estudos Afro-brasileiros Ironides Rodrigues,-,10.989.54/0001-01,"Rua Manoel Miranda da Silva, 307 - Niterói",Niterói,Metropolitana III,(21) 98814-9797,contatoceabir@gmail.com,https://ceabir.com.br/,-,https://www.instagram.com/ceabir/,-,Privada,Não existe documentação de criação do museu,Em implantação,Sábado a tarde,Gratuito,-,Sim,Imagem e Som,Não,Estamos investindo em ações e obras de acessibilidade às visitas em nossa sede e ao acervo digital.,Iniciamos com a organização do acervo material e digital da cultura do Jongo,Ana Bartira da Penha Silva - Coordenadora do CEABRIR,09/12/2023,OK,-22.8740591,-43.0970003
132,Museu Casa Bumba meu boi Raízes de Gericinó,-,13.165.751/0001-00,"Estrada do Gericino, 80 - Bangu",Rio de Janeiro,Metropolitana I,(21) 98822-1448,raizesdegericino@gmail.com,www.raizesdegericino.org,Raizes de Gericinó,@raizesdegericino,-,Privada,Estatuto Social,Aberto,"Segunda, Quarta e Sexta - Manhã / Terça e Quinta - Manhã e Tarde",Gratuito,-,Sim,Histórico,Sim,"Voluntários PCD, rampa de acesso, espaço arquiteto sem barreiras",""" Raízes de Gericinó (ou simplesmente, Raízes!), cuja família de maranhense que a fez busca a reinvenção da cultura folclórica do Bumba Meu Boi em terras banguenses. O grupo tem uma matriarca: Dona Rosa, ex-quebradeira de coco Babaçu no Maranhão e uma fiel transmissora da tradição do Bumba Meu-Boi-Maranhense.
Para além dos festejos e da tradição do “Boi” que acompanham a associação, a sua fundação nasceu da necessidade de atender as crianças e jovens da Aldeia e seu entorno. As atividades culturais envolvem a criação e produção de indumentárias e adereços do bumba meu boi, ensaios do grupo folclórico “Estrela do Gericinó” e as festividades anuais.(Arraiá  Flor da Roça)A associação possui uma biblioteca infanto-juvenil, um cineclube,  e um acervo museológico (Museu Casa Bumba meu Boi)que serve tanto para dinamizar as ações comunitárias e do grupo folclórico como para atrair turistas, estudantes e migrantes nordestinos. 
""",Auricelia Padilha Mercês  - Presidente,11/12/2023,OK,-22.8509244,-43.4752649
133,Instituto de Imagem e Cidadania (Ecomuseu Rural),-,380.872/00001-76,"SITIO - CORREGO DE SANTO ANTONIO, Nº: SN",Bom Jardim,Serrana,(22) 99926-1322,ecomuseurural@gmail.com,-,Facebook: ecomuseurural,Instagram: @ecomuseurural,-,Municipal,Estatuto Social,Aberto,Segunda à sexta - Manhã e tarde,Gratuito,-,Sim,Artes Visuais,Não,"Atualmente o Ecomuseu fornece rampa para cadeirantes e tem produzido material em braile, audiodescrição e quando há necessidade contrata profissionais de libra.","O Ecomuseu Rural desenvolve ações voltadas para a preservação da cultura presente nos territórios rurais através da exposição de objetos e fotografias da cultura rural, oficinas de educação patrimonial através das artes visuais e da cultura popular, percursos de visitação a casa e propriedades de mestres e da agricultura familiar.",Marjorie de Almeida Botelho - Coordenadora Geral,15/12/2023,OK,-22.2061080,-42.3797574
134,SOLAR DOS MELLOS - MUSEU DA CIDADE DE MACAÉ,-,-,"RUA CONDE DE ARARUAMA, 248, CENTRO",Macaé,Norte Fluminense,(22) 2759-5049,msolardosmellos@gmail.com,macae.rj.gov.br,@secretariadeculturademacae,,-,Municipal,Lei,Aberto,Segunda à sexta - Manhã e tarde,Gratuito,-,Sim,Histórico,Não,Rampa de acesso e banheiro apropriado.,"Chalé construído em 1891, ultima residência da Família Mello, adquirida por meio de desapropriação pelo Município em 1999. Restaurado e inaugurado em 02/12/2004. Guarda o acervo do Centro de Memória Antonio Alvarez Parada, composto de objetos de gabinetes de antigos Prefeitos, documentos jurídico-cartoriais, da Câmara Municipal, Acervo documental e bibliográfico de Macaé e região. Possui um espaço de exposição permanente (Sala dos Prefeitos) e duas salas de exposições de curta a média duração. Possui auditório, denominado Washington Luís (Presente do Brasil e macaense) onde são realizadas contação de histórias para o público escolar, palestras, lançamentos de livros, reuniões de Conselhos Municipais, entre outras atividades. Atende o público escolar de variadas faixas etárias e de escolaridade. Em breve, passará por reforma.",SALMA PACHECO DE MACEDO - Assistente de Administração,15/12/2023,OK,-22.3725590,-41.7803751
135,Museu de Sítio Arqueológico Sambaqui da Tarioba,-,22.46.138/0001-09,"Rua Bento Costa Júnior, 70",Rio das Ostras,Baixadas Litorâneas,(22) 27641768,casadeculturabentocosta@gmail.com,https://fundacaoriodasostrasdecultura.rj.gov.br/,@froc.oficial,@froc.oficial,-,Municipal,Decreto,Aberto,Segunda à sexta - Manhã e tarde; Sábado a tarde,Gratuito,-,Não,Arqueologia,Não,,"Inaugurado em 1999, o Museu é um dos poucos museus “in situ” do Brasil, ou seja, com materiais expostos da forma como foram encontrados. Ele conta com exposição permanente de peças catalogadas por época, origem e denominação pelo Instituto de Arqueologia Brasileira-IAB, em reconstituição da pré-história da região.",Adilson Lourenço Lopes - Diretor da Casa de Cultura e Museu,18/12/2023,OK,-22.5280966,-41.9403915
136,Centro Cultural Estação Nogueira/Museu do Trem,-,-,Av.Leopoldina 317 Nogueira,Petrópolis,Serrana,(24) 99915-4183,jsergiohistoria@gmail.com,-,-,-,-,Municipal,Decreto,Aberto,Terça à sexta - Manhã e tarde; Sábado e Domingo de manhã,Gratuito,-,Não,Histórico,Não,Acesso por rampas.,"Localizado em uma centenária estação ferroviária o espaço abriga uma sala de leitura,  auditório multiuso, sala com a história do bairro e sua estação (história local) e o museu ferroviário resgatando, por meio de imagens e objetos,  a história da ferrovia na região. ",João Sergio Silva Junior - Coordenador,21/12/2023,OK,-22.4225475,-43.1309128
137,Museu Cultural do Rádio de Magé,-,-,"Rua Presidente Juscelino, 62 - Parque Boneville, Magé. Estrada Rio-Teresópolis km 122",Magé,Metropolitana II,(21) 99778-2035,museuculturaldoradio@gmail.com,Não possui,Facebook: Mara Nila Amaral,-,-,Privada,Não existe documentação de criação do museu,Aberto,Todos os dias - Manhã e tarde,R$1 a R$ 10,Gratuidade para grupos de escolas,Não,Imagem e Som,Não,Não,"O Museu foi criado em 1999 a partir da iniciativa do Sr. Benito e ao longo do tempo foi recebendo e comprando os itens históricos. Dentre o acervo constam rádios, televisores, telefones, ventiladores, discos de vinil de diferentes épocas. Existem peças de quase 100 anos ainda em funcionamento. O museu reúne mais de 1.000 (mil) peças.",Benito Mussoline Bruno - Gestor do Museu,26/12/2023,OK,-22.6042779,-43.1081091
138,Associação de Capoeira Raízes de Aruanda,ACRA,37.01.308/0001-53,Rua Azeviche número 20 bairro Sol y mar,Macaé,Norte Fluminense,(22) 99825-2559,mestredengo@gmail.com,Não possui,mestredengo,"Instagram aruandamacaeraizes, Instagram mestredengo",-,Estadual,Estatuto Social,"Aberto, funcionando parcialmente","Segunda, quarta e sexta - tarde / Terça e quinta - noite",Gratuito,-,Sim,Imagem e Som,Não,Não,"O museu surgiu pela necessidade de preservar a indentidade cultural dos fazedores de Cultura popular e a preservação histórica, Municipal e Estadual, fortalecendo assim as possibilidades de informações aos interessados.",Manoel da Cruz Vieira  - presidente fundador,26/12/2023,OK,-22.2828305,-41.9649091
139,Ilê Asé Iya Oju Omi,IAIOO,-,Rua Therezinha Chispiniana. casa 36 - Boa Vista - São Pedro da Aldeia,São Pedro da Aldeia,Baixadas Litorâneas,(22) 99743-6799,ileaseiyaojuomi@gmail.com,https://ileaseiyaojuomi.wixsite.com/website,ileaseiyaojuomi_,ileaseiyaojuomi_,ileaseiyaojuomi_,Privada,Não existe documentação de criação do museu,Em implantação,"Terça, quinta e sábado - Tarde",Gratuito,-,Sim,Outros,Não,-,"""O ponto de cultura e ponto de memória Ilê Asé Iya Oju Omi possui mais de 20 anos de tradição, o Ilê Asé Iya Oju Omi é o primeiro ponto de cultura Afro e Indígena de São Pedro da Aldeia/RJ reconhecido pelo Governo Federal e recentemente foi reconhecido como Ponto de Memória pelo IBRAM (Instituto Brasileiro de Museus).

É uma comunidade matriarcal voltada para o sagrado feminino que reverencia Oxum e Oxóssi, um terreiro de acolhimento, ativista das causas raciais, preservando a memória coletiva afro-diaspórica e dos povos originários.

Possui o Certificado Estadual Heloneida Studart de Cultura e promove ações socioculturais.""",Marcia Rosaria de Oliveira Carvalho - Iyalorisá,26/12/2023,OK,-22.7812782,-42.1200358
140,Associação Cultural para Desenvolvimento de Tecnologias Humanas- Ponto de Memória Museu Social Quilombos do Rio de Janeiro,-,11.290.496/0001-00,Rua 535 n 752 apt 401 Jardim Paraiba Volta Redonda RJ- End Fazenda Santana do Turvo - Amparo RJ,Volta Redonda,Médio Paraíba,(24) 3016-0777,institutodagaz@hotmail.com,www.br.acozinhadosquilombos.com.br Home - Cozinha do Quilombo,Não temos uma Rede própria,-,-,Privada,Portaria,Aberto,Todos os dias - Manhã e tarde,Gratuito,-,Sim,Artes Visuais,Não,"eliminação de barreiras de fruição, de acesso à informação e aos conteúdos etc. - e a eliminação de barreiras atitudinais, por meio de sensibilização e do convívio com as diferenças.","O museu teve como inicio o Prêmio Cultura Popular Fluminense, proveniente do livro A Cozinha dos Quilombos: Memória, Sabores e Território este livro mapeou os Quilombos existente no Estado sendo estes Titularizados e Certificados. O projeto do livro deu muito certo ganhamos muitos espaços pelo Estado e em outros espaços para Palestras e exposição isto nos deu um rico material, A Fazenda Santana do Turvo fazenda histórica no municipio de Amparo nos deu um espaço para formar o Museu Social, hoje se encontra aberto a visitação e acomoda nosso acervo. ",Marinez Teodoro Fernandes - Coordenadora,27/12/2023,OK,-22.5218560,-44.1040128
141,Associação Nhandeva,-,24.61.167/0001-85,"Rua Altos das Pedras Azuis, Sitio Bela Vista ",Paraty,Costa Verde,(24) 99232-8186,info@nhandeva.org,www.nhandeva.com,-,-,-,Municipal,Não existe documentação de criação do museu,Em implantação,-,Gratuito,-,Sim,Imagem e Som,Não,Estamos fazendo materiais de áudio e de impacto visual e sensorial para os próximos projectos,Temos acervos de peças utilizadas em várias exposições no Museu Forte Defensor Perpétuo em Paraty,Roque Antonio González Menoret - Presidente,29/12/2023,OK,-23.2196461,-44.7154196
142,Ação Animatographo de Promoção e Integração Cultural e Social (Projeto Estradas da História),-,50.75.785/0001-85,"Estrada União&Indústria, RJ151, km ZERO, distrito de Mont'Serrat, em Levy Gasparian, RJ",Comendador Levy Gasparian,Centro Sul,(21) 2611-7617,administrativo@animatographo.org.br,www.estradasdahistoria.org.br,Facebook: Ação Animatógrapho,Instagram: @tracosecoresdahistoria,-,Privada,Não existe documentação de criação do museu,Em implantação,Segunda a noite / Sábado de manhã e tarde / Domingo de manhã,Gratuito,-,Sim,Outros,Não,"O projeto está em implantação e sofre atualmente por uma solução de continuidade, pois os recursos prometidos pela SececRJ estão atrasados em mais de 4 anos e tivemos que interromper sua instalação! Mas quanto ao museu propriamente dito, e um ambiente físico aberto e inteiramente acessível, ou seja, não há barreiras, embora vamos ter monitores para conduzir eventualmente os visitantes que assim o desejarem. Na internet, por sua vez, temos produzidos vídeos com áudio-descrição e legendagem no canal Memorial Cultural do Café, único setor do Museu que está disponível. O que nos falta neste momento são recursos para instalar junto ao mural um sistema de áudio que permita a inclusão de deficientes visuais severos e uma plataforma para implantação de linguagem braile e utilização rotineira de um tradutor de libras nos eventos presenciais. ","""O museu Estradas da História é um Ponto de Cultura, implantado em 2018 e que vem atuando no registro audiovisual, fotográfico e pictórico da memória e do patrimônio material da região centralizada no Museu Rodoviário de Paraibuna, no município de Levy Gasparian,, divisa dos estados do Rio de Janeiro e Minas Gerais. O projeto, a partir de 2023, foi classificado como Ponto de Memória reconhecido pelo Ibram. Atuamos em contextos comunitários e artísticos incentivando o reconhecimento da história e do patrimônio ambiental e cultural como bens comunitários a serem preservados e compreendidos em suas essências.
Tivemos quatro ações principais neste período:
1) Implantação e permanência do Ponto de Cultura Estradas de História 2015/2023 em Comendador Levy Gasparian, sede do Ponto de Cultura com atividades em teatro, vídeo, fotografia e educação patrimonial (permanência e continuidade das atividades formativas); 
2) Realização do projeto de arte urbana Traços e Cores da História (2022), concepção e realização do grande mural histórico de Paraibuna, distrito de Mont’Serrat em Levy Gasparian, RJ; 
3) Realização do projeto de difusão cultural Caravana Caiçara (2022/2023) em Rio das Flores Arraial do Cabo e Niterói, projeto de difusão da cultura caiçara a partir da realização do projeto multicultural O Destino do Changri-lá;
4) Manutenção (mínima) das atividades básicas no Ponto de Cultura São José das Culturas, em Belmiro Braga, MG.
. Estamos realizando o projeto Estradas da História, de memorialismo social e registro de patrimônio cultural através de oficinas e ações de audiovisual, fotografia, teatro e artes plásticas tendo por plataforma a educação patrimonial de jovens e adultos e por objetivo o registro e a expressão em imagens do patrimônio, ambiental, material e imaterial da região centralizada em Paraibuna, no município de Comendador Levy Gasparian, na divisa entre os estados do Rio de Janeiro e Minas Gerais, entre Três Rios (RJ) e Juiz de Fora (MG). 
É digno de registro que mesmo durante a pandemia, não ficamos paralizados: 
• continuamos ativos virtualmente com atividades on-line. Mantivemos intensa atividade pelo WhatsApp, com troca de milhares de mensagens e dezenas de vídeos e centenas de fotografias e focadas nos objetivos do Ponto de Cultura; 
• recebemos a premiação de emergência da Lei Aldir Blanc e produzimos cinco vídeos sobre a História do cinema e sobre a preservação e registro do Patrimônio Cultural com materiais de arquivo.
Em 2020 e 2021 as atividades ficaram prejudicadas pela pandemia, mas ainda assim mantivemos atividade on-line pelo WhatsApp, com troca de milhares de mensagens e dezenas de vídeos e centenas de fotografias e produzimos 5 vídeo-aulas, focadas nos objetivos do Ponto de Cultura. 
A partir de setembro de 2021 retomamos pouco a pouco os contatos presenciais e voltamos a nos reunir esporadicamente, ainda respeitando as restrições sanitárias por causa da Covid19. 
Em maio de 2022 retomamos plenamente as atividades presenciais. Nesta terceira fase do Ponto de Cultura Estradas da História realizamos outros seis vídeos documentais sobre as atividades que transcorreram de maio de 2002 a março de 2023 nas cidades de Levy Gasparian e Rio das Flores, principalmente com a exitosa realização do projeto Traços e Cores da História, que trouxe atividades artísticas e de educação patrimonial que produziram o grande mural sobre a formação social e cultural da região. 
O Mural de Paraibuna foi realizado com forte sinergia comunitária, tanto no que diz respeito ao trabalho dos historiadores locais do projeto quanto na decisiva intervenção dos idosos da comunidade, que deram subsídios testemunhais e contribuíram sobremaneira na estruturação definitiva da linha do tempo e do layout do nosso mural. 
O que nós precisamos (e queremos) fazer daqui pra frente
Temos três ações que queremos realizar nos próximos movimentos do projeto:
1) Qualificação técnica de jovens para monitoria turística;
2) O Museu de Memórias do Paraibuna;
3) Inventário do acervo até agora reunido.

O Museu de Memórias do Paraibuna vai concentrar sua ação no registro de histórias pessoais e familiares da comunidade e das atividades econômicas da região desde o século 18.
O inventário vai organizar o acervo digital, de imagens e documentos do Ponto de Memória.
A qualificação para monitores turísticos precisa ir ao encontro da forte vocação turística da região de Paraibuna (Mont’Serrat), que está inserida no circuito turístico fluminense denominado Caminhos Coloniais.
Além do que tem sido feito, queremos também a qualificação de jovens da região para atividades futuras (hoje cada vez mais próximas) de monitoria de turismo ecocultural e geração de acervo digital para o Museu Rodoviário.
As atividades de educação patrimonial foram o primeiro movimento neste sentido e têm avançado satisfatoriamente, mas a qualificação técnica para a monitoria turística precisa ser colocada em método para que os jovens possam ser absorvidos na estrutura do Museu quando esse bem patrimonial único voltar às atividades.
O Museu Rodoviário de Paraibuna, o único no gênero em toda a América Latina, depois de mais de 10 anos fechado, finalmente entrou em restauração de sua estrutura física (o acervo de bens móveis já foi quase todo recuperado) e a previsão é que no prazo de um ano deverá estar em condições de voltar a funcionar.
Esta qualificação para monitores de turismo cultural receptivo reveste-se agora de extrema importância, pois os jovens já qualificados pelo Ponto de Cultura se juntarão a outros jovens que poderão ser absorvidos na estrutura de funcionamento do Museu Rodoviário de Paraibuna, agora inteiramente administrado pela prefeitura de Levy Gasparian através da Secretaria Municipal de Turismo e Cultura.

""",Flávio Cândido da Silva - Diretor,03/01/2024,OK,-22.0534699,-43.2511049
143,Casa Museu Padre Guilherme de Bot,-,-,"R. Lúcia Helena Faccini, 353-403 - Parada Angélica, ",Duque de Caxias,Metropolitana II,(21) 2778-1799,marinilson.oliveira@gmail.com,-,@casamuseupguilhermedebot,-,,Publico-privada,Não existe documentação de criação do museu,"Aberto, funcionando parcialmente",-,Gratuito,-,Sim,Histórico,Não,Ainda em estudo.,"A Casa Museu é a antiga residência daquele que foi seu primeiro pároco, Padre Guilherme de Bot. Possui um acervo mobiliário, artigos religiosos, paramentos de missa e utensílios usados pelos sacerdotes que nele viveram.",Marinilson Cláudio Ferreira de Oliveira - Monitor,03/01/2024,OK,-22.6429163,-43.3021266
144,MUSEU DO SAMBA,-,42.48.634/0001-19,Rua Visconde de Niterói numero 1296 - Mangueira,Rio de Janeiro,Metropolitana I,(21) 97047-2126,gerente.tecnico@museudosamba.org.br,www.museudosamba.org.br,https://www.facebook.com/museu.do.samba/,https://www.instagram.com/museudosamba/,-,Privada,Estatuto Social,Aberto,Terça a Sábado - Manhã e Tarde,R$10 a R$20,Estudantes e moradores de favela.,Sim,Outros,Sim,-,"Localizado aos pés do Morro da Mangueira, o Museu do Samba surgiu, em 2001 (então denominado Centro Cultural Cartola), a partir da observação da necessidade de se criar um lugar de memória, salvaguarda e representatividade da cultura afro-brasileira historicamente marginalizada na nossa historiografia oficial – e da sociedade. A instituição foi responsável pela instrução do dossiê que legou às Matrizes do Samba no Rio de Janeiro o título de Patrimônio Cultural do Brasil, implantando desde então o primeiro Centro de Documentação e Pesquisa do Samba Carioca (2009) e um Programa de Arte e Educação na linha de museus socialmente responsáveis. Busca promover o desenvolvimento humano e social por meio de atividades culturais, tendo como missão a difusão, promoção do legado do samba e valorização de seus agentes por meio de pesquisa, exposições, oficinas, cursos, educação patrimonial e geração de acervo. Atua em prol do reconhecimento da contribuição da população negra na construção do patrimônio brasileiro, atuando na busca de direitos básicos fundamentais para a comunidade de interesse.",Nilcemar Nogueira - Coordenador Técnico,04/01/2023,OK,-22.9110137,-43.2093727
145,Casa da Cultura de Paraty,-,61.43.83/00001-54,Rua Dona Geralda 194,Paraty,Costa Verde,(24) 99238-4737,administrativo@casadaculturaparaty.org.br,https://www.casadaculturaparaty.org/,Facebook: @casadaculturaparaty,Instagram: @casadaculturaparaty,-,Municipal,Ata,Aberto,"Terça a Domingo - Manhã, Tarde e Noite",Gratuito,-,Sim,Outros,Não,Rampa de acesso externo e monitor digital para acesso a conteúdo expositivo no térreo.,"""A Associação Paraty Cultural foi criada em 2002, e desde então tem como finalidade principal fazer a gestão executiva da Casa da Cultura de Paraty, onde mantém sua sede, um espaço público dedicado a valorizar a cultura paratiense, promover a formação cultural e a produção, desenvolvimento e disseminação de todas as formas de manifestação cultural e artística. Viabiliza os espaços físicos da Casa da Cultura como um centro cultural, onde tem programação permanente e atende a várias demandas da comunidade, poder público e associações. A Casa da Cultura localiza-se no Centro Histórico e é uma instituição de grande importância para o desenvolvimento cultural do Município. Foi viabilizada através de uma parceria entre a Eletronuclear, a Rede Globo, a Prefeitura de Paraty, a Votorantim e a Fundação Roberto Marinho no sentido de homenagear os paratienses, que conseguiram preservar sua história. A Casa da Cultura transformou-se em uma referência integrada à vida social e cultural de Paraty. 
Inaugurada em 27/03/2004, a Casa passou a contar com um moderno auditório e, em todo o seu primeiro andar, a Exposição Permanente sobre as Tradições Culturais de Paraty (multimídia), realizada pela artista e cenógrafa Bia Lessa. No térreo, uma sala de exposições temporárias e um pátio, livraria e loja de artesanato. Nos primeiros anos, permitiu que importantes exposições de artistas coletivas e individuais e tradições de Paraty fossem realizadas. Quanto ao auditório, com uma variedade de espetáculos de teatro, música, dança e cinema foi apresentada ao longo desses anos por ser o único espaço público com a sua capacidade e condições de abrigar a produção artística local. 
A partir de 2013, inicia-se então com uma nova revitalização da Casa da Cultura de Paraty mostrando-se imperativa, empreendeu-se um programa de captação de recursos por meio das leis de incentivo à cultura, aprovando-se o plano anual para a Casa da Cultura na lei Rouanet, tendo como um de seus eixos a educação musical, para o qual se obteve o patrocínio dos grupos Globo e Águas do Brasil. Três diretrizes nortearam a definição das atividades da Casa e de seu plano anual: o estabelecimento de uma programação permanente e contínua renovando-se periodicamente em todos os espaços da Casa; a implantação de um programa educativo voltado, sobretudo para crianças e jovens; o empenho em trazer a comunidade para dentro do equipamento cultural, não só por meio do programa educativo, mas também ao reafirmar e valorizar os artistas, músicos e demais produtores culturais da cidade, bem como os saberes e fazeres tradicionais e das comunidades de Paraty, buscando a reaproximação do paratiense à sua Casa da Cultura. Assim, a programação das exposições foi estabelecida ao longo de três linhas: as propostas pela própria Casa, dedicadas a artistas de Paraty, nela radicados ou a ela vinculados e às tradições e comunidades de Paraty e as montadas a partir de dois editais convocatórios, para artistas de Paraty e de fora; e as que já eram montadas pelos eventos do Calendário Anual, como FLIP e Paraty em Foco. 
""",Mírian do Nascimento Machado - Diretora de Gestão e Projetos,04/01/2023,OK,-23.2189014,-44.7125627
146,Casa de Oliveira Vianna,COV,30.874.762/0001-88,"Alameda São Boaventura 41, Fonseca",Niterói,Metropolitana III,(21) 3601-8220,casaoliveiravianna@gmail.com,www.funarj.rj.gov.br/node/141,FACEBOOk: CASA DE OLIVEIRA VIANNA,INSTAGRAM: @CASADEOLIVEIRAVIANNA,-,Estadual,Decreto,Aberto,Terça a Sexta - Manhã e Tarde,Gratuito,-,Não,Outros,Sim,O Museu já possui em curso projeto de acessibilidade e tem como público permanente a AFAC (Associação Fluminense de Amparo aos Cegos).,"""A Casa de Oliveira Vianna, localizada na Alameda São Boaventura 41, Fonseca, Niterói, RJ, foi adquirida pelo Governo do Estado do Rio de Janeiro em 1955 quando da gestão do governador Miguel Couto e transformada em Fundação Oliveira Vianna pelo Decreto 5.317, de 16 de abril de 1956.

Durante vinte anos a Fundação manteve sua missão de ser centro de estudos superiores, diretamente subordinado à Secretaria de Educação e Cultura.

Em 09 de abril de 1975, através do Decreto Lei nº 60, seu acervo integra-se a recém- criada Fundação Estadual de Museus do Rio de Janeiro- FEMURJ, recebendo o nome de Casa de Oliveira Vianna. Alguns anos mais tarde, em abril de 1980, a Casa de Oliveira Vianna passou a pertencer à Fundação de Artes do Estado do Rio de janeiro- FUNARJ.
""",Débora de Oliveira Reina - Diretora,04/01/2023,OK,-22.8793856,-43.0929542
147,Museu da República,MR,10.898.596/0022-77,"Rua do Catete, 153, Catete",Rio de Janeiro,Metropolitana I,(21) 613521-4243 (?),mr@museus.gov.br,https://museudarepublica.museus.gov.br/,museudarepublica,museudarepublica,-,Federal,Decreto,Aberto,Terça a Domingo - Manhã e Tarde,Gratuito,-,Sim,Histórico,Sim,"Museu da República / Palácio do Catete – Dispõe de banheiro para pessoas com deficiência (PCD), fraldário unissex e rampa de acesso; autorização para uso da grama dos jardins para andar, estender cangas, deitar e contemplar, o que permite uma permanência delongada dos visitantes, mais inclusiva e com maior interação com plantas e animais; manutenção do asfalto das vias do jardim; elevadores para acesso ao prédio administrativo, ao auditório, à sala multimídia e aos três pavimentos do Palácio; brigadistas, treinados para atender pessoas com deficiência; horário exclusivo de visitação para pessoas com deficiência intelectual severa - quartas-feiras, das 10h às 11h; recepcionista fluente em Libras; objetos acessíveis que representam peças do acervo e ambientes do Palácio; e, em elaboração, áudio-guias acessíveis por QR code pelo celular.

Museu da República / Palácio Rio Negro - O Projeto Completo de Restauração Integral do Museu Palácio Rio Negro contempla ações e normas de acessibilidade.
","""Museu da República

Palácio do Catete - Rio de Janeiro/RJ

O Palácio Nova Friburgo, depois Palácio do Catete, construído entre 1858 e 1867 pelo comerciante e fazendeiro de café Antônio Clemente Pinto, Barão de Nova Friburgo, consagrou‐se como um monumento de grande importância histórica, arquitetônica e artística. Erguido no Rio de Janeiro, então Capital Imperial, tornou‐se símbolo do poder econômico da elite cafeeira e escravocrata do Brasil oitocentista. Em 1896, durante o mandato do presidente Prudente de Moraes, o Palácio foi adquirido pelo Governo
Federal para sediar a Presidência da República. Durante 63 anos, o Palácio foi o coração do Poder Executivo no Brasil. Coube a Juscelino Kubitschek encerrar a era presidencial do Palácio, com a transferência da capital para Brasília, em 1960, quando, reorganizado, o Palácio do Catete passou a abrigar o Museu da República. O Museu da República é um museu contemporâneo, comprometido com os direitos humanos e a cidadania; seu Jardim Histórico, ambientações e exposições contam parte da história do Brasil Republicano, representada por fotos, objetos e obras de arte dos séculos XIX, XX e XXI.  

Palácio Rio Negro - Petrópolis/RJ

O edifício de estilo eclético, característico dos fins do século XIX, foi construído em 1889 pelo engenheiro italiano Antonio Jannuzzi para ser a residência de verão dos Rio Negro. Em 1896, o Barão do Rio Negro e sua família, vivendo em Paris, venderam o Palácio para o governo do Estado do Rio de Janeiro. Petrópolis passa a ostentar o título de capital do Estado até 1903, quando, sob o governo de Quintino Bocaiúva, a capital retorna para Niterói. Neste mesmo ano, o Palácio Rio Negro torna‐se, então, residência de verão dos presidentes da República. Com a mudança da capital para Brasília, em 1960, a tradição do veraneio em Petrópolis foi dificultada pela distância entre as duas cidades. Em 2007, o Museu da República passou a incorporar em sua estrutura organizacional o Palácio Rio Negro.
A importância do Palácio Rio Negro advém, além da imponência de seu edifício e de seu jardim, de sua participação na construção da história republicana do Brasil.""",Livia Murer Nacif Gonçalves - Chefe da Divisão Técnica,05/01/2024,OK,-22.9258988,-43.1762145
148,Casa Zuzu Angel / Museu da Moda,IZA,12.94.66/0001-91,"Rua Rocha Miranda, 53. Usina.",Rio de Janeiro,Metropolitana I,(21) 99856-3313,zuzuangel@zuzuangel.com.br,https://www.zuzuangel.com.br,Facebook: Instituto Zuzu Angel,Instagram: @instzuzuangel_oficial,,Privada,Ata,Em implantação,-,Gratuito,-,Sim,Outros,Sim,-,"O Instituto Zuzu Angel foi fundado em 1993, porém somente em 2016 que a Casa Zuzu Angel/ Museu da Moda surgiu, devido a uma demanda de se criar um espaço físico para comportar os acervos de moda e documentais de Zuzu Angel e do museu da moda. Assim, a diretora do Instituto, Hildegard Angel, cedeu sua antiga casa da Usina como sede, sofrendo alterações para receber os acervos museológicos. Reservas técnicas climatizadas e com isolamento foram criadas, os acervos começaram a ser devidamente acondicionados em polionda, com reservas separadas pelas tipologias de acervos: documental, têxtil e mais recentemente uma biblioteca. A casa comporta atualmente acervos do ateliê e vida pessoal de Zuzu Angel, peças de estilistas nacionais e internacionais, além de personalidades brasileiras, como Chacrinha, Marlene, Martha Rocha e Carmen Mayrink Veiga.",Sofia Duarte Girard de Oliveira - Museóloga,09/01/2024,OK,-22.9446620,-43.2604662
149,Museu de Arte e Cultura da Baixada,-,-,"Rua Tomais Fonseca, 1028",Nova Iguaçu,Metropolitana II,(21) 99987-2194,elaineisadora2013@gmail.com,www.museubxd.com.br,-,@museubxd,-,Privada,Não existe documentação de criação do museu,Em implantação,-,Gratuito,-,Sim,Artes Visuais,Sim,-,"""O Museu de Arte e Cultura Urbana da Baixada Fluminense, carinhosamente
conhecido como Museu BXD, surgiu oficialmente em 2022 como uma manifestação
da união e esforço coletivo de artistas da Baixada Fluminense. Desde os anos 2000,
esses artistas desempenham um papel fundamental na cena da arte e cultura
urbana, celebrando os Quatro Elementos do Hip Hop (DJ, MC, B.Boy e Graffiti) e
outras expressões artísticas. Ao longo de sua trajetória, o Museu BXD tem dedicado
seus esforços à oferta e construção de atividades culturais e educacionais para a
população da Baixada Fluminense.""",Edson Eduardo Soares - Presidente,10/01/2024,OK,-22.7592175,-43.4508728
150,Ecomuseu do Quarteirão Cultural do Matadoro de Santa Cruz,-,31.24.77/0001-02,"Rua 12, 1 - Santa Cruz( dentro da Areninha Sandra Sá)",Rio de Janeiro,Metropolitana I,(21) 2976 -2548,ecomuseusantacruz@gmail.com,-,-,Instagram: @ecomuseusantacruz,-,Municipal,Lei,"Aberto, funcionando parcialmente",Terça a Quinta - Manhã e Tarde / Sábado de Manhã,Gratuito,-,Sim,Outros,Não,"Rampas, banheiros e elevador plataforma cadeirante","Criado pela Lei Municipal n° 2.354 de 01/09/1995, estende - se por todo o bairro de Santa Cruz desenvolvendo atividades educativas relacionadas ao patrimônio material e imaterial do território.",Heloisa Helena Queiroz - Gerente de Museus,29/01/2024,OK,-22.9110137,-43.2093727
151,Sociedade Musical Euterpe Lumiarense,-,42.94.510/0001-70,"Praça Levi Aires Brust, s/n⁰. Lumiar ",Nova Friburgo,Serrana,(22) 99238-9869,contatoeuterpelumiarense@gmail.com,http://sociedade musicaleuterpelumiarense.flazio.com,Sociedade.Musical.Euterpe.Lumiarense,@Euterpe.Lumiarense,-,Privada,Estatuto Social,Aberto,Segunda e Quarta - Tarde / Sexta Manhã e Tarde,Gratuito,-,Sim,Histórico,Não,"Nossa sede histórica fica em uma Praça, ao nível do chão, então para atendimento a cadeirantes é tranquilo. Não há acessibilidade para os documentos a pessoas com deficiências visuais. Nossa escola de música é inclusiva de acordo com nossas possibilidades.","A Sociedade Musical Euterpe Lumiarense foi fundada no dia 20 de janeiro de 1891, dois anos depois da proclamação da república, por iniciativa das famílias Marchon, Spitz, Klein, Brust, Berbert, Heiderich, Martins da Costa e outros. É uma escola de música. Tem uma importância cultural muito significativa, atendendo as comunidades que hoje formam o 5º e 7º distritos de Nova Friburgo – Lumiar e São Pedro da Serra.Revitalizada na década de 1960, quando foi construída sua sede social, funcionou até o início da década de 1970, quando sofreu outra paralisação. Novas tentativas foram feitas nas décadas de 1980 e 1990, mas, a falta de recursos, principalmente financeiros, não permitiu o sucesso. No dia 29 de fevereiro de 2008, uma nova diretoria foi formada, procurando, logo, realizar a atualização do Estatuto Social pelo Código Civil de 2002. Somos uma OSCIP (Organização da Sociedade Civil de Interesse Público), Ponto de cultura, Ponto de Memória, com chancela da rede Cultura Viva, participante da Teia de pontos de cultura e memória rurais. Patrimônio Imaterial do povo friburguense. A diretoria conta com a saxofonista Maria Angélica da Cunhalima Gomes como presidente e o músico Sérgio Canas Prata como vice. O espaço físico da sociedade pode ser utilizado por pessoas que queiram ensinar artes com preços populares na região. A sede social tem exposta toda a memória da banda, instrumentos antigos e os documentos desde 1891. Está aberto regularmente, mas as sextas-feiras é possível solicitar para apreciar a documentação, que já está catalogada pelo historiador Manoel Antônio Spitz Sodré.",Marcela da Rocha Klain Brust - Pedagoga,02/01/2024,OK,-22.2800004,-42.5325303
152,Ponto de Cultura e Memória Vidigal Cultural,-,31.885.865/0001-06,"Rua Benedito Calixto N° 88 casa 06 Bairro Vidigal Cep 22450-260. Porém, Atuamos Na Avenida Presidente João Goulart N° 737 3°Andar Bairro: Vidigal.",Rio de Janeiro,Metropolitana I,(21) 99403-7354,projetovidigalcapoeira@gmail.com,www.vidigalcapoeira.com.br,facebook.com/projetovidigalcapoeira,@Nvidigalcapoeira,-,Municipal,Estatuto Social,Aberto,Segunda a Sexta - Tarde e Noite / Sábado e Domingo de Manhã,Gratuito,-,Sim,Outros,Não,"Acesso gratuito a toda programação do projeto, realização do projeto em espaços que possuem rampas de acesso para cadeirantes; Profissionais qualificados para orientar e atender pessoas com diferentes necessidades especiais; proporcionamos condições de acessibilidade a pessoas idosas. Sempre que necessário um profissional parceiro da instituição faz a tradução através de linguagem brasileira de sinais voltados para deficientes auditivos, todos os espaços que acolhem o projeto possuem acessibilidade.","""O ponto de memoria e Cultura Vidigal Cultural que também atende pelo nome projeto Vidigal capoeira, fundado em 2010 têm por objetivo promover a aproximação dos moradores do Vidigal e comunidades vizinhas às artes e proporcionar a diversidade de experiências estéticas e artísticas das expressões da cultura de matriz africana. Além de criação, formação, pesquisa, reflexão, intercâmbio, preservação de acervos e a diversidade das expressões artísticas afroindigenabrasileira e a formação de público no estado do Rio de Janeiro e território nacional. Valorizando a produção artística afrocultural na sua dimensão econômica, contribuindo para o desenvolvimento da rede produtiva das artes e de seus multiplicadores através da estímulos de ações de memoria e museologia social. 
A instituição desde 2012 possui um plano de atividades anual denominado “Atividades permanentes do Ponto de Cultura e Memoria Vidigal Cultural"""" Destaque para:
•	Ensino pratico, histórico e fundamentado de capoeira e as danças afro brasileira.
•	Manutenção, confecção e toques de instrumentos.
•	Produção e arquivos de literaturas de cordel.
•	Leitura dramatizada.
•	Produção da biblioteca digital do ponto de memoria.
•	Montagens de espetáculos
•	Produção de registros fonográfico, literário e do audiovisual.
•	Contação de história.
•	Vivencias com mestras, mestres e fazedores de cultura.
•	Mostra mensal de cineclube com filmes do gênero.
•	Lançamentos de livros, filmes e produtos da cultura afro.
•	Oficinas de produção cultural""",Messias Freitas - Conselheiro de Desenvolvimento Institucional,02/04/2024,OK,-22.9110137,-43.2093727
153,Museu da Patologia,MP,-,"Av. Brasil, 4365 - Manguinhos, Rio de Janeiro",Rio de Janeiro,Metropolitana I,(21) 2562-1452/1246,museudapatologia@fiocruz.br,https://museudapatologia.ioc.fiocruz.br/,-,-,-,Federal,Decreto,"Aberto, funcionando parcialmente",Terça a Sábado - Manhã e Tarde,Gratuito,-,Não,Patrimônio Científico e Histórico Natural,Sim,-,"""O Museu da Patologia (MP) foi criado por Oswaldo Cruz em 1903. Segundo os relatórios do
Instituto Oswaldo Cruz, todas as peças anatômicas provenientes dos trabalhos e pesquisas do Instituto deveriam ser protocoladas, além da obrigatoriedade da organização de uma Coleção de preparados de histologia normal e patológica, de embriologia comparada e humana. Nas décadas de 1960 e 1970, durante o chamado “Massacre de Manguinhos”, o Museu sofreu perdas importantes no seu acervo e em sua equipe. Em 2007, o MP foi reestruturado e passou a abrigar três Coleções de material biológico, assim constituídas (http://museudapatologia.ioc.fiocruz.br/index.php/br/museu-patologia/sobremuseu.html): 1. Coleção da Seção de Anatomia Patológica (CSAP): acervo original do Museu da Patologia; 2. Coleção de Febre Amarela (CFA): constitui o acervo gerado pelo Laboratório de
Histopatologia da Febre Amarela, fruto do convênio entre o governo brasileiro e a Fundação Rockefeller, e é composta por 498 mil amostras de fígado coletadas por viscerotomia durante as campanhas antiamarílicas de 1930 a 1970. Acompanha esse material a documentação referente aos protocolos de pesquisa, fotomicrografias de campo claro, de microscopia confocal e de lâminas completas escaneadas e 3. Coleção do Departamento de Patologia (CDEPAT): documento biológico de pesquisa em Patologia Experimental. Este Departamento/Laboratório é historicamente o sucessor da Seção/Divisão de Anatomia Patológica do IOC. Também em 2007, foi desenhado um Plano Diretor do Museu para 10 anos e um novo modus operandi em cinco vertentes de atuação (Patrimônio, Pesquisa,
Desenvolvimento Tecnológico, Ensino e Divulgação Científica). A partir deste momento, o Museu passou a participar de vários editais e desenvolver atividades visando à ampliação de sua visibilidade e formação de público. Em 2013, foi realizada uma exposição temporária no Castelo da Fiocruz, por um período de seis meses. Atualmente, o Museu está passando por reforma em suas instalações visando, sua reabertura para visitação pública em uma lógica de abrigar uma exposição de longa duração de seu acervo e com atividades interativas para o público visitante.""",Barbara Cristina Euzebio Pereira Dias de Oliveira - Tecnologista em saúde pública/Curadora do Museu da Patologia,02/06/2024,OK,-22.8767563,-43.2469314
154,Projeto Ao Som do Meu Tambor,-,22.490.369/0001-62,RUA ANTONIO RODRIGUES DA SILVA LOTE: 05; QUADRA: 6 BAIRRO: NOVA SUICA CEP: 28.605-723,Nova Friburgo,Serrana,(22) 99283-9071,aosomdomeutambor.2022@gmail.com,-,Facebook: https://www.facebook.com/Aosomdomeutambor?mibextid=JRoKGi,Instagram: https://www.instagram.com/aosomdomeutambor?igsh=MXB5ajB5ZjdpbDdnbw==,-,Estadual,Estatuto Social,Aberto,"Segunda, Terça e Sexta - Tarde e Noite / Terça, Quarta e Quinta - Manhã, Tarde e Noite / Domingo de Manhã",Gratuito,-,Sim,Outros,Não,"Acesso gratuito a toda programação, ações e atividades do projeto, nos espaços de atuação possui rampas de acesso para cadeirantes; Profissionais qualificados PCD para orientar pessoas com diferentes necessidades especiais; proporciona condições de acessibilidade a pessoas idosas. E tem sempre a participação de profissional voluntário do grupo que faz durante as visitas e atividades a tradução através de linguagem brasileira de sinais voltados para deficientes auditivos, todos os espaços que acolhem o projeto possuem acessibilidade.","A instituição foi criada em 2014 desenvolve programas, projetos e ações de museologia social para a identificação, pesquisa e promoção do patrimônio material e imaterial visando o reconhecimento, o consumo e à valorização da memória coletiva através das danças afro brasileiras ( Mineiro Pau, Jongo, Coco, Samba de Roda, Capoeira e Ciranda) Além de preservação de acervo de relevância nas áreas. Com turmas de aulas e praticas voltadas para todas as idades. Além de mostra e produções de filmes e documentários, encontro com mestres dos saberes da área, produção de literaturas do gênero e o trabalho de educação popular afro referenciada. ",,02/07/2024,OK,-22.2800004,-42.5325303
155,Museu do Horto,-,-,Estrada Dona Castorina 105 Horto -Jardim Botânico RJ,Rio de Janeiro,Metropolitana I,(21) 99914-6717,museudohorto@gmail.com,Museudohorto.org,MuseudoHorto. Facebook,@museudohorto Instagram,-,Privada,Ata,"Aberto, funcionando parcialmente",Segunda e Terça - Manhã / Sábado e Domingo - Manhã e Tarde,Gratuito,-,Sim,Histórico,Sim,As visitas são realizadas no território com a participação do guia oficial do Museu do Horto,"O Museu do Horto foi fundado  em 7 de novembro de 2010 como um museu de território, está localizado na comunidade do Horto que fica no bairro Jardim Botânico um dia bairros mais nobres da cidade. A comunidade tem uma história ancestral oriunda da fundação da cidade do Rio de Janeiro, tendo em vista que a habilitação na comunidade tem seu início com a vinda de D. João VI para o Brasil, quando este veio morar nesta área e fundou o Horto Real, atual Jardim Botânico. O museu do Horto foi criado para fortalecer a resistência da comunidade contra a gentrificação e a remoção, utilizando a história e a memória dos moradores tradicionais como instrumento principal do acervo da instituição. O Museu do Horto como lembro da museologia social, teve participação ativa em vários eventos realizados pelo IBRAM , como as Teias de Memórias realizadas em vários estados. Hoje estamos em fase de reativação devido ao período da a pandemia ,  nos reorganizando com apoio da REMUS.",Emilia Maria de Souza - Cofundadora do Museu do Horto,02/11/2024,OK,-22.9664624,-43.2385522
156,Casa de Cultura / Museu Histórico de Maricá,-,-,Praça Orlando de Barros Pimentel s nº,Maricá,Metropolitana III,(21) 96975-2898,casadecultura@ictim.com.br,marica.rj.gov.br/orgao/museu-historico-de-marica-mhm/,Facebook/Museu Histórico de Maricá,Instagram: @museuhistoricodemarica,-,Municipal,Decreto,Aberto,Todos os dias - Manhã e Tarde,Gratuito,-,Sim,Histórico,Sim,Nós ainda estamos realizando a adequação acessível da Casa de Cultura. Nós não temos um espaço acessível. O prédio possui dois pavimento ligados por escadaria. Possuímos um elevador mas o mesmo encontra-se quebrado. Estamos em processo de contratação de empresa de manutenção para o elevador. No entanto este processo está sendo bem complexo.,"""O Museu Histórico de Maricá foi criado em 2005 por Decreto municipal. Neste ano ocupou as dependências da Antiga Casa de Câmara e Cadeia de Maricá, uma construção histórica do século XIX, tombada pelo INEPAC e refundada como Casa de Cultura.

No ano de 2015 o Museu foi fechado devido às obras de restauração da Casa de Cultura, reabrindo em 2020. Devido à pandemia do Corona vírus o Museu permanece fechado até junho de 2022 quando retorna às suas atividades educativas e de pesquisa.

No ano de 2023 o Museu passa a integrar a Diretoria de Incentivo e Preservação da Casa de Cultura, pertencente aos quadros administrativos do Instituto de Ciência, Tecnologia e Inovação de Maricá, uma autarquia municipal.

O Museu Histórico de Maricá conta com serviço de exposição aberto gratuitamente ao público, pesquisa informatizada em seus acervos, além de atividades educativas e culturais diversas.

As suas coleções contam com peças museológicas, fotografias, periódicos e documentos diversos que abrangem a história do município desde meados do século XIX até os dias atuais.

O Museu Histórico de Maricá está aberto ao público de terça a sexta feira das 9h às 16h30.""",Blanca Dian Brum Soares - Assessora Chefe de Gabinete,20/02/2024,OK,-22.9088758,-42.8171914
157,Fundação Cultural e Filantrópica Lea Pentagna,-,28.467.306/0001-71,"Rua Vito Pentagna, 213, Benfica",Valença,Médio Paraíba,(24) 2453-4178,lea.pentagnaoficial@yahoo.com.br,https://www.casaleapentagna.org.br/,-,@lea.pentagnaoficial,-,Público-Privada,Ata,Aberto,Sexta e Sábado - Manhã e Tarde,R$1 a R$ 10,Idosos acima de 60 anos; crianças até 8 anos,Sim,Histórico,Sim,O Museu conta com corrimãos para os três degraus da entrada; rampas em construção.,"""A casa-museu é uma construção do século 19, que passou para as mãos da família italiana Pentagna com a falência da lavoura cafeeira e a abolição da escravatura, quando muitas propriedades em Valença foram vendidas a preços baixos. Os Pentagna montaram na cidade a fábrica de tecidos Santa Rosa. Nesta época, a casa, feita com as tradicionais pedras usadas na arquitetura da Belle Époque, sofreu sua primeira grande reforma. Mas só em 1927, com outra obra, adquiriu o estilo neoclássico, preservado na restauração pela qual passou em 2000.

A casa foi transformada em centro cultural da Fundação Cultural Filantrópica Léa Pentagna, a partir de testamento deixado por sua fundadora com o desejo de eternizar o ambiente em que viveu sua família.
A casa foi tombada pelo Inepac em 2004. Além de visita guiada, acontecem exposições e eventos na sala de palestras. Durante a semana, há cursos de dança de salão, piano, crochê e aulas com o coral juvenil Léa Pentagna.""",Ena Jannuzzi - Assessor Imprensa,21/02/2024,OK,-22.2326385,-43.8863929
158,Museu Vivo da Agroecologia,-,-,"Rua das Cotovias, 537, Estância Eldorado, Parque Iriri",Magé,Metropolitana II,(21) 98797-5192,thiagoullmann@hotmail.com,-,-,Instagram: @museuvivodaagroecologia,-,Privada,Ata,"Aberto, funcionando parcialmente",Todos os dias - Manhã e Tarde,Acima de R$30,A combinar.,Sim,Outros,Sim,Acessibilidade natural do ambiente. Trechos de fácil acesso. Trechos de difícil acesso.,Fundado em 2023 no segmento de museologia social e comunitária como um museu a céu aberto englobando sua sede e demais territórios do município de Magé/RJ com acervo de flora e fauna vivos e percursos variados.,Thiago Ullmann - Coordenador Executivo,22/02/2024,OK,-22.6042779,-43.1081091
159,Grupo Cultural Capoeira Ginga de Corpo,-,-,"Rua 39, jardim Catarina, velho",São Gonçalo,Metropolitana III,(21) 98515-6035,rcgaletosnoronha@gmail.com,-,Facebook: carlacristinamestrazangada,-,-,Estadual,Ata,Aberto,"Segunda, Terça e Sexta - Noite",R$10 a R$20,Carentes,Não,Outros,Não,Não possui barreiras,"Grupo de capoeira destinado a trabalhar em comunidades com jovens, adolescentes e adultos contribuindo no aspecto social e cultural e educacional dos mesmos.",Carla Cristina de Oliveira Noronha - Enfermeira/Mestre Capoeira,23/02/2024,OK,-22.8216350,-42.9956797
160,Museu e Casa de Cultura José de Dome,-,28.549.483/0001-05,Avenida Assunção 855,Cabo Frio,Baixadas Litorâneas,(31) 99914-7787,cultura@cabofrio.rj.gov.br,https://cabofrio.rj.gov.br/secretarias/secretaria-de-cultura/,-,-,-,Municipal,Lei,Aberto,Segunda a Sexta - Manha e tarde / Sábado e Domingo - Tarde,Gratuito,-,Sim,Artes Visuais,Sim,Temos uma entrada para cadeirante e outros e as etiquetas das obras e informativos de fontes de tamanho grande para baixa visão.,"O Museu Casa de Cultura José de Dome, criado em 5 de abril de 1985, através do Decreto 857, do Prefeito José Bonifacio Novellino, tem sua formação e desenvolvimento a partir da incorporação em seu acervo da coleção de telas do artista José de Dome, pintor modernista premiado em diversos salões e suas obras estão em exposição permanente do Museu de Arte Negra do Estado de São Paulo, e no seu Regimento Interno de 2010, se propõe a missão de abrigar Arte Contemporânea produzida em Cabo Frio. ",Helvia Vorcaro - Gestora,23/02/2024,OK,-22.8787075,-42.0167482
161,Casa da Descoberta,CD,,"Av. Milton Tavares de Souza, s/nº - Boa Viagem, Niterói - RJ, 24210-340",NIterói,Metropolitana III,(21) 26295120,casadadescoberta.egf@id.uff.br,www.casadadescoberta.uff.br,www.facebook.com/casadadescobertauff,@casadadescobertauff,,Federal,Não existe documentação de criação do museu,Aberto,"Segunda a Sábado - Manhã e Tarde / Quarta - Manhã, Tarde e Noite",Gratuito,-,Sim,Ciência e Tecnologia,Sim,"O Museu possui visitas guiadas em libras, visitas mediadas para o público cego, a visita guiada é adaptada para cada visitante. Com relação a acessibilidade física, o Museu possui banheiros para PCDs, elevadores e o seu entorno (calçadas e ruas) é parcialmente acessível.","Em 2000, foi criada a Casa da Descoberta - o Centro de Divulgação de Ciência da UFF, com o objetivo principal de participar do processo de ampliação dos níveis de alfabetismo científico dos indivíduos em geral. Contando hoje com uma coleção de mais de 60 experimentos interativos, a Casa da Descoberta recebe visitas de alunos de escolas públicas e privadas de Niterói e arredores de todas as faixas etárias, desde o pré-escolar até o ensino superior. Recebe também visitas da comunidade. Os experimentos pertencem as áreas de Astronomia, Física, Química, Biologia, Matemática e Realidade Virtual. As visitas são guiadas, por mediadores, que estimulam o uso dos equipamentos e explicam os conceitos científicos presentes nos mesmos de maneira informal, sem utilização de jargões científicos. A Casa da Descoberta recebe cerca de 7 mil visitantes anuais. Além das visitas guiadas, realiza, entre outras atividades, oficinas para os visitantes, itinerâncias  e observações do céu noturno.O Museu funciona de segunda a sexta feiras das 9h às 17h, com intervalo para o almoço entre 12h e 14h. As observações do céu noturno são realizadas às quartas-feiras das 18h às 21h. Com o objetivo de receber público espontâneo abrimos dois sábados por mês, das 10h às 16h.",Érica Cristina Nogueira - Diretora,26/02/2024,OK,-22.8884000,-43.1147000
162,Museu da Vida Fiocruz,MVF,33.781.055/001-964,"Av. Brasil, 4365, Manguinhos",Rio de Janeiro,Metropolitana I,(21) 3865-2128,museudavida@fiocruz.br,museudavida.fiocruz.br,museudavidafiocruz,museudavidafiocruz,museudavida,Federal,Resolução,Aberto,Terça à Sábado - Manhã e Tarde,Gratuito,-,Sim,Patrimônio Científico e Histórico Natural,Sim,"As áreas de visitação do Museu da Vida Fiocruz estão sendo modificadas para atender a esse conceito de acessibilidade universal, com elaboração desde 2018 de exposições sob essa vertente. Hoje dispomos de tecnologias assistivas nas diferentes áreas de visitação, como Cavalariça e Parque da Ciência. Também oferecemos temporadas de peças teatrais com libras e audiodescrição.","O Museu da Vida Fiocruz é a unidade técnico-científico da Casa de Oswaldo Cruz que realiza ações de educação, comunicação, preservação de acervos, divulgação e popularização das ciências e da saúde. Fundado em 199, oferece ao público exposições de longa duração e itinerantes, áreas de visitação ao ar livre, espetáculos teatrais, além de ações de formação para professores e jovens dentro e fora do campus Fiocruz Manguinhos. Além disso, o Museu da Vida também possui relevante atuação no ambiente digital, com produção de conteúdo para redes sociais e para o site de ciências InVivo, voltado principalmente para a comunidade escolar.",Julianne Gouveia - Coordenadora - Núcleo de Mídias e Diálogo com o Público,13/03/2024,OK,-22.8782239,-43.2419025
163,"Museu de Arqueologia Bíblica, Histórica e Indígena ",MABHIN,-,"Av. Joaquim da Costa Lima, nº 2333, lotes 4 e 5, Santa Amélia ",Belford Roxo,Metropolitana II,(21) 96475-0171,ibrigrejabelfordroxo@gmail.com,-,-,-,-,Privada,Ata,"Aberto, funcionando parcialmente","Segunda e Quinta - Noite / Quarta, Sexta e Sábado - Manhã",Gratuito,-,Sim,Arqueologia,Sim,Rampas e banheiro para cadeirante,"Fundado em 19...., na Igreja Belford Roxo, pelo Pastor Evandro, com o objetivo de oferecer ao povo da nossa cidade um pouco da história de outros povos, surgimento da escrita, fatos ocorridos na Segunda Guerra Mundial (atuação da Força Expedicionário Brasileira e o advento da bomba lançada em Hiroshima), sobre os povos originários e sobre registros do Antigo Testamento bíblico.",Jurandir dos Santos Lins - Pastor Auxiliar,24/04/2024,OK,-22.7309996,-43.3796377
164,Centro de Memória do Grêmio Recreativo Cacique de Ramos,-,72.26.72/0001-00,"Rua Uranos, 1326, Olaria",Rio de Janeiro,Metropolitana I,(21) 995950039,centrodememoria@caciquederamos.com.br,https://cmcaciquederamos.com.br/,Facebook: centrodememoriacaciquederamoss,@cmcaciquederamos,-,Privada,Não existe documentação de criação do museu,"Aberto, funcionando parcialmente",Quarta - Manhã / Sábado - Manhã e Tarde,Gratuito,-,Sim,Histórico,Sim,Ainda em processo de adequação,"O Centro de Memória Domingos Félix do Nascimento é um núcleo de referência e centro de documentação responsável pela preservação e difusão da memória institucional e comunitária do Grêmio Recreativo Cacique de Ramos, agremiação que desfila como bloco de embalo e abriga rodas de samba, fundada em 20 de janeiro de 1961. A menção à expressão “centro de memória” remonta ao ano de 2014, quando batizou um espaço decorado com fotografias e objetos, montado pela diretoria da agremiação, em área privada na quadra da instituição. Apenas em 2018 foi oficialmente constituído como projeto de documentação e pesquisa. Desde então, o núcleo se estruturou como uma instância física e virtual vinculada à diretoria do Cacique de Ramos. Ocupamos espaço na sede do Cacique de Ramos onde são desenvolvidas as atividades de guarda de acervo e processamento técnico, atendimento a usuários e gravação de entrevistas. Atuamos na formação, organização e disponibilização do acervo documental; na pesquisa sócio-histórica e produção de referências; e na difusão cultural e educacional. Realizamos atendimento remoto e presencial a pesquisadores, realizadores e interessados de um modo geral no Cacique de Ramos. Da mesma forma, somos o setor da agremiação responsável pelo assessoramento à presidência e diretoria nos assuntos pertinentes à cultura e memória. Possuímos redes sociais nas quais são difundidas, por meio de textos e imagens, notícias sobre o trabalho desenvolvido e conteúdo original. O nome do Centro de Memória incorpora homenagem realizada ainda na primeira versão da iniciativa, em 2014. Faz menção ao patriarca de uma das famílias fundadoras, Seu Domingos, pai de Bira Presidente, Ubirany, Ubiracy e Conceição, sambista e boêmio que ensinou aos filhos o gosto pelo carnaval, o samba e a festa.",Walter da Silva Pereira Junior - Coordenador e Historiador,10/05/2024,OK,-22.8500972,-43.2653505
165,Museu da Maré,MuMa,22.60.953/0001-14,"Avenida Guilherme Maxwell, 26, Morro do Timbau, Maré",Rio de Janeiro,Metropolitana I,(21) 98529-9886,contato@museudamare.org.br,https://www.museumare.org/,https://www.facebook.com/museudamare,@museudamare,-,Público-Privada,Não existe documentação de criação do museu,Aberto,"Segunda a Sexta - Manhã, Tarde e Noite",Gratuito,-,Sim,Histórico,Não,"A equipe do Museu da Maré é treinada para receber públicos diversos. Neste momento estamos desenvolvendo um projeto específico de teatro para pessoas com deficiência e neurodivergentes. Os espaços externos do Museu passaram por uma pequena reforma para a instalação de rampas no portão de entrada e no acesso às exposições. Atualmente, estamos buscando recursos para a adaptação de banheiros acessíveis.","""O Museu da Maré, fundado no dia 8 de maio de 2006, nasceu do desejo e das ações das moradoras e dos moradores locais para preservar suas memórias e histórias. Ao mesmo tempo, o Museu é o resultado da interação de diferentes agentes sociais, o que garante sua pluralidade. O Museu foi criado a partir do acervo constituído pelo projeto anterior, chamado Rede Memória da Maré, de 1998, desenvolvido pelo Centro de Estudos e Ações Solidárias da Maré (CEASM), instituição gestora do Museu. O Museu tem como missão a superação dos estigmas em relação às favelas por meio de ações que visam preservar, valorizar e divulgar as memórias e histórias das moradoras e dos moradores da Maré, além de colaborar com o processo de alargamento da perspectiva do papel dos museus na realidade contemporânea. O Museu é um espaço aberto às ações desenvolvidas pela comunidade e por grupos, coletivos, instituições e pessoas de outras localidades. Atualmente, os projetos desenvolvidos atendem cerca de 500 pessoas. As escolas públicas do entorno são as principais parceiras do Museu. A exposição de longa duração, Os Tempos da Maré, já recebeu mais de 100 mil visitantes. Durante a pandemia de Covid19, o Museu atuou de forma solidária no desenvolvimento de ações emergenciais para apoiar a população local por meio de campanhas de comunicação comunitária e distribuição de cestas básicas, além de kits de limpeza e higiene. Cerca de 3 mil famílias foram atendidas mensalmente, entre 2020 e 2021, em parceria com a Fiocruz e diversos coletivos do território local. A importância desta experiência em uma favela é reconhecida pela comunidade, assim como por diversas instituições públicas e privadas, que concederam inúmeros prêmios ao Museu da Maré. Entre esses prêmiosos, descacam-se os seguintes: Ordem do Mérito Cultural - Grau Cavaleiro - Concedido pela Presidência da República, 2006; Prêmio Cultura Viva (2º colocado na categoria Tecnologia Sociocultural) – Concedido pelo Ministério da Cultura/CENPEC, 2006; Reconhecimento pela contribuição para o desenvolvimento da museologia no Ano Nacional dos Museus - Concedido pelo Departamento de Museus e Centros Culturais/IPHAN, 2006; Medalha Chico Mendes de Resistência Emergencial – Concedido pelo Grupo Tortura Nunca Mais, 2021; Prêmio Sergio Arouca de Saúde e Cidadania – Concedido pela Asfoc-SN (Sindicato Nacional das Trabalhadoras e Trabalhadores da Fiocruz), 2021; Prêmio Marielle Franco – Concedido pela Comissão de Defesa dos Direitos Humanos da Alerj (Assembleia Legislativa do Estado do Rio de Janeiro), 2022; Moção em Homenagem às Iniciativas da Rede de Museologia Social do Rio de Janeiro – Concedida pela Câmara dos Vereadores do Município do Rio de Janeiro, 2023; Certificado de Ponto de Memória – Concedido pelo Instituto Brasileiro de Museus (Ibram), 2023; Diploma Heloneida Studart – Concedido pela Comissão de Cultura da Assembleia Legislativa do Estado do Rio de Janeiro (ALERJ), 2023.""",Cláudia Rose Ribeiro da Silva - Coordenadora do Museu,10/05/2024,OK,-22.8652097,-43.2420528
166,Associação dos Amigos do Museu Marinheiro João Cândido - AAMMJC (Museu Almirante Negro),AAMMJC,42-244-293/0001-00,"Rua Bento Lisboa, 227, lote 17, quadra 08, fundos, Jardim Meriti, CEP: 25510301, São Joao de Meriti",São João de Meriti,Metropolitana II,(21) 98125-5340,adm.aammjc@gmail.com,https://www.aammjc.com.br/,@aammjc,@aammjc,@aammjc,Privada,Estatuto Social,"Aberto, funcionando parcialmente",Terça e Quinta - Tarde,Gratuito,-,Sim,Artes Visuais,Não,"Rampas e corrimão de acesso, baseada na Lei n°10.098","A A.A.M.M.J.C., tem sua data de fundação em 26 de julho de 2017, visando cumprir o estabelecido no Estatuto de Museus em seu artigo 9º (IBRAM), em eleição nas dependências do CIEP 400 (Oswald de Andrade, em Coelho da Rocha, São João de Meriti). Foram eleitas Zilmar da Costa Duarte e Kátia Maria Costa de Souza, para os cargos de Diretora Presidente e Diretora Vice- Presidente, respectivamente, duas mulheres negras nascidas e residentes em São João de Meriti. Ambas as ativistas das causas raciais, defensoras do cumprimento das Leis 10.639/03 e 11.645/08, bem como admiradoras do fato histórico que tentam apagar da Revolta da Chibata. Fiéis apoiadoras da criação do Museu Municipal Marinheiro João Cândido em São João de Meriti, como uma forma de reparação da memória do nosso Almirante Negro, sendo um equipamento cultural oferecido a população Meritiense, a qual tão merecedora desse avanço em termos de melhoria na urbanização local e uma valorização em termos de sustentabilidade e acesso para comunidade do Morro do Embaixador na Vila São José, conforme constatamos em pesquisa realizada com os moradores que aguardam dezessete anos por esse Museu. No dia 24 de junho de 2018, inauguramos nossa sede provisória da Associação dos Amigos do Museu Marinheiro João Cândido, sito à Rua Bento Lisboa, 227, lote 17, quadra 08, fundos, Jardim Meriti, CEP: 25510301, São João de Meriti. Inscrita no CNPJ: 42.244.293/0001-00 e Inscrição Municipal: 51459, com Atividade Econômica Principal: 9102301 – Atividades de Museus e de Exploração de Lugares e prédios históricos e atrações similares; e Atividade Secundária: 9493600 – Atividades de Organizações Associativas ligadas à Cultura e à Arte. Já estávamos participando de diversas palestras em outros Museus estabelecidos, capacitação e oficinas sobre Plano Museológico, até que chegamos à Rede de Museologia Social do Rio de Janeiro sob orientação dos Professores Mario Chagas e Lucienne Figueiredo, os quais apoiavam e incentivavam diversos Museus Sociais e de Território. Em 2019, em reunião mensal de Diretoria a AAMMJC chega a conclusão de que deveríamos solicitar ao Município e ao Estado o reconhecimento do Marinheiro João Cândido Felisberto, como herói Municipal e Estadual, após inúmeras solicitações esses dois títulos, foram conferidos. Continuamos lutando para o seu reconhecimento como Herói Nacional. Em 2021 em uma reunião mensal da REMUS, colocamos o trabalho pedagógico que vínhamos fazendo visitando instituições de ensino para falar da Revolta da Chibata, da importância de João Cândido para população mais vulnerável e/ ou negra meritiense, principalmente jovens que não devem desistir dos estudos, pois João Cândido, não teve oportunidades de estudar e lançou mão da única ferramenta que aprendeu a manusear. Hoje já temos defesas legais, tais como a Constituição, Estatuto de Igualdade Racial e até uma Delegacia Especial (DECRADI). A Educação como ferramenta de Liberdade e transformação da humanidade. Após essa exposição do nosso trabalho, criamos assim a nova denominação para nossa Associação e denominamos como “Museu Almirante Negro”, o qual de forma itinerante visitaria toda e qualquer instituição que nos permitisse falar sobre o Marinheiro João Cândido Felisberto, a criação de um Museu Municipal e que ele residiu em São João de Meriti de 1930 até 1969 e até hoje um filho seu com 86 anos, vive aqui em nosso Município. De forma incansável continuamos a levar o nome do nosso Herói do Povo Negro em todos os locais públicos e privados com a finalidade de não permitir o apagamento da importância do fato histórico da Revolta da Chibata, até mesmo para Marinha do Brasil.",Zilmar da Costa Duarte - Presidente,11/07/2024,OK,-22.7853575,-43.3667150
167,Museu Memorial Gibanauê,MMG,-,"Avenida Javari, 10 -  Jardim Delamare - Japeri",Japeri,Metropolitana II,(21) 96575-5233,memoriagibanaue@gmail.com,-,@axe_gibanaue,@axe_gibanaue,-,Privada,Ata,Em implantação,Todos os dias - Manhã e Tarde,Gratuito,-,Sim,Outros,Não,Em implantação,"O Museu Memorial Gibanaue guarda as memórias e tradições do Ilê Axé Ifá Mongé Gibanaue, fundado pelo saudoso babalorixá Alvinho de Azauane, herdado pelo saudoso babakekerê Rozevaldo de Oxumarê e hoje pertencente ao babalorixá Blonsom Faria de Logun Edé. História, memória e vivência do candomblé da nação Efon na localidade de Engenheiro Pedreira - Japeri - RJ",Blonsom de Faria Ramos - Diretor / Babalorixá,20/07/2024,OK,-22.6427642,-43.6533831
168,Associação Centro Cultural Viva,-,30.197.552/0001-00,Estrada Duas Barras à Sumidouro k7,Duas Barras,Serrana,(22) 98143-8685,viva.trick@gmail.com,ciaviva.blogspot.com/circo-teatro,Centro Cultural Viva,@circoviva,-,Privada,Não existe documentação de criação do museu,Aberto,Segunda e Quarta - Manhã e Tarde,Gratuito,Estudantes,Sim,Outros,Não,Somos iponto de memoria museu tinerantee levamos a exposicao a escolas que já tem todas as normas de acessibilidade e profissionais e espaços capacitados adequados,"""Museu de exposição itinerante de brinquedos populares /Projeto memoria do brinquedo  Popular em 2010/2011 ganhou edital premio pontinhos de cultura secec rj/2012 prêmio Pontos de memoria IBRAM/MINC, 2012 prêmio mazaropi de culturas Populares/ MINC/2018 prêmio Selma do Coco/MINC 
Levamos a exposição a escolas junto com atividades brincantes de circo e oficinas de contrucao de brinquedos""",Patrick Nogueira - Produtor,01/08/2024,OK,-22.0522519,-42.5194705
169,Memorial Ex-combatentes de Volta Redonda,-,50.66.499/0001-53,Rua Trezentos e Dez sem número,Volta Redonda,Médio Paraíba,(24) 3025-7375,estacaodasartes2020@gmail.com,https://cultura.voltaredonda.rj.gov.br/historiaexcombatentes/,https://www.facebook.com/CulturaVoltaRedonda/,-,-,Municipal,Decreto,Aberto,Todos os dias - Manhã e Tarde,R$1 a R$ 10,"Sim para estudantes, idosos e PCD",Sim,Histórico,Não,Rampas para cadeirantes e tradutores em Libras,"""Construído em homenagem àqueles que lutaram na frente batalha em defesa da democracia e da soberania na Segunda Guerra Mundial.

            Possui um museu militar criado para preservar uma história que não pode e não deve ser esquecida. Seu acervo constitui lembranças de fatos que marcam a presença e participação efetiva da Marinha e Guerra do Brasil e Mercante, do Exército Brasileiro e da Força Aérea Brasileira. Seu acervo constituído de fotos, peças de fardamento, documentos históricos, armamento. Além disso, o Memorial possui uma biblioteca com livros, CDs e fitas referentes à literatura militar e outros assuntos.

            Há também um auditório climatizado onde se realizam palestras e apresentações sobre a participação do Brasil na Segunda Guerra Mundial, desde declaração de guerra do Brasil contra os países do Eixo, o envio dos Escalões de contingentes da FEB, seu batismo de fogo, seguindo até o fim das ações de combate no dia 02 de maio de 1945 em consequência da rendição dos nazifascistas em solo italiano. O Brasil foi o único país Sul Americano a participar deste conflito mundial.

            Nosso público é variado: alunos e professores de escolas públicas e particulares, Associações, grupos turísticos, estudantes universitários entre outros. Visitas e palestras são francas. Visitas são livres e palestras são agendadas previamente.

            O Memorial dos Ex-Combatentes de Volta Redonda foi tombado como patrimônio material do município.""",Sergio Vieira da Cunha - Assessoria de Marketing,02/08/2024,OK,-22.5218560,-44.1040128
170,Museu Histórico do Instituto Histórico e Geográfico Itaborahyense,-,30.386.006/0001-00,"Praça Marechal Floriano Peixoto, 221 - Centro, Itaboraí. CEP: 24800-165",Itaboraí,Metropolitana III,(21) 99842-0598,museu.ihgi@gmail.com,https://itaborai.org/pesquisa/museu-historico/,https://www.facebook.com/IHGI.itaborai/ https://x.com/itaboraiihgi?mx=2,https://www.instagram.com/ihgi.itaborai/?next=%2F,-,Privada,Estatuto Social,Em implantação,Terça a Sábado - Manhã e Tarde,Gratuito,-,Sim,Histórico,Não,Acesso à informação e catálogo dos objetos museológicos on-line disponibilizados no site oficial,"""O Instituto Histórico e Geográfico Itaborahyense – IHGI, fundado em 16 agosto de 2017, é uma pessoa jurídica sem fins lucrativos, do tipo Associação Cultural, de Direito Privado, inscrito no CNPJ: 30.386.006/0001-00, com atividades voltadas ao Patrimônio Cultural, com sede na antiga Casas da Câmara e Cadeira Pública, Praça Marechal Floriano Peixoto, 221 – Centro Itaboraí, RJ – Brasil, e qualificado com Organização da Sociedade Civil de Interesse Público – OSCIP, pelo despacho nº 608/2022/DPJUS/SENAJUS, publicado no D.O.U. nº 62, de 31 de março de 2022, p. 3.
Desta forma o IHGI mantém, por meio das contribuições financeiras dos seus seus associados, um Arquivo Histórico, Biblioteca e desde 2017, está em processo de implementação do Museu Histórico do IHGI.
Nesse sentido, vem adquirindo por compra ou doações, objetos museais sobre a história de Itaboraí, do estado do Rio de Janeiro e Brasil. 
O Museu Histórico do IHGI tem por missão é preservar, pesquisar, documentar e comunicar, a memória de Itaboraí e da antigas Vila de Santo Antônio de Sá e Vila Nova de São José d’El Rei, em diálogo com a memória regional e nacional, sendo um espaço democrático de representação das manifestações culturais e de estímulo à reflexão e ao pensamento crítico entre as relações sociais da comunidade.
Em virtude da sua sede oficial estar parcialmente interditada, sua atuação vem ocorrendo de modo virtual por meio do site oficial do Instituto Histórico e Geográfico Itaborahyense, onde parte de seu acervo pode ser consultado por pesquisadores e público em geral.""",Deivid Antunes da Silva Pacheco - Presidente,05/08/2024,OK,-22.7558128,-42.8829561
171,Centro de Referência Afro Sul-Fluminense,CREASF,24.82.089/0001-03,"Rua Bulhões de Carvalho, nº 05, Centro – Pinheiral – CEP: 27.197-000",Pinheiral,Médio Paraíba,(22) 99221-7212,escritorio.projetos.floresta@gmail.com,-,-,Instagram: @jongodepinheiral / @jongovaledocafe,-,Público-privada,Não existe documentação de criação do museu,"Aberto, funcionando parcialmente",Todos os dias - Manhã e Tarde,Gratuito,-,Sim,Patrimônio Científico e Histórico Natural,Não,"O museu tem implementado e/ou atualizado melhores práticas de acessibilidade para pessoas com deficiência (PCD) em acervos audiovisuais

1. Legendas:

- Inclusão de legendas em vídeos para pessoas com deficiência auditiva em partes importantes do acervo.

2. Audiodescrição:

- Adição de narração adicional para descrever ações, expressões faciais, cenários e outros elementos em vídeos em partes importantes do acervo.

- A audiodescrição fornecida como uma faixa de áudio separada ou incorporada ao áudio original em partes importantes do acervo.

partes importantes do acervo.

3. Transcrições:

- Disponibilização de transcrições completas de áudios e vídeos para pessoas com deficiência auditiva ou visual em partes importantes do acervo.

- Transcrições fornecidas em formato de texto

5. Acessibilidade física:

- Instalações físicas do acervo acessíveis para pessoas com deficiência física, incluindo rampas, elevadores e corrimãos.

6. Treinamento e conscientização:

- Oferecimento de treinamento para funcionários sobre a importância da acessibilidade e como implementar as práticas adequadas.

É sempre considerado fundamental buscar feedback dos usuários com deficiência para identificar possíveis melhorias e ajustes nas práticas de acessibilidade.
","O Centro de Referência de Estudo Afro do Sul Fluminense (CREASF) foi fundado em 1998 e tem como missão salvaguardar o patrimônio imaterial do jongo e suas tradições, bem como fortalecer e ampliar os trabalhos com a cultura afro existentes em Pinheiral e Região do Vale do Café. Tem mais de 100 anos de existência e localiza-se na cidade de Pinheiral, sul do Estado do Rio de Janeiro. Tem como finalidade preservar a dança do jongo, cultivar e valorizar as tradições e a história Afro-Brasileira. Desenvolve atividades voltadas para vivências da cultura afro-brasileira, tendo como público alvo os próprios jongueiros, a comunidade local e alunos das escolas do seu município e da região do Sul Fluminense. Foi citado no Dossiê de Tombamento do Jongo do IPHAN - 2005 Torna-se Ponto de Cultura em 2003.",Maria de Fátima da Silveira Santos - Presidente,05/08/2024,OK,-22.5129436,-44.0014350
172,Associação da Comunidade Negra Remanescente de Quilombo da Fazenda São José da Serra,-,73.05.685/0001-23,"Fazenda São José S/Nº, Santa Isabel do Rio Preto – Valença – CEP: 27.640-000",Valença,Médio Paraíba,(21) 99649-3823,escritorio.projetos.floresta@gmail.com,-,Facebook: https://www.facebook.com/quilombo.saojose?mibextid=9R9pXO,-,-,Público-privada,Não existe documentação de criação do museu,"Aberto, funcionando parcialmente",Todos os dias - Manhã e Tarde,Gratuito,-,Sim,Patrimônio Científico e Histórico Natural,Não,"O museu tem implementado e/ou atualizado melhores práticas de acessibilidade para pessoas com deficiência (PCD) em acervos audiovisuais

1. Legendas:

- Inclusão de legendas em vídeos para pessoas com deficiência auditiva em partes importantes do acervo.

2. Audiodescrição:

- Adição de narração adicional para descrever ações, expressões faciais, cenários e outros elementos em vídeos em partes importantes do acervo.

- A audiodescrição fornecida como uma faixa de áudio separada ou incorporada ao áudio original em partes importantes do acervo.

3. Transcrições:

- Disponibilização de transcrições completas de áudios e vídeos para pessoas com deficiência auditiva ou visual em partes importantes do acervo.

- Transcrições fornecidas em formato de texto

5. Acessibilidade física:

- Instalações físicas do acervo acessíveis para pessoas com deficiência física, incluindo rampas, elevadores e corrimãos.

6. Treinamento e conscientização:

- Oferecimento de treinamento para funcionários sobre a importância da acessibilidade e como implementar as práticas adequadas.

É sempre considerado fundamental buscar feedback dos usuários com deficiência para identificar possíveis melhorias e ajustes nas práticas de acessibilidade.
","O Quilombo Sao José é um centro de turismo étnico e tem a missão  de salvaguardar o patrimônio imaterial do jongo e suas tradições, bem como fortalecer e ampliar os trabalhos com a cultura afro existentes na Região do Vale do Café. Seu Centro de Cultura e Memoria tem como objetivo o registro e divulgação dos seus patrimônios culturais e a implementação de projetos sociais de agricultura e de turismo (étnico e ecológico) e projetos culturais e de educação popular visando a sustentabilidade e salvaguarda de suas tradições. Realiza apresentações, festas, fóruns, palestras em escolas, encontros, diversas atividades culturais e educativas. Já recebeu diversos prêmios, dentre eles o maior prêmio da cultura nacional, a Ordem do Mérito Cultural da Presidência da República.",AmaurI Gonçalves Fernandes - Presidente,05/08/2024,OK,-22.2326385,-43.8863929
173,Memorial Zumbi,-,11.702.913/0001-76,"Rua 23, Vila Santa Cecília ",Volta Redonda,Médio Paraíba,(24) 3025-7375,sergiocunhavr@gmail.com,https://cultura.voltaredonda.rj.gov.br/memorialzumbipalmares/,https://www.facebook.com/CulturaVoltaRedonda/,-,-,Municipal,Decreto,Aberto,"Sábado à Quinta - Manhã, Tarde e Noite / Sexta Manhã e Tarde",R$1 a R$ 10,"Sim, para grupos minoritários: LGBTQIA+, PCD e idosos",Sim,Histórico,Não,"Rampa para PCD, tradução em Libras e recepcionistas capacitados","""O Memorial Zumbi foi criado em 1º de Junho de 1990, projetado e assinado pelo Arquiteto Selso Dal Bello e instituído para ser um centro cultural com o objetivo de fomentar e preservar a cultura afro.

Não é possível falar do Memorial, sem antes citar uma breve história de Zumbi.

Embora tenha nascido livre, foi capturado quando tinha por volta de sete anos de idade. Entregue a um padre católico, recebeu o batismo e ganhou o nome de Francisco. Aprendeu a língua portuguesa e a religião católica, chegando a ajudar o padre na celebração da missa. Porém, aos 15 anos de idade, voltou para viver no quilombo. Em 1680, com 25 anos de idade, Zumbi torna-se líder do quilombo dos Palmares, comandando a resistência contra as tropas do governo. Durante sua atuação a comunidade cresce e se fortalece, obtendo várias vitórias contra os soldados portugueses. O líder Zumbi mostra grande habilidade no planejamento e organização do quilombo, além de coragem e conhecimentos militares.

O Centro Cultural Quilombo Memorial Zumbi deve ser motivo de orgulho para toda cidade, não há nenhum outro local que se dedique tanto à memória de Zumbi de Palmares e a cultura afro brasileira com a estrutura deste aparelho cultural quepossuímos. É resultado da luta de muitos negros e negras, que vieram antes de nós e que se atentaram para a necessidade da preservação da história de um povo que construiu e constrói nosso país.

Entre os eventos oferecidos pela Secretaria de Cultura através do Memorial, estão o Sala doSaber, encontros mensais com apresentação de pesquisas voltadas para a cultura e movimento negro com rodas de conversa, além de lançamento de livros e apresentação de curtas metragens, e o Cine Zumbi onde mensalmente um filme com protagonismo negro é exibido gratuitamente.

O Memorial Zumbi, administrado pela Secretaria Municipal de Cultura que busca movimentar o cenário cultural da cidade, funciona de segunda à sexta-feira, de 10h às 21h, produzindo eventos em variados estilos e formatos. Observando-se basicamente dois tipos de uso: esporadicamente abriga eventos como de exibições; mas também atua como um espaço de memória centrado na figurade Zumbi dos Palmares.""",Sergio Vieira da Cunha - Coordenador Técnico,05/08/2024,OK,-22.5180297,-44.1079631
174,Casa Museu Eva Klabin,-,40.390.429/0001-57,Av. Epitácio Pessoa n2480,Rio de Janeiro,Metropolitana I,(21) 3202-8550,cultura@evaklabin.org.br,https://evaklabin.org.br/,pt-br.facebook.com/CasaMuseuEvaKlabin,evaklabinoficial,-,Privada,Estatuto Social,Aberto,Quarta à Domingo - Tarde,Gratuito,-,Sim,Artes Visuais,Sim,"Acessibilidade física no andar térreo com adequações físicas de rampas, banheiros,. Disponibilização de elevador individual para pessoas com mobilidade reduzida. Adequação de comunicação com eliminação de barreiras de fruição, acesso aos conteúdos e informação, e disponibilização de intérprete libras em eventos e tradução em publicação de vídeos. Aproximação atitudinal.","""A Casa Museu Eva Klabin abriga a coleção reunida por Eva Klabin (1903-1991), um dos mais importantes acervos de arte clássica dos museus brasileiros, contando com mais de duas mil peças que cobrem um arco de tempo de quase 50 séculos, do Egito Antigo ao Impressionismo. A coleção está em exposição permanente e aberta ao público na casa-museu instalada na residência em que a colecionadora viveu por mais de 30 anos e abrange pinturas, esculturas, mobiliário e objetos de arte decorativa.

Nascida do desejo da colecionadora de legar o precioso acervo reunido ao longo de toda uma vida à cidade do Rio de Janeiro, a Casa Museu foi criada em 1990, um ano antes do falecimento de sua idealizadora e instituidora e foi oficialmente aberta ao público pelo então ministro da Cultura, Francisco Weffort, em agosto de 1995.""",Laura Ghelman - Museóloga,06/08/2024,OK,-22.9804944,-43.2100835
175,Museu Janete Costa de Arte Popular,MJCAP,28.550.176/0001-36,"Rua: Presidente Domiciano, 178. ",Niterói,Metropolitana III,(21) 3617-7736,museujanetecosta@gmail.com,https://www.culturaniteroi.com.br/janete,Museu Janete Costa de Arte Popular,museujanetecosta,-,Municipal,Decreto,Aberto,Terça a Domingo - Manhã e Tarde,Gratuito,-,Sim,Artes Visuais,Sim,"Quanto a Acessibilidade física, possuímos a presença de elevador, banheiros adaptados e QRcodes com as principais informações sobre as obras da nossa exposição permanente. Em relação a execução de exposições e atividades, respeitamos os parâmetros definidos para que todos os visitantes tenham direito a mesma experiência. Portanto, há espaço para que cadeirantes e/ou pessoas com deficiências físicas e dificuldade de mobilidade possam circular pelo Museu. Para além disso, todos os setores possuem treinamento a fim de eliminar quaisquer barreiras atitudinais e potencializar a inclusão de pessoas com deficiência e a integração entre elas. Com frequência, são realizadas capacitações direcionadas aos profissionais atuantes no Museu, além de cursos e formações para o público geral (frequentadores e visitantes). Além disso, desde 2018, o MJCAP tem seu próprio programa "" Me inclua nessa"" voltado exclusivamente para o tema da Inclusão e Acessibilidade, desenvolvendo atividades educativas centradas na Diversidade abraçando pessoas com deficiência, pessoas em situação de vulnerabilidade e pessoas idosas. O museu se coloca como um microcosmo de uma sociedade inclusiva, diversa e integradora.","""Situado no bairro da Boa Viagem, em dois sobrados do século XIX (1862) com fachadas tipicamente neoclássicas, o Museu Janete Costa de Arte Popular estampa o nome de uma das maiores incentivadoras da arte popular brasileira, a arquiteta pernambucana Janete Ferreira da Costa. 
Janete viveu em Niterói desde os tempos da faculdade. Aqui abriu a loja Escala, de decoração de interiores, e participou da restauração do interior do Solar do Jambeiro e da Igreja de São Lourenço dos Índios. O Museu a elege, então, como patrona, em homenagem à sua contribuição à arte popular e à cidade. 
O prédio, que se encontrava em ruínas, teve a fachada restaurada e as paredes internas descascadas. O projeto evidenciou a grandiosidade do prédio, bem como a beleza rústica das cores e texturas da construção, criando o ambiente necessário para o acolhimento das obras e dos visitantes.  
O Museu Janete Costa de Arte Popular é uma unidade da Fundação de Arte de Niterói e desde de sua inauguração, em 28 de novembro de 2012, vem mostrando a arte do povo brasileiro expressa na diversidade das suas tradições e manifestações culturais, tendo por base uma linha de ação voltada para o educativo. 
O grande objetivo do MJCAP é divulgar a cultura popular brasileira fomentando agentes multiplicadores da arte popular e suas vivências.""",Daniela Magalhães Moraschini - Diretora,07/08/2024,OK,-22.9035770,-43.1278486
176,Museu Regional do Sal Manoel Maria de Mattos,-,-,Rodovia RJ 106 - Km 107 - Flexeira - São Pedro da Aldeia - RJ,São Pedro da Aldeia,Baixadas Litorâneas,(22) 2621-1559,turismo@pmspa.rj.gov.br,-,-,Instagram: museu.do.sal,-,Municipal,Lei,Aberto,Quinta a Doming - Tarde e Noite,Gratuito,-,Não,Histórico,Não,"o Museu do Sal possui banheiros acessíveis, piso tátil e fácil acesso a cadeirantes.","""O Museu Regional do Sal Manoel Maria de Mattos apresenta acervos materiais em em linguagem audiovisual que abordam a história salineira regional e mundial, da Pré-história à Contemporaneidade. 

O espaço exibe, destacadamente, obras de arte e instrumentos referentes aos temas diretamente ligados ou transversais à extração do sal fluminense.

As relações do sal com a saúde, os tratamentos estéticos, indústria, turismo e culinária são particularmente abordadas através de documentários curtos.

O Museu do Sal apresenta frequentemente exposições temporárias que enaltecem a arte a a cultura da região, além das questões referentes propriamente ao salineiro.

O espaço recebe, frequentemente, turistas, residentes e estudantes em visitas mediadas, ultrapassando 8 mil visitantes em seu primeiro ano de abertura.""",Claudia Tinoco Pereira da Silva - Secretária Municipal de Cultura,08/08/2024,OK,-22.7812782,-42.1200358
177,Ateliê Roots Ziza Naif,-,-,"Rua Erany José da Silva lote1 cas 1 Caramujo, Niterói RJ",Niterói,Metropolitana III,(21) 98710-7319,mauzizasilva@hotmail.com,-,-,Instagram: @zizanaif,-,Privada,Não existe documentação de criação do museu,"Aberto, funcionando parcialmente",Terça e Quinta - Manhã,Gratuito,-,Sim,Artes Visuais,Não,Estamos em processo de adaptação.,"O Ateliê Roots Ziza Naif fica na comunidade do Caramujo em Niterói, aberto em seus horários de visitação. Estamos também implantando o Projeto de Crianças de um Corredor Cultural junto com as políticas públicas da área. ",Elizângela Pegoral Moraes da Silva - Artista Escultora,09/08/2024,OK,-22.8884000,-43.1147000
178,Museu da Imagem Itinerante da Maré,MIIM,-,"Rua Luís Ferreira, 55, bloco A",Rio de Janeiro,Metropolitana I,(21) 3104-2012,museumiim@gmail.com,www.museumiim.com.br,,@museumiim,-,Privada,Não existe documentação de criação do museu,"Aberto, funcionando parcialmente",,Gratuito,-,Sim,Outros,Não,-,"""O Museu da Imagem Itinerante da Maré (MIIM) nasceu em 2019 de um projeto de pesquisa artística de doutorado com o objetivo de organizar inventários fotográficos das favelas da Maré, o maior bairro popular da cidade do Rio de Janeiro. Composto por 16 favelas e uma população de mais de 140 mil moradores, as favelas da Maré são o foco principal desta iniciativa museológica.
O Museu MIIM é representado por uma caixa de papelão com dimensões de 37cm de comprimento, 26cm de largura e 15cm de altura abrigam variadas coleções de imagens e ações artísticas, culturais de pesquisa e educacionais. 
A essência do MIIM está nas ações poéticas que são desenvolvidas em parceria com escolas, igrejas, ONGs e eventos de rua. Essas ações artísticas têm como objetivo despertar o imaginário dos visitantes em relação às favelas da Maré. Os inventários fotográficos organizados por meio dessa pesquisa abordam diversos aspectos da vida sociocultural das favelas, formando um acervo histórico-poético das imagens da Maré, que conta com um catálogo de mais de 3 mil imagens digitais e uma reserva técnica com mais de mil imagens.
O Museu MIIM busca ir além da simples documentação visual, pois valoriza as ações que envolvem a comunidade e promovem reflexões sobre a realidade local. Através de parcerias e colaborações, o projeto estabelece um diálogo entre o museu e a sociedade, construindo narrativas visuais que ampliam as percepções sobre as favelas e seus moradores.
Com seu caráter itinerante, o MIIM leva suas exposições e ações para diferentes espaços, alcançando um público diversificado e contribuindo para a valorização e difusão da cultura e da arte produzidas nas favelas da Maré.
As Caixas 1 e 2 estão na Maré, sendo usadas pelo artista em ações artísticas, culturais e educativas do museu. A Caixa 3 está na Biblioteca de Fotografia do Instituto Moreira Salles, em São Paulo. As Caixas 4, 5, 6 e 7 foram exibidas no Itaú Cultural, São Paulo, como parte da exposição """"Ensaios para o Museu das Origens"""", mostra exibidas em 2023/2024. A Caixa 8 está em Edimburgo, Escócia, após a exposição """"Maré From the Inside"""" no Festival Fringe de 2023.
De modo geral, o projeto museológico do MIIM inclui o """"Acervo Histórico-Poético das Imagens da Maré"""", uma Escola de Imagens Portátil, a galeria """"Fototeca da Maré"""", e os projetos das duas bibliotecas: a Biblioteca de Fotografia Popular e a Biblioteca Popular da Maré. Além disso, conta com a Residência Artística Caixa de Sapatos e a ação """"Imagens de Contato"""", uma performance realizada pelo artista para potencializar a circulação das imagens do acervo do Museu MIIM.""",Francisco Valdean Alves dos Santos - Fundador,09/08/2024,OK,-22.9110137,-43.2093727
179,Centro Cultural da Polícia Militar do Estado do Rio de Janeiro,CCPMERJ,32.690.668/0001-02,"Rua Marquês de Pombal, 128, Centro",Rio de Janeiro,Metropolitana I,(21) 96893-1885,centrocultural.pmerj@gmail.com,-,-,Instagram: @ccpmerj_pmerj,-,Estadual,Portaria,Aberto,Terça a Sexta - Manhã e Tarde,Gratuito,-,Sim,Outros,Sim,-,"O Centro Cultural da Polícia Militar do Estado do Rio de Janeiro teve sua origem em 01 de fevereiro de 1911, quando o então Comandante Geral, o Coronel do Exército José da Silva Pessôa inaugura a Sala d’Armas, localizada no 2º andar da ala direta do Regimento Marechal Caetano de Faria. Sob à ótica de valorização do patrimônio nacional, o Museu da Polícia Militar do Estado do Rio de Janeiro foi criado de forma definitiva somente através da ordem do dia nº 177 de 27 de julho de 1937 com o intuito de preservar a memória e a identidade da Polícia Militar. Recebeu a denominação de Museu e Sala D'Armas General José da Silva Pessôa, em homenagem ao seu patrono e ex- Comandante Geral da Polícia Militar do Distrito Federal. Desde o início de 1982, o Museu da PMERJ encontra-se instalado na antiga residência do Comandante do Regimento Marechal Caetano de Faria e detém um acervo Histórico-Cultural com cerca de 7.000 (sete mil) bens museológicos. Em 2015, através das resoluções SESEG números 905 e 907 acontece a transformação de Museu em Centro Cultural da PMERJ (CCPMERJ). As estruturas culturais; Museu e Arquivo Geral da Polícia Militar do Estado do Rio de Janeiro passaram a integrar um só corpo.",Luis Otavio Raibolt Vidal Fernandes - Museólogo,12/08/2024,OK,-22.5078901,-44.0761371
180,Instituto Cultural Fazenda dos Moinhos,-,-,Estrada da Fazenda Velha. Avelar. Pary do Alferes. RJ,Paty do Alferes,Centro Sul,(21) 99140-7988,beatrizcalmon@uol.com.br,-,@fazendadosmoinhos facebook,-,-,Municipal,Não existe documentação de criação do museu,Em implantação,Sexta - Manhã e Tarde,Gratuito,-,Sim,Artes Visuais,Não,-,Art Park,Beatriz Calmon -Diretora Geral da Instituição Cultural Fazenda dos Moinhos,12/08/2024,OK,-22.3775383,-43.3970506
181,A Casa de Bambas / Museu da Capoeira Mestre Medeiros,-,37.648.198/0001-24,"Estrada do Porto Velho, 199 Cordovil",Paty do Alferes,Centro Sul,(21) 98698-9813,janaina@acasadebambas.org,https://acasadebambas.org,-,@acasadebambas,-,Privada,Não existe documentação de criação do museu,Em implantação,Segunda a Sexta - Manhã e Tarde,Gratuito,-,Sim,Outros,Não,Espaço acessível a cadeirantes; Intérprete de libras e profissionais PCD no quadro de colaboradores,"Espaço em implantação para funcionamento na Sede da OSC A Casa de Bambas.  Estamos transformando o Espaço do Saber da Capoeira Mestre Medeiros, onde mantemos acervo referente a memória da capoeira no Museu da Capoeira - Mestre Medeiros.  ",Janaína Bemvindo dos Santos - Diretora de gestão executiva,13/08/2024,OK,-22.3775383,-43.3970506
182,Galpão Bela Maré,GBM,-,"Rua Bittencourt Sampaio, 169 - Maré, Rio de Janeiro",Rio de Janeiro,Metropolitana I,(21) 3888-3220,contato@observatoriodefavelas.org.br,https://www.belamare.org.br/,Galpão Bela Maré,galpaobelamare,-,Privada,Não existe documentação de criação do museu,Aberto,Terça a Sábado - Manhã e Tarde,Gratuito,-,Sim,Artes Visuais,Sim,"O espaço contempla pessoas surdas ou ensurdecidas, deficientes físicos e neuroatípicas, utilizamos a Linguagem Brasileira de Sinais para pessoas Surdas ou Ensurdecidas fluentes em Libras, possui sessão azul de cinema e mediação, audiodescrição e espaço físico com acessibilidade arquitetônica como banheiros acessíveis e sem distinção de sexo ou gênero. O Galpão Bela Maré, possui uma frente ampla de atuação com foco em acessibilidade, buscando ampliar suas ações para os diversos públicos através de estudos e proposições práticas de acessibilidade cotidiana, garantindo na rotina da programação artística oferecida publicamente atividades que atuam de forma contundente contra o capacitismo estrutural de nossa sociedade. Ainda na perspectiva da acessibilidade arquitetônica, o espaço tem banheiro PcD e acesso a todo o primeiro piso, com portas largas e rampas. 
","""O Galpão Bela Maré existe desde 2011 e funciona como espaço cultural gratuito. Desde 2017 estamos abertos de forma contínua de terça a sábado, mobilizando, através das artes, encontros entre pessoas de diferentes territórios da cidade. Em seus quase 12 anos de existência, o Galpão já realizou 24 exposições, 827 ações educativos, 79 sessões de cinema e 3 edições da Elã - Escola Livre de Artes, tendo reunido mais de 70 mil pessoas presencialmente e cerca de 30 mil virtualmente.

Localizado na Nova Holanda, no Conjunto de Favelas da Maré, o Bela é uma iniciativa do Observatório de Favelas, voltado à democratização e difusão das múltiplas expressões artísticas, especialmente das artes visuais. Promovemos, inclusive, programações artístico-culturais e pedagógicas, contribuindo com a descentralização de equipamentos culturais e possibilidades de fruição, formação e produções artísticas. 

Há uma aposta política, a partir deste território das artes, propor agendas de superação de desigualdades e de fortalecimento da democracia, construindo processos cada vez mais consistentes de, através das artes, reivindicar presenças de sujeitas/os, territórios e questões periféricas.""",Anna Luisa Santos de Oliveira - Coordenação Geral,15/08/2024,OK,-22.8536185,-43.2468062
183,Museu Vivo Multiartes de Belford Roxo,-,-,Rua Dos Patriotas 121 Heliópolis,Belford Roxo,Metropolitana II,(21) 96893-5408,museuvivomultiartes@gmail.com,-,-,museuvivomultiartesbelfordroxo,-,Municipal,Não existe documentação de criação do museu,Aberto,Sábado - Manhã e Tarde,Gratuito,-,Sim,Artes Visuais,Sim,"O Museu Multuartes, faz eventos como Saraus, feiras literárias, exposições, rodas de conversas sempre acompanhadas por intérpretes de libras. Possuímos rampas para acesso a cadeirantes.","""O Museu Multiartes de Belford Roxo,  sucessor do Museu Vivo de Areia Branca, tem uma trajetória marcada por constantes transformações e um compromisso com a promoção da cultura e da arte local. Iniciou suas atividades no Município com eventos culturais  em 2018 com artistas da região. Inaugurou sua 1ª sede em 27/2/2022 em Areia Branca na rua Mary Elza 46, hoje se encontra na rua: Dos Patriotas 121, Heliópolis. Belford.Roxo.  Ampliou suas atividades e consolidou-se como um ponto de encontro para artistas e entusiastas da cultura. A programação do museu se diversificou, incorporando eventos como oficinas, palestras e apresentações, que atraíam um público cada vez mais numeroso e interessado.  Fortalecendo a ligação do museu com a comunidade local. Foi neste período que o museu começou a adotar um enfoque mais dinâmico e itinerante, levando suas exposições e atividades para o Museu  da República e eventos no município, sempre com o objetivo de democratizar o acesso à cultura e valorizar os talentos locais. Recebeu  Moção Honrosa  da Câmara de Vereadores do Rio de Janeiro pelo reconhecimento e dedicação a Museologia Social em 29-4-2023. Em 28-5-2023 recebe homenagem do Presidente do  Museu da República  Mário Chagas no evento de 10 anos da Museologia Social.
Com uma nova direção, o museu passa a se chamar Museu Vivo Multiartes de Belford Roxo. Com a  missão de contar a História Cultural de Belford Roxo , eternizando seus artistas e suas histórias através de exposições , permanentes e temporárias de fotos que capturam a essência das obras dos artistas locais. Cada exposição será curada para destacar a diversidade artística do município, desde as artes plásticas até a fotografia e as intervenções urbanas. As fotos serão acompanhadas de legendas que contam a história por trás de cada obra, criando uma narrativa visual que conecta o público com a trajetória dos artistas. roda de conversas, cine clube com a família, amigos dos artistas e a comunidade local ,que contará a história da Arte no Município e dos artistas que por aqui passaram, que hoje fazem sucesso fora do Município como Cidade Negra e tantos outros, e os que aqui trabalham e vivem da sua arte. Assim inspirando novos talentos. Este trabalho busca mostrar que Belford Roxo possui mais talentos do que violência, apresentando aos jovens, os artistas que já passaram e os que estão presentes na cidade, servindo como fonte de inspiração e orgulho para os que estão iniciando na arte.
 Belford Roxo tem muitos talentos, que precisam ser mostrado ao mundo. Com a missão de evidenciar e celebrar os talentos locais, o museu se posiciona como um farol de cultura e arte, refletindo o vibrante espírito de Belford Roxo e promovendo um legado que inspira as futuras gerações. Belford Roxo tem mais talentos que violência.""",Telma da Silva Pereira - Diretora Executiva,15/08/2024,OK,-22.7408457,-43.4061993
184,Museu Casa da Cultura de Aperibé,-,36.28.890/000012-33,"Praça Francisco Blanc, Centro",Aperibé,Noroeste Fluminense,(22) 99894-8606,casadaculturadeaperibe@yahoo.com.br,-,-,museu.aperibe,-,Municipal,Decreto,Aberto,Terça a Sexta - Manhã e Tarde; Sábado a Noite,Gratuito,-,Não,Histórico,Não,"No Museu Casa de Cultura de Aperibé há acessibilidade motora, eliminação de barreiras arquitetônicas.",""" Inaugurado no dia 8 de setembro de 2007, a instituição abriu suas portas com um acervo, ainda que pequeno, bastante diversificado, composto por mobiliário restaurado, documentos importantes e originais, desde notas de balcão das primeiras casas de comércio, registro de imóveis, escrituras de compra de escravos, certidões de nascimento e óbitos a cartas de amor e receitas de doces. Também, e muito importante para o resgate da história, as fotografias que trazem momentos congelados no tempo e no espaço, acervo que muito instiga o visitante ao diálogo com a história através das sensíveis mudanças operadas num determinado lugar ao longo da passagem do tempo. Objetos domésticos como utensílios de cozinha, artigos de adornos, ferramentas e algumas peças de vestuário também contribuem para compor a atmosfera do Museu. Vale ressaltar, que todo o acervo vem de doações dos aperibeenses e pessoas dos municípios vizinhos, hoje com mais de 2. 500 peças catalogadas e uma visitação de mais de duas mil pessoas anual.""",Marcelo da Cunha Hungria - Diretor do Museus,15/08/2024,OK,-21.6531590,-42.1329659
185,Museu dos Meninos,MdM,-,"Estrada do Itararé, 480 - Rua Nova, 17 - Ramos",Rio de Janeiro,Metropolitana I,(21) 98256-5364,museudosmeninos@gmail.com,www.museudosmeninos.com.br,-,omuseudosmeninos,-,Privada,Não existe documentação de criação do museu,Aberto,"Todos os dias - Manhã, Tarde e Noite",Gratuito,-,Não,Virtual,Não,"O Museu do Meninos ainda não possui um programa contínuo de acessibilidade, porém sempre que possível são aplicadas medidas de acessibilidade como interpretação em LIBRAS e audiodescrição, de acordo com as condições de realização de cada ação.","""Museu dos Meninos (www.museudosmeninos.com.br) é uma obra-museu, uma plataforma que investiga e desenvolve procedimentos artísticos a partir do mapeamento, coleta e preservação de memórias negras criando diferentes suportes de inscrição de memórias a partir de uma perspectiva favelada. O projeto foi criado em 2019, comissionado pela fundação cultural holandesa Prince Claus Fund, através do programa NEXT GENERATION para jovens artistas latino-americanos. 
Desde 2019 desenvolve ações artísticas de intercâmbio e produção de pensamento, performances, oficinas, e residências. O primeiro conjunto de ações ligadas à preservação de memórias é uma série de vídeo-depoimentos de jovens negros do Complexo do Alemão, além de uma série de performances presenciais e ações estéticas de intervenção urbanas realizadas no Complexo do Alemão. """,Mauricio da Silva de Lima - Diretor,16/08/2024,OK,-22.9110137,-43.2093727
186,Casa França-Brasil,-,28.001.394/0001-11,"Rua Visconde de Itaboraí, 78, Centro",Rio de Janeiro,Metropolitana I,(21) 96582-2666,contatos@casafrancabrasil.rj.gov.br,casafrancabrasil.rj.gov.br,Casa França-Brasil,@casafrancabrasiloficial,@casafrancabr,Estadual,Lei,Aberto,Terça a Domingo - Manhã e Tarde,Gratuito,-,Sim,Histórico,Sim,"A Casa dispõe de recursos de acessibilidade física para PCDs e pessoas com mobilidade reduzida, como entrada por rampa e corrimão para acesso. A Casa dispõe de banheiro PCD adequado as normas exigidas. Possui horário de atendimento exclusivo para pessoas com deficiência intelectual e mental todas as Quartas-feiras, de 10h às 11h. Os sinais, folhetos e placas indicativos possuem versões em português e inglês para melhor interpretação de públicos estrangeiros, assim como prevê mediadores bilíngues nas exposições. A Casa possui bancos para sentar-se localizados na varanda.","A Casa França Brasil, equipamento da Secretaria Estadual de Cultura e Economia Criativa, é hoje um polo de difusão de cultura e referência em arte contemporânea. A instituição funciona no primeiro registro neoclássico do Brasil, o edifício da primeira Praça de Comércio e Antiga Alfândega, construído em 1820. São oferecidos cursos, seminários, ciclos de palestras, entre outros projetos, além da programação de exposições. ",Tania Queiroz - Diretora,16/08/2024,OK,-22.9005573,-43.1759366
187,Museu do Pontal,-,33.60.608/0001-15,"Av. Célia Ribeiro da Silva Mendes, S/N – Barra da Tijuca, Rio de Janeiro – RJ, CEP: 22790-711",Rio de Janeiro,Metropolitana I,(21) 2490-2429,institucional@museudopontal.org.br,https://museudopontal.org.br,museudopontal,museudopontal,-,Privada,Estatuto Social,Aberto,"Quinta a Domingo - Manhã, Tarde e Noite",Gratuito,-,Sim,Artes Visuais,Sim,"A nova sede do Museu do Pontal prevê acessibilidade em todos os seus espaços, e para todas as suas atividades, dentre elas:
Acessibilidade Física (Incluindo-se Mobilidade Reduzida): No que tange à acessibilidade física, estão previstas vagas reservadas para deficientes físicos e idosos perto do acesso, rebaixamento do meio-fio, portas de acesso livres de barreiras, vaga sinalizada no estacionamento do Museu, elevador para cadeira de rodas e com Braille na botoeira, balcão de atendimento e sanitários acessíveis, assentos para obesos e pessoas com mobilidade reduzida, e espaços reservados para pessoas em cadeira de rodas com acompanhante.
Acessibilidade para Deficientes Auditivos: O Museu conta com pessoal treinado para atendimento a pessoas com deficiência auditiva, incluindo o uso de LIBRAS (Língua Brasileira de Sinais). As exposições também terão conteúdo audiovisual com legenda para acesso a pessoas com deficiência auditiva.
Acessibilidade para Deficientes Visuais: Visitas guiadas específicas para deficientes visuais.
","""Fundado em 1976, o Museu do Pontal é o maior e mais significativo museu de arte popular do Brasil. Seu acervo, cujo núcleo central é tombado, reúne mais de 9 mil obras de cerca de 300 artistas provenientes de 20 estados brasileiros, produzidas a partir da década de 1940. Em outubro de 2021, foi inaugurada sua nova sede, na Barra da Tijuca- Zona Oeste da cidade do Rio de Janeiro- oferecendo ao público uma programação diversificada, que inclui apresentações musicais, teatrais e de dança, oficinas educativas, seminários, palestras, cinema e exposições, todas concebidas para envolver e encantar o público no universo da arte e cultura popular. O espaço se destaca por sua arquitetura premiada e por seus jardins, que abrigam mais de 70 espécies nativas do Brasil. Em 2023, o Museu do Pontal se tornou o primeiro museu do país a ser 100% sustentável energeticamente.
Hoje, o Museu do Pontal é reconhecido como um dos mais importantes espaços culturais da cidade, reafirmando sua missão de promover a valorização da diversidade e a preservação dos patrimônios culturais brasileiros para esta e as próximas gerações. As atividades realizadas têm como foco principal a valorização das identidades culturais brasileiras e o fortalecimento da rede de artistas e mestres da cultura popular, já tendo envolvido mais de 2 mil mestres de diversas regiões do país. Com quase 30 anos de história, o Programa Educativo do museu continua sendo um destaque, atendendo a um público expressivo e ampliando sua abrangência a cada ano. A instituição também se destaca por seu compromisso com o desenvolvimento local, atuando de maneira significativa nas relações com o território em que está inserida.""",Tatiana Vieira Assumpção Richard - Desenvolvimento Institucional,19/08/2024,OK,-22.9110137,-43.2093727
189,Acervo Cultural do Ilê da Oxum Apará,ACIOA,32.362.915/0001-33,"RUA CARLITO JOSÉ DA SIVA, Nº 56, SANTA CANDIDA.",Itaguaí,Costa Verde,(21) 98865-3033,iledaoxumapara@gmail.com,-,-,ileoxumapara,-,Privada,Estatuto Social,Aberto,"Segunda a Sexta -Tarde / Sábado e Domingo - Manhã, Tarde e Noite",Gratuito,-,Sim,Histórico,Não,"""Acessibilidade arquitetônica
A) Rotas acessíveis, com espaço de manobra para cadeira de rodas;
B) Rampas;
C) Vagas de estacionamento para pessoas com deficiência;
D) Assentos para pessoas obesas;

Acessibilidade comunicacional 

A) Audiodescrição;
B) Libras
C) Linguagem simples;

Acessibilidade atitudinal 
A) Sensibilização e capacitação de todas as envolvidos na equipe de execução do projeto;
""","""O Ilê da Oxum Apará (IOA), é uma comunidade tradicional de matriz  africana e instituição jurídica sem fins lucrativos e de Utilidade Pública Municipal, fundada em 1972. Coexistimos em um espaço tradicionalmente ocupado de aproximadamente 70 mil m²  onde cultura, meio ambiente e sociedade interagem de forma interdependente. Nosso espaço é histórico-antropológico, étnico-ecológico, étnico-botânico, de salvaguarda da  biodiversidade, da cultura e dos cultos tradicionais de matriz africana.
Nossos valores são os princípios culturalmente estruturantes, as cosmologias, os processos históricos, os valores civilizatórios, as dinâmicas sociais, as epistemologias, as  filosofias e as ontologias que compõe o legado dos povos tradicionais de matriz africana  para a humanidade, bem como, o legado e a memória do Babalorixá Jair de Ogum. 
Nossa visão busca um horizonte em que possamos contribuir para uma  consciência humanitária capaz de reafirmar e reconhecer a importância do legado dos  povos tradicionais de matriz africana para a humanidade, consideradas a partir da  totalidade das experiências que contemplam a vida. 
Nossa missão se fundamenta em: promover a justiça e a equidade racial, cultural,  social, política e econômica; contribuir para uma educação afrocêntrica, Kilombista e  antirracista; atuar para existência e o resgate cultural, histórico, civilizatório, social e  político das comunidades tradicionais de matriz africana; reafirmar e valorizar a cultura,  a identidade, os modos de vida e a produção de conhecimento das comunidades tradicionais de matriz africana; contribuir para o empoderamento intelectual, estético,  psicossocial e emocional da população afrodescendente; trabalhar em prol da  preservação, manutenção e continuidade da memória, do legado e do patrimônio material  e imaterial do Babalorixá Jair de Ogum; manter este espaço tradicional em benefício dos  povos e comunidade tradicionais de matriz africana e afro-brasileira; consolidar  possibilidades para a sustentabilidade econômica da comunidade. 
Lélia de Almeida Gonzalez, uma das co-fundadora do Ilê da Oxum Apará e  integrante permanente desta comunidade, se junta novamente à massa de origem (falecimento) em      1994. Neste mesmo ano, é doada ao Ilê da Oxum Apará parte de sua memória  materializada, tais como: fotografias, cartazes, postais, cartas, livros, textos datilografados, manuscritos, documentos pessoais, jornais, títulos, diplomas, medalhas e  quadros. 
As narrativas orais transmitidas pelo Babalorixá Jair de Ogum, amigo e  conselheiro de Lélia, revelam um desejo muito especial e particular: a existência de um  espaço para estudos e pesquisas em seus livros e pensamentos. De acordo como Babalorixá Jair de Ogum, este desejo foi carinhosamente manifestado durante a existência  de Lélia no Ayê (mundo com limites) - e também confirmada a partir de sua existência no  Orún (mundo sem limites). A chegada da memória materializada de Lélia Gonzalez ao  Ilê da Oxum Apará, esteve sempre fundamentada e comprometida com este desejo. 
Mesmo sem êxito na busca por parcerias e recursos para a realização do desejo de  sua filha e amiga, em 2002 com seus próprios recursos, o Babalorixá Jair de Ogum  inaugura o Acervo Cultural do Ilê da Oxum Apará e nele: o Memorial Lélia Gonzalez; o  Memorial Jair de Ogum; o Memorial Sandra Bréa; uma Biblioteca e vasto acervo etnográfico composto por peças de arte e artesanato como: estatuetas, esculturas, telas,  louças e artefatos do cenário artístico e cultural africano, ameríndio, afro-brasileiro e  greco-romano. Entre os acervos, memoriais e biblioteca, estima-se o quantitativo de vinte  mil peças. 
Dessa forma, o Acervo Cultural do Ilê da Oxum Apará possui vasto campo para  pesquisas científicas e produções culturais.""",SILVANA DA SILVA SANTANA DE ALMEIDA - Presidente,20/08/2024,OK,-22.8629597,-43.7753220
190,Centro de Memória da UFRRJ,CM,-,"BR 465, KM 47, S/Nº - Campus UFRRJ",Seropédica,Metropolitana II,(21) 2681-4600,centromemoria@ufrrj.br,https://portal.ufrrj.br/pro-reitoria-de-extensao/,cm.ufrrj,cm.ufrrj,-,Federal,Portaria,Aberto,Segunda a Sexta - Manhã e Tarde,Gratuito,-,Sim,Histórico,Não,"O Centro de Memória tem instalações sem adaptações, mas estamos com projetos de adequação em fase de elaboração.","O Centro de Memória (CM) foi inaugurado em 13 de maio de 2004 e oficializado pela deliberação n.º 11, de 28 de fevereiro de 2005 do CONSU. Sendo um órgão vinculado à Pró-Reitoria de Extensão da UFRRJ. O CM abriga um vasto arquivo com acervos documentais, bibliográficos, iconográficos, filmográficos, cartográficos e sonoros ainda em processo de catalogação, constituindo-se também como um centro de pesquisa que tem por objetivo promover e integrar estudos e pesquisas multidisciplinares voltados à reconstrução da memória histórica e sociocultural desta Universidade e das comunidades do entorno. ",Thalles Yvson Alves de Souza - Técnico de Laboratório/Coordenador,19/08/2024,OK,-22.7518340,-43.7082554
191,Instituto Waldir Azevedo,-,18.961.173.000.131,"Rua das flores, 146 / Conservatória ",Valença,Médio Paraíba,(21) 98860-8009,institutowaldirazevedo@gmail.com,-,-,institutowaldirazevedo,-,Municipal,Estatuto Social,"Aberto, funcionando parcialmente",Sexta a Domingo - Manhã e Tarde,Gratuito,-,Sim,Outros,Não,O espaço é de acesso pleno para todos as pessoas,"O Instituto Waldir Azevedo abriga grande parte do acervo do músico Waldir Azevedo, como instrumentos, móveis,  discos, itens pessoas e partituras.",Ronaldo da Conceição Junior - Diretor Presidente,21/08/2024,OK,-22.2885365,-43.9253608
192,Museu de Memória Icapra,MMI,03.687.992/0001-65,"Avenida Presidente Kennedy, 335",São João de Meriti,Metropolitana II,(21) 97032-9289,icapra.geral2@gmail.com,,Icapra-Instituto-Cultural-de-Apoio-e-Pesquisa-às-Tradções-Afro-100083339918840,icapra_instituto,icaprainstituto,Privada,Não existe documentação de criação do museu,Em implantação,"Todos os dias - Manhã, Tarde e Noite",Gratuito,-,Sim,Virtual,Sim,"O Museu de Memória ICAPRA, possuirá acesso universal a todos os grupos, por se tratar de um museu virtual e ele estará disponível a todos sem distinção, 24 horas por dia.","""O ICAPRA - Instituto Cultural de Apoio e Pesquisa às Tradições Afro, fundado em 1998 em São João de Meriti, é uma instituição sem fins lucrativos dedicada à preservação das tradições de matriz afro, abrangendo vertentes religiosas, culturais e imateriais. Criado por José Beniste e Marcelo Fritz, o ICAPRA tem como objetivo central promover e pesquisar as culturas afro-brasileiras e africanas, valorizando danças, músicas, rituais e narrativas de grandes griots. Entre seus projetos, destacam-se o """"Prêmio Atabaque de Ouro"""", o """"Encontro das Nações"""", o projeto social """"AjÔ"""" e o programa de rádio """"ICAPRA com Axé"""" e a revista ICAPRA. No audiovisual, produziu o documentário “Sãos de Meriti - Memória Imaterial e Material de São João de Meriti”, que resgatou patrimônios culturais afro-brasileiros. O ICAPRA desempenha um papel fundamental na representatividade e preservação das raízes culturais afro.
Daí, a ideia do Museu de Memória ICAPRA  tornar-se um espaço cultural no formato digital  como uma iniciativa essencial para preservar, valorizar e divulgar as tradições afro-brasileiras. O objetivo é proporcionar um espaço interativo e acessível que permita a reflexão, o aprendizado e a conexão com as raízes culturais de matriz africana no Brasil. Focado no resgate e na manutenção das práticas religiosas, sociais e culturais, o museu digital busca garantir que futuras gerações possam acessar e valorizar o vasto acervo deixado por dois renomados pesquisadores: José Beniste e Sérgio Barbosa Costa, conhecido por Jobi. Tendo como atividades de implantação do museu e sua preservação através de catalogação e digitalização de acervo, realizadas pelo Instituto Cultural de Pesquisa e Apoio às Tradições Afro – ICAPRA.
O processo criativo do Museu de Memória ICAPRA é fundamentado na curadoria cuidadosa e na digitalização e conservação dos acervos de Beniste e Jobi. A abordagem envolve curadoria temática, com a seleção e organização dos materiais em seções que destacam a riqueza e a diversidade das tradições afro-brasileiras, além da digitalização e preservação desses materiais usando tecnologia de ponta. O design inclusivo será uma prioridade, garantindo uma interface digital intuitiva que integra acessibilidade em todos os aspectos, desde leitores de tela até recursos em Libras.
O impacto esperado pelo Museu de Memória ICAPRA é que ele se torne um marco na preservação e valorização das tradições afro-brasileiras, servindo como uma referência educativa e cultural. O acesso digital ao acervo permitirá que pessoas de diferentes partes do mundo conheçam e respeitem a herança cultural afro-brasileira, contribuindo para a preservação da memória coletiva.""",Marcelo Ramos Fritz - Coordenador Executivo,22/08/2024,OK,-22.7805439,-43.3884993
193,Espaço Cultural José Carlos Barcellos,ECJCB,30.84.594/0001-54,"ESTRADA DO CORREIO IMPERIAL, 1834 - CASA, bairro Piteiras",Quissamã,Norte Fluminense,(22) 99977-8828,mascatedesonhos@gmail.com,https://quissamamemoriaviva.com/,quissamamemoriavivaoficial,quissamamemoriaviva,-,Privada,Estatuto Social,"Aberto, funcionando parcialmente",Segunda a Sexta - Manhã,Gratuito,-,Não,Histórico,Não,"O ECJCB conta com algumas ações de acessibilidade como por exemplo: 01 videoguia com legendas e libras; 01 audioguia; 03 curtas legendados; e a rampa de acesso à casa museu, garantindo acessibilidade física.
","""O ECJCB foi construído com o intuito de acomodar o acervo da memória do cidadão comum de Quissamã, uma cidade que se destacou por fatos interessantes; como o Cinema inaugurado poucos anos depois de sua invenção em Paris e um dos primeiros telefones do país, para conectar a Usina com a corte. Toda economia girava em função do Engenho Central que, no auge do seu poder, cunhou uma moeda própria, no ECJCB tem 3 originais.
Cidade com Casas Grandes, registradas em porcelana pela Leninha em quadros e louças. Hoje a maioria dos casarões está em ruínas, fato que fortalece a necessidade da preservação. A artista foi colecionando fragmentos da memória: tijolos franceses e nacionais customizados, telhas, ladrilhos, azulejos e papéis de parede importados, detalhes arquitetônicos que encantam historiadores.
Das senzalas, surgiram vários Quilombos, cinco ainda existem onde vivem famílias descendentes de escravizados que mantém suas tradições, passando os “saberes” de geração a geração. Jongo, Fado dançado, Folia de reis e Boi Malhadinho são manifestações culturais ainda vivenciadas em Quissamã e no ECJCB. 
Com a ausência de livros específicos, Leninha começou a fazer gravações registrando as histórias contadas. Fitas cassetes que viraram CDs que foram transcritos e que viraram Livros. Seu primeiro esgotou e o segundo livro foi lançado dias antes do seu falecimento. As entrevistas com os antigos moradores da Vila Operária foram a fonte de pesquisa para a construção de Mapas Antropológicos da Vila em diferentes décadas, identificando as casas, moradores e suas profissões.
Através de oficinas das “Bruxinhas”, bonecos de pano viraram vários personagens com detalhes curiosos que viajaram por outras cidades, onde foram expostas. Leninha foi inovadora ao mostrar história real de forma lúdica e convidativa, pois há 25 anos não existiam contadores de histórias como hoje.
Muitas bruxinhas foram vendidas pelas artesãs, outras exportadas e uma boa quantidade é mantida no acervo. A intenção do ECJCB é resgatar o projeto, preparando um espaço adequado para formar novas artesãs e assim empoderar “artistas adormecidos” preparados para construir memórias.""",Eduarda da Fonseca de Oliveira - Vice-presidente / Produtora executiva,22/08/2024,OK,-22.1072050,-41.4723411
194,CENTRO DE MEMÓRIA Y-TINGAS,,10.482.828/0001-87,RUA DOZE - 70 - BAIRRO D ENGENHO,Itaguaí,Costa Verde,(21) 98187-5835,centrodememoriatingas@gmail.com,https://dancaitaguai.blogspot.com/,https://www.facebook.com/DancaItaguai/,,-,Privada,Ata,Em implantação,Sábado - Manhã e Tarde,Gratuito,-,Sim,Histórico,Não,"Os espaços são escolhidos de acordo com acesso garantido como rampas, corrimões e demais, as linguagens ainda anão são tão evoluídas, porém já temos planos para implementação em leitura brielle e descrição autodescritivo.","""O Centro de Memória Y-tingas, e vinculado ao Instituto de Dança Itaguaí, com objetivo e finalidade de criar registro da evolução das Dança no Município, já que a atividade praticada possui poucos históricos e vídeos, além, de carnaval e alguns históricos produzidos por esta instituição. Nossa cidade e rica historicamente, temos dezenas de monumentos históricos utilizados por Dom Pedro \Segundo, temos um relógio solar, e muitas estações que são usadas pelo poder público como casa de cultura, porém são poucos exploradas.
Temos atividades no segmento de dança que explora a Lenda de Quiva e Laia, são dois índios de diferentes tribos indígenas que permeavam a cidade de Itaguaí e que se casam e tem um fim trágico, inspirados nos contos dos homens brancos que aqui chegavam por meio de história de William Shakespeare. o Centro de Memória Y-tingas guarda documentos, vídeos e estudos sobre a cidade e busca ampliar e difundir nas escolas publicas do município mais de suas origens e histórias.""",JAILSON FERREIRA DO ROSÁRIO - PRODUTOR CULTURAL,23/08/2024,OK,-22.8629597,-43.7753220
195,Sociedade Fluminense de Fotografia,SFF,31.840.663/0001-48,"Rua Dr. Celestino,115 - Centro",Niterói,Metropolitana III,(21) 2620-1848,administrativo@sff.com.br,sff.com.br,Sociedade Fluminense de Fotografia,sociedadefluminensefotografia,-,Privada,Não existe documentação de criação do museu,Aberto,Terça a Sábado - Manhã e Tarde,Gratuito,-,Sim,Imagem e Som,Não,O museu possui acessibilidade física plena e estacionamento.,"""Fundada em 12 de outubro de 1944, período da Segunda Guerra Mundial, a SFF surgiu de uma necessidade de que os fotógrafos tivessem um ponto de encontro para que pudessem trocar informações sobre propostas artísticas e aquisição de materiais e equipamentos. 
A história da Sociedade Fluminense de Fotografia se confunde com a história de seu idealizador, fundador e presidente reeleito inúmeras vezes, Jayme Moreira de Luna, advogado, fotógrafo amador, mineiro de Santa Rita de Sapucaí, que não mediu esforços para transformá-la em uma das instituições fotográficas mais importantes do Brasil.
Em 1944, com 29 anos de idade e residente em Niterói, Jayme fez despretensiosamente um retrato de seu pequeno filho, Elysio Araujo de Luna, em frente a um dos portais de sua casa.  Vestido de Pierrô, o menino inspirou seu pai a intitular sua obra de """"Quarta-feira de Cinzas"""". Não imaginava neste momento que essa fotografia mudaria a história da fotografia fluminense e brasileira. Jayme gostou tanto da fotografia que resolveu então apresentá-la no salão do Photo Club Brasileiro. A imagem foi duramente criticada. O grande portal de casa tinha um pé direito muito alto e a imagem teve como resultado linhas convergentes, o que foi considerado um erro grave pelo os jurados. Jayme pensou em desistir da fotografia, acreditando não ter talento para a arte.
Ao final da exposição, retira sua fotografia da parede, toma as barcas a caminho de Niterói e encontra casualmente seu amigo César Salamonde, na época juiz de menores, respeitado fotógrafo amador e também laboratorista. Salamonde mostrou a Luna como aquele erro poderia ser corrigido facilmente durante a ampliação no laboratório. Assim, Jayme decidiu criar uma instituição voltada exclusivamente para difundir e ensinar a arte fotográfica e sua técnica. Em 12 de outubro de 1944, Jayme fundou a Sociedade Fluminense de Fotografia. As reuniões aconteciam na sua solarenga em estilo art nouveau, com endereço na Avenida Sete de Setembro, 204, em Santa Rosa. Mais tarde, em 1949, por doação do Governo do Estado do Rio de Janeiro, recebe o terreno da Rua Dr. Celestino 115, onde em agosto de 1955 inaugurou o primeiro edifício projetado no Brasil especialmente para promover a arte fotográfica, sendo constituído de estúdio, laboratórios, biblioteca, secretaria e a primeira galeria construída para fotografia no Brasil.
A criticada fotografia “Quarta-feira de cinzas”, estopim da criação da SFF, ironicamente ganhou reconhecimento internacional após ter sido publicada em um jornal americano com a legenda “Enquanto os grandes guerreiam na Europa, os pequenos brincam o carnaval do Rio de Janeiro”, fazendo referência à Segunda Guerra Mundial que acabaria naquele ano. Também em 1945, a SFF promoveu sua primeira mostra mundial, realizada no antigo Hotel Cassino, atual prédio da reitoria da Universidade Federal Fluminense, a UFF. A partir de então a SFF alçou diversos voos, consolidando-se no campo da fotografia e no campo do fotoclubismo, contabilizando a realização de mais de 40 Exposições Internacionais.
Durante o movimento fotoclubista, a Sociedade Fluminense de Fotografia chegou a se corresponder com mais de 90 países e conquistou prêmios e notoriedade, ao lado dos mais renomados fotoclubes existentes desde o século XIX em todo o mundo. As fotografias de seus integrantes eram enviadas via postal, e devolvidas com o carimbo das participações, aceitações e premiações nos salões internacionais e nacionais. Uma mesma fotografia percorria diversos países e salões ao redor do mundo.
No início da década de 1950, uma importante contribuição da instituição para a difusão da fotografia foi a criação da SFF- Foto Revista, uma publicação oficial da agremiação que era coordenada por Luna e escrita por diversos sócios-colaboradores e reconhecidos fotógrafos. 
O periódico tornou-se uma importante produção editorial da época, trazendo em suas edições imagens e artigos sobre técnica e arte fotográficas, bem como as narrativas dos eventos e dos salões internacionais realizados pela entidade. Hoje, o conjunto de publicações da revista é uma importante fonte de pesquisa da história da fotografia e do foto clubismo brasileiro, podendo vir a ser consultado na Biblioteca Joaquim Antonio Dias de Amorim, localizada na própria SFF, ou, ainda, na Biblioteca Central da UFF, no campus Gragoatá. Além das referidas revistas, a biblioteca da SFF possui os catálogos das exposições internacionais e nacionais, e mais de três mil títulos de livros, outros catálogos e revistas sobre fotografia, incluindo exemplares raros do século XIX, sendo uma preciosa fonte de pesquisa para estudantes e historiadores.
A SFF é a segunda sociedade fotográfica mais antiga em atividade no país. Desde sua fundação até os dias atuais, e é referência no que diz respeito ao ensino e divulgação da arte fotográfica. Desdobra-se entre o ensino teórico e o prático, o fomento de discussões em torno do interesse da fotografia como arte, a preservação de seu acervo, a manutenção de uma biblioteca especializada e a proposição de eventos que estimulem o interesse pela fotografia. A SFF realiza periodicamente exposições individuais e coletivas, em suas duas galerias: a primeira construída no Brasil homenageia Octávio do Prado, importante colaborador e agitador cultural na época da fundação da instituição, e a outra que leva o nome de seu fundador, Jayme Moreira de Luna, inaugurada em outubro de 2006.
Além das galerias, a SFF, possui salas que levam nomes de importantes personagens que atuaram na instituição ao longo desses quase 80 anos de atividades ininterruptas: Cesar Salamonde, Chakib Jabôr, Luis Antonio Pimentel, Joaquim Antonio Dias de Amorim, Walter Fialho Bittencourt, Nair Avellar Nunes e Chico Nascimento.
Mantemos parcerias com a Universidade Federal Fluminense, o Laboratório de História Oral e Imagem - LABHOI, Aperj – o Arquivo Público do Estado do Rio de Janeiro, a Funarte, FotoRio, o Festival de Fotografia de Tiradentes, Festival de Fotografia de Paranapiacaba, Festival de Fotografia de Juiz de Fora, Academia Fluminense de Letras, Instituto Rouanet,  Secretaria Municipal das Culturas através da Política de Cultura Viva, Fundação de Artes de Niterói, Arfoc–Associação Profissional dos Repórteres  Fotográficos e Cinematográficos, e agora também com o Rotary Club Niterói Norte.
Em 2012, foi lançado o livro “Fotoclubismo no Brasil, o legado da Sociedade Fluminense de Fotografia”, de autoria de Angela Magalhães e Nadja Fonseca Peregrino com curadoria de Antonio Machado, resultado de uma parceria entre o Senac Nacional e a Sociedade Fluminense de Fotografia.
Em 2015, a SFF, foi reconhecida como Ponto de Cultura pelo Ministério da Cultura.
Em 14 de julho de 2023 foi reconhecida como Ponto de Memória pelo IBRAM (Instituto Brasileiro de Museus).
Em 8 de agosto de 2023 foi reconhecida pela Prefeitura Municipal de Niterói como Patrimônio Cultural e Material.
Atualmente criamos e realizamos o Projeto Fotografia Para Todos, que promove cursos de fotografia para alunos portadores de T21 (Síndrome de Down), 60+ e jovens de comunidades e deficientes visuais, com o propósito de uma exposição ao final de cada projeto.""",Antonio Alberto Carvalho Machado - Presidente,8/23/2024,OK,-22.8954171,-43.1150796
196,Sobrado Histórico José Francisco Lippi,-,11.353.526/0001-71,"Estrada Teresópolis-Friburgo, km 15 - Venda Nova - Teresóplis - RJ",Teresópolis,Serrana,(21) 97236-7271,sobradohistorico@yahoo.com.br,https://sobradohistorico.wordpress.com/,sobradohistorico,sobradohistorico,-,Privada,Estatuto Social,Aberto,Sábado e Domingo - Tarde,R$10 a R$20,Alunos de escola pública,Sim,Histórico,Não,-,"O Sobrado Histórico José Francisco Lippi desde 2004 resgata, preserva e divulga a Memória do bairro de Venda Nova e parte da História de Teresópolis. É uma Instituição Cultural de preservação da memória e patrimônio, um Museu cadastrado no Instituto do Patrimônio Histórico e Artístico Nacional – IPHAN desde 2006 e inserido no Cadastro Municipal de Cultura de Teresópolis.Desenvolve atividades museológicas, pedagógicas, turísticas e promoção de eventos culturais. Possui título de utilidade pública desde 2011. Consta no Livro de Registro 19.940 visitantes. Realiza diversas atividades pedagógicas: oficinas diversas, contação de história, leitura teatralizada, recreação e etc. Já recebeu milhares de alunos da rede pública municipal e de instituições privadas. Realizou diversas atividades em parceria com SESC e SEBRAE.",Regina Furtado Lippi Leite - Diretora,24/08/2024,OK,-22.2978038,-42.8646411
197,Museu de Armas Históricas Ferreira da Cunha,-,31.157.878/0001-69,Rua Ferreira da Cunha N1,Petrópolis,Serrana,(24) 2242-6564,contato.mahfc@gmail.com,-,-,-,-,Privada,Estatuto Social,Em implantação,Sábado e Domingo - Manhã e Tarde,Acima de R$30,"Como somos um museu privado, recebemos apenas visitas exclusivas agendadas com um valor único. ",Sim,Histórico,Não,Banheiros adequados,"""Criado por um médico, museólogo e colecionador de armas, Dr. Sérgio Ferreira da Cunha, que com 7 anos de idade ganhou de seu avô uma pequena coleção de armas antigas. Tomou tanto gosto por elas que com o tempo se tornou um dos maiores colecionadores de armas do país.

Com o objetivo de abrigar sua crescente coleção de armas antigas, incluindo um importante acervo tombado pelo Patrimônio Histórico Nacional, num espaço à altura do valor histórico das peças, Dr. Sergio, em 1952, iniciou a construção de uma réplica de um castelo medieval português em terras compradas da Família Imperial, em Petrópolis.
 
Assim, após décadas de obras, onde foi preciso explodir muita dinamite para conquistar chão plano e ladeiras de acesso, construiu fosso, masmorra, galerias subterrâneas, muralhas, arcos em pedra de cantaria, praças, torres ameiadas e ponte levadiça para permitir ao visitante de hoje uma viagem à época medieval, em pleno século XXI. """,Bruna Pougy Ferreira da Cunha - Diretora Social e Tesoureira,24/08/2024,OK,-22.5369227,-43.2216925
198,Museu Virtual República do Mangue,-,-,Rua sotero dos reis 53,Rio de Janeiro,Metropolitana I,(21) 2205-6310,associacaovilamimosa@gmail.com,-,-,-,-,Federal,Não existe documentação de criação do museu,Desativado sem previsão de retorno,"Todos os dias - Manhã, Tarde e Noite",R$1 a R$ 10,Não,Não,Histórico,Sim,"O Museu Virtual ""República do Mangue"", comprometido com o conceito de Acessibilidade Universal, está sendo desenvolvido para garantir que todos os públicos, independentemente de suas habilidades, possam acessar, desfrutar e interagir com seu conteúdo de forma inclusiva e digna. Para alcançar isso, o museu implementa uma série de atividades e equipamentos focados na eliminação de barreiras atitudinais, comunicacionais e, mesmo sendo um ambiente virtual, busca abordar aspectos de acessibilidade física por meio de design universal.

Acessibilidade Atitudinal
-Treinamento e Sensibilização A equipe de desenvolvimento e os mediadores virtuais do museu são treinados para lidar com todas as formas de diversidade, promovendo um ambiente de respeito e inclusão. Workshops e materiais educativos sobre as realidades das pessoas com deficiência e as melhores práticas de inclusão são disponibilizados para o público.
-Inclusão de Narrativas Diversas.O museu se preocupa em incluir e valorizar as histórias e perspectivas de pessoas com deficiência, garantindo que seu acervo represente a diversidade humana e cultural da Vila Mimosa.

Acessibilidade Comunicacional
- Interface Acessível, O site do museu é desenhado para ser totalmente navegável por leitores de tela, com descrições textuais detalhadas para imagens e vídeos, além de utilizar uma linguagem simples e clara. Também são oferecidas versões em Libras (Língua Brasileira de Sinais) e áudio-descrições para todos os conteúdos audiovisuais.
- **Legendas e Traduções**: Todos os vídeos e áudios disponíveis no museu possuem legendas em múltiplos idiomas e transcrições, assegurando que pessoas com deficiência auditiva ou que falam outras línguas possam acessar o conteúdo.
- **Ferramentas de Ajuste de Texto**: O usuário pode ajustar o tamanho da fonte, o contraste e o esquema de cores do site, facilitando a navegação para pessoas com baixa visão ou outras necessidades visuais específicas.

Acessibilidade Física (Virtual)
Design Universal: Mesmo sendo um ambiente virtual, o design do site segue princípios de usabilidade universal, garantindo que o layout seja intuitivo e fácil de usar para pessoas com diferentes habilidades motoras e cognitivas.
- **Compatibilidade com Tecnologias Assistivas**: O site é totalmente compatível com diversas tecnologias assistivas, como teclados adaptados, mouses alternativos, e comandos de voz, garantindo que pessoas com deficiências físicas possam acessar o conteúdo sem dificuldades.
- **Mapeamento e Simulação 3D**: Para aqueles que desejam uma experiência mais imersiva, o museu oferece tours virtuais em 3D, onde o layout virtual simula um espaço físico acessível, permitindo navegação por teclados ou dispositivos de controle alternativos.

Atividades Inclusivas
- **Oficinas e Palestras Virtuais**: O museu oferece atividades online, como workshops e palestras, que são projetadas para serem inclusivas para pessoas com deficiência, com tradução em Libras, áudio-descrição, e formatos acessíveis de apresentação.
- **Eventos de Conscientização**: Regularmente, o museu promove eventos voltados à sensibilização sobre a inclusão e acessibilidade, envolvendo especialistas e membros da comunidade para discutir e promover práticas inclusivas no ambiente cultural.

O Museu ""República do Mangue"" se dedica a ser um modelo de inclusão e acessibilidade, garantindo que todos, independentemente","""O Museu """"República do Mangue"""" é um projeto virtual em desenvolvimento, dedicado a preservar e valorizar a história e a cultura da Vila Mimosa, uma das regiões mais simbólicas do Rio de Janeiro. Esse museu virtual será um espaço inovador, acessível a todos pela internet, onde as narrativas, as lutas e as conquistas das trabalhadoras sexuais serão amplamente reconhecidas e respeitadas.

A """"República do Mangue"""" reunirá um acervo digital que incluirá fotografias, vídeos, documentos históricos, depoimentos e outros materiais que retratam a evolução da Vila Mimosa e a vida das mulheres que ali atuam. Por meio dessa plataforma, visitantes de qualquer lugar do mundo poderão explorar a história rica e complexa da Vila Mimosa, compreendendo sua importância cultural e social no contexto do Rio de Janeiro.

Este museu virtual não será apenas um arquivo de memórias, mas também um espaço de resistência e educação. Ele busca sensibilizar a sociedade, promover o respeito aos direitos humanos e desmistificar as percepções sobre a Vila Mimosa e suas moradoras. A """"República do Mangue"""" representa um passo importante na valorização da cultura local e na luta por justiça e igualdade.""",Cleide Almeida - Coordenação,25/08/2024,OK,-22.9080708,-43.2143286
199,Ponto de Cultura Chalé Agroecológico,-,33.049.028/0001-72,"Rua: Afonso Viegas Garcia, 49 - Sossego",Itaboraí,Metropolitana III,(21) 99249-3170,chaleagroecologico@gmail.com,https://mvsementesancestrais.wixsite.com/museuvivosancestrais,-,chaleagroecologico,-,Privada,Ata,Aberto,Todos os dias - Manhã e Tarde,Gratuito,-,Sim,Antropologia e Etnografia,Não,Em processo de avaliação e adaptação.,"Atua na perspectiva de compartilhar conhecimentos e experiências através de formações, encontros, capacitações, debates e discursões entrelaçando aspectos sociais, culturais, econômicos, políticos etc. Resgatando saberes e fazeres tradicionais e populares, autonomia alimentar e segurança alimentar e nutricional. Com o objetivo de fomentar a inclusão, o acesso e a igualdade de direitos dentro dos processos de capacitação e educação popular na promoção da diversidade e da cultura alimentar através das práticas de agroecologia urbana, respeitando a identidade local, cultural, social e econômica de todos.",Jean Carlos da Conceição Rocco - Agente Cultural,25/08/2024,OK,-22.7558128,-42.8829561
200,Museu Vivo das Sementes Crioulas,-,33.049.028/0001-72,"Rua: Afonso Viegas Garcia, 49 - Sossego",Itaboraí,Metropolitana III,(21) 99249-3170,mvsementes@gmail.com,https://mvsementesancestrais.wixsite.com/museuvivosancestrais,-,museuvivosementes,-,Público-privada,Ata,Aberto,Todos os dias - Manhã e Tarde,Gratuito,-,Sim,Antropologia e Etnografia,Não,Em processo de avaliação e adaptação.,"Desde 2017 os agentes do Ponto de Cultura Chalé Agroecológico vem dialogando com a comunidade de agricultores e campesinos procurando investigar sobre a importância de resgatar, preservar e conservar as sementes crioulas, tradicionais e locais. Essas sementes dialogam com a identidade dos povos e comunidades tradicionais, evidenciando seus saberes e fazeres e suas contribuições para a autonomia e para a cultura alimentar. Essa construção vai ganhando ""musculatura"" e em 2024, acontece a fundação do Museu Vivo das Sementes Crioulas, com o objetivo de resgatar e preservar os saberes, os conhecimentos populares e ancestrais, os fazeres e as memórias das guardiãs e dos guardiões da agrobiodiversidade. O Museu Vivo das Sementes Crioulas mantém um dos maiores acervos vivos de sementes crioulas em território fluminense, ligando a história das comunidades, a cultura local, as diversidades locais e regionais; garantindo autonomia, segurança alimentar e nutricional, educação e cultura nos territórios.",Jean Carlos da Conceição Rocco - Agente Cultural,25/08/2024,OK,-22.7558128,-42.8829561
201,Espaço Cultural Cine Centímetro,ECCC,52.889.178/0001-39,"Rua José Ferreira Borges, 205 - Conservatória, Valença, RJ",Valença,Médio Paraíba,(21) 97022-8436,espacocinecentimetro@gmail.com,Em construção,-,cinecentimetro,-,Privada,Estatuto Social,"Aberto, funcionando parcialmente",Quinta a Sábado - Manhã e Tarde / Dom8ingo a Tarde,R$20 a R$30,crianças e pcds,Sim,Outros,Não,"sessões com libras, rampas de acesso, sinalizações","O Espaço Cultural Cine Centímetro é um amplo complexo de cinco cinemas construídos pelo cinéfilo e advogado aposentado Ivo Raposo Junior, localizado em Conservatória, interior do Rio de Janeiro. Durante 10 anos o Espaço foi sede do Festival CineMúsica. Além disso, ocorrem diversas exibições para turistas e para a população local, além de oficinas, palestras, mostras, etc.",Isabella Raposo - Diretora,25/08/2024,OK,-22.2326385,-43.8863929
202,MUSEU DO FUTURO,-,-,Estrada Getúlio fonseca veiga 4000 frades,Teresópolis,Serrana,(21) 99724-5467,omuseudofuturo@gmail.com,www.museudelfuturo.com,museudofuturo,museudofuturo,-,Privada,Estatuto Social,Aberto,Quarta a Domingo - Manhã e Tarde,Acima de R$30,"Sim temos, gratuidades nos eventos do IBRAM, e em alguns programas promovido pelo próprio museu ",Sim,Imagem e Som,Não,Temos acessível algumas áreas no parque do museu e promovemos eventos para grupos especiais como autistas e outros,"Somos um museu de ecologia e Quântico onde o conhecimento, educação e novas consciências são o foco e nossos homenageados são os povos ancestrais e sábios do mundo, somos um museu ""vivo"" onde vivências e atividades acontecem sempre visando a elevação de consciência dos que aqui vem. ",Alice Cristina Chagas Faria Corradini - Diretora fundadora,26/08/2024,OK,-22.2978038,-42.8646411
203,MUSEU VICENTE CELESTINO - CONSERVATÓRIA | ASSOCIAÇÃO CULTURAL E EDUCACIONAL PEDACINHO DO CÉU,-,45.636.278/0001-98,"RUA MONSENHOR PASCHOAL LIBELOTTO, 03 CONSERVATÓRIA ",Valença,Médio Paraíba,(21) 96980-0866,museuvicentecelestino@gmail.com,-,https://www.facebook.com/profile.php?id=100091260786362,,-,Privada,Estatuto Social,Aberto,"Todos os dias - Manhã e Tarde / Sexta e Sábado - Manhã, Tarde e Noite",R$1 a R$ 10,Não,Sim,Imagem e Som,Sim,"Infelizmente, por falta de recursos, não conseguimos realizar atividades que garantam acesso e atendimento a diferentes públicos em termos de acessibilidade, por exemplo.","""A Associação Cultural e Educacional Pedacinho do Céu Museu Vicente Celestino nasce do esforço dessa tríade que não tem medo de trabalho, Humberto Piauí, Wolney Porto e  Lucimar Cruz ! 
Todos comprometidos com o desenvolvimento de um espaço que abriga verdadeiras relíquias históricas de um tempo que marcou a rádio e a televisão brasileira. 
O Pedacinho do Céu Museu Vicente Celestino não  poderia estar em outro lugar senão em Conservatória. Os deuses da música, acreditamos nisso, passeiam por Conservatória e aqui estamos para reforçar a identidade musical da cidade que respira música !""",HUMBERTO PEREIRA DA SILVA - COORDENADOR GERAL,26/08/2024,OK,-22.2326385,-43.8863929
204,Centro de Memoria da Capoeira,-,-,Rua Barão de Piraquara 339 padre Miguel,Rio de Janeiro,Metropolitana I,(21) 98253-7644,institutoprojetos1@gmail.com,-,-,-,-,Municipal,Não existe documentação de criação do museu,Em implantação,"Terça a Sexta - Manhã e Tarde / Sábado - Manhã, Tarde e Noite / Sexta de manhã",Gratuito,-,Sim,Outros,Não,-,"Museu em formatando seu centro de pesquisa, organizando todo processo de arquivos e acervo para a composição do material expositivo e movimento de celebrações de todo acervo vivo.",Alexandre - Gestor,26/08/2024,OK,-22.8738681,-43.4424204
205,Museu Municipal de Mangaratiba,MMM,-,"R. Cel. Moreira da Silva, 173 - Mangaratiba, RJ, 23860-000",Mangaratiba,Costa Verde,(21) 98022-8576,fmpsec@gmail.com,-,-,museumunicipaldemangaratiba,-,Municipal,Lei,"Aberto, funcionando parcialmente",Terça a Sábado - Manhã e Tarde,Gratuito,-,Sim,Patrimônio Científico e Histórico Natural,Sim,"Rampas, elevador pisos tateis, programação simplificada e acessivel","""Inaugurados em 2012, ambos os museus estão instalados na bela construção de arquitetura lusobrasileira conhecido por Solar Barão de Sahy, e funcionam como espaços culturais, mantidos pela Fundação Mário Peixoto.
O acervo do Museu Municipal contém várias peças históricas, fotos antigas, mobiliário de época, atas da Câmara Municipal e documentos que preservam a memória de Mangaratiba. O rico material exposto permanentemente está disponível para visitação gratuita e para consulta de pesquisadores.
O Museu das Conchas, como o nome sugere, apresenta uma imensa variedade de exemplares, algumas trazidas de locais distantes, como uma com cerca de um metro de comprimento e pesando 157 quilos, proveniente da Grande Barreira de Corais, na Austrália.
As peças expostas são do colecionador e pesquisador Dr. Carlitos e encantam os visitantes.
Como não poderia deixar de ser, parte do amplo sobrado é dedicado ao ilustre cidadão Mário José Breves Rodrigues Peixoto, nascido em Mangaratiba em 1908 e conhecido internacionalmente como Mário Peixoto, roteirista e diretor que também escreveu poemas e livros.
O museu expõe alguns de seus objetos pessoais, projetores antigos, fotos, várias de suas obras escritas e fotogramas do seu famoso filme Limite, que foi rodado em Mangaratiba no ano de 1930.
O Solar dispõe de uma pequena sala para exibição de filmes e outra bem maior, exclusiva para a realização de exposições e muito utilizada pelos artistas locais.
No primeiro piso do sobrado, na parte em frente à rua, foi recentemente aberta uma pequena lojinha para venda de livros e de artesanatos locais, muitos destes criados por alunos participantes das oficinas ministradas pela Fundação Mário Peixoto.
O prédio é também cercado por dois marcantes equipamentos urbanos: o aprazível jardim com esculturas doadas por artistas locais e o Beco da Poesia, inaugurado em 2011 e que emociona a todos com seu comprido corredor que une a Rua Cel. Moreira da Silva à avenida da praia, e que tem suas paredes adornadas com poesias dos mais variados autores e estilos.
Completando o cenário, foram ali instalados bancos e luminárias, para as pessoas pararem no tempo e se transportarem para o onírico mundo da poesia.""",Gildasio Miranda do Carmo - Diretor Administrativo,26/08/2024,OK,-22.9612878,-44.0413230
206,Parque Estadual da Serra da Tiririca,PESET,10.598.957/0001-35,"Rua Domingos Barbosa, 4, Recanto, CEP 24937-245, Maricá, RJ, comp. INEA/PESET",Maricá,Metropolitana III,(21) 97875-7041,peset.usopublico@inea.rj.gov.br,https://www.inea.rj.gov.br/biodiversidade-territorio/conheca-as-unidades-de-conservacao/parque-estadual-da-serra-da-tiririca/,peserradatiririca,-,-,Estadual,Lei,Aberto,Tdos os dias - Manhã e Tarde,Gratuito,-,Sim,Patrimônio Científico e Histórico Natural,Não,Centro de visitantes adaptado a PCD,"""Criação: Lei Estadual nº 1.901, de 29 de novembro de 1991, Ampliação:  Decreto nº 41.266, de 16 de abril de 2008, com a inclusão de áreas de elevado valor ambiental como o Morro das Andorinhas e parte do entorno da laguna de Itaipu. Seu perímetro definitivo foi estabelecido na Lei Estadual nº 5.079, de 3 de setembro de 2007, cuja retificação foi publicada no D.O. de 8 de abril de 2011. Foi ampliado pelo Decreto Estadual nº 43.913, de 29 de outubro de 2012, com a inclusão de 1.241 hectares.

Objetivos:

Manter e proteger a biodiversidade e os recursos genéticos do território; promover a sustentabilidade do entorno para o uso dos recursos naturais, estimulando o desenvolvimento integrado da região com auxílio da educação ambiental; preservar e conservar o sistema hidrográfico local, bem como favorecer a recarga natural do lençol freático; contribuir com a amenização climática; minimizar os riscos de erosão na região onde está inserido proteger todas as espécies vegetais e animais, bem como os ecossistemas a que pertencem, as belezas cênicas das paisagens, monumentos naturais, sítios arqueológicos e outros ativos culturais; estimular e auxiliar as pesquisas científicas do patrimônio natural, material e imaterial e favorecer o uso recreativo e cultural do parque, de forma adequada, pela sociedade.

Área: 3.433,86 hectares.

Localização: Região litorânea do Estado. Esta unidade de conservação é composta por uma área marinha e uma terrestre formada por uma cadeia de montanhas que adentra o continente na direção sudoeste/nordeste.

Abrangência: Municípios de Niterói e Maricá.

Região Hidrográfica: RH V Baía de Guanabara""",André Pontes de Andrade Costa - Subchefe,27/08/2024,OK,-22.9088758,-42.8171914
207,Casa da Cultura Hélio Nogueira,-,-,"Rua Monsenhor Antonio de Souza Gens ,23 - Centro - Rio Bonito/RJ - 2º andar",Rio Bonito,Metropolitana III,(21 )99551-7018,semcutriobonito@gmail.com,Prefeitura Municipal de Rio Bonito,Prefeitura Municipal de Rio Bonito,prefriobonito / semcut.rb,-,Municipal,Lei,Aberto,Segunda a Sexta - Manhã e Tarde,Gratuito,-,Sim,Histórico,Não,"A entrada do prédio possui rampa e escada com corrimão, e os dois lances de acesso à Casa de Cultura, com 10(dez) degraus cada, possui corrimão, contudo seu interior é todo no mesmo pavimento não possuindo barreiras físicas; para o acesso à informação histórica, a equipe faz o acolhimento dos visitantes, com informações do acervo, assim como, convida historiadores e pesquisadores locais para maior detalhamento da pesquisa desejada.","A Casa da Cultura de Rio Bonito foi criada em 04 de dezembro de 1992, através da Lei nº421 de 1º de dezembro de 1992, como instituição pública, visando estimular e organizar as variadas formas de expressão da cultura em desenvolvimento no Município. Através da escritora e Bibliotecária riobonitense, Maria do Carmos Soares Cordeiro, hoje integrante da Academia Fluminense de Letras, foi iniciado trabalho de educação para o conhecimento do passado junto aos jovens, assim como captação de acervo que contava a história do desenvolvimento local. Atualmente a Casa da Cultura está distribuída em 05(cinco) salas, com móveis, objetos, quadros, jornais, livros, imagens e álbuns, preservados para pesquisa e apreciação de todos, sob os cuidados da Secretaria Municipal de Cultura e Turismo e sua equipe.",Kátia Valviesse Mansur - Agente de Cultura,27/08/2024,OK,-22.7368566,-42.5702111
208,MEMORIAL PAI KAYAMBE DO OGUN JÁ,-,-,"RUA FRANCISCO DE PAULA MOURA NETO, 651",São Gonçalo,Metropolitana III,(21) 99672-5468,memorialpaikayambeogun@gmail.com,-,-,YALORISA.JUCARA,-,Municipal,Portaria,Aberto,"Todos os dias - Manhã / Segunda a Sexta - Manhã, Tarde e Noite",Gratuito,-,Sim,Antropologia e Etnografia,Não,"eliminação de barreiras, acesso à informação e aos conteúdos, eliminação de barreiras stitudinais por meio de sensibilização e do convívio com as diferenças","Desenvolvemos Programas, Projetose ações de Museologia Social e Culturalcom vínculo na comunidade  e no território visando a identificação, registro e promoção do Patrimônio Material e Imaterial, contribuindo para o reconhecimentoe valorização da memoria social brasileira",JUÇARA TEREZA MÕES DA SILVA - YALORISÀ,27/08/2024,OK,-22.8593171,-43.0287663
209,V IRMANDADE DE N S DA PENHA DE FRANCA,-,33.862.392/0001-57,"LRG DA PENHA, 19 - PENHA - 19",Rio de Janeiro,Metropolitana I,(21) 3219-6260,ADMINISTRACAO@SANTUARIOPENHARIO.ORG.BR,https://www.igrejadapenharj.org.br/,-,https://www.instagram.com/igrejadapenharj/,-,Privada,Ata,Aberto,Domingo de Manhã,Gratuito,-,Não,Histórico,Sim,"Parte das obras do museu encontra - se de forma digital, na página da basílica, permitindo que pessoas com deficiências possam acessar o conteúdo.","Criado em 8 de outubro de 1978 por um membro da Irmandade da Paróquia de Nossa Senhora da Penha. O museu é um acervo de relíquias religiosas, utensílios usados pela igreja e imagens de santos antigas. No acervo, há uma estátua de Nossa Senhora da Penha do século XVIII, castiçais do século XIX e um sino de 1728, que tem um brasão da coroa portuguesa. Outra curiosidade é uma foto de D Pedro II, feita durante uma visita do imperador ao santuário católico. ",Gustavo de Souza Bacellar Almeida - Auxiliar Administrativo,27/08/2024,OK,-22.9110137,-43.2093727
210,Associação de Remanescentes de Quilombo de Machadinha (Memorial do Quilombo Machadinha – Quissamã),-,25.346.592/0001-29,"Rua Principal, s/nº - bairro Machadinha – Quissamã – RJ",Quissamã,Norte Fluminense,(22) 99278-0148,assquilombomachadinha@gmail.com,-,quilombomachadinha,quilombomachadinha,-,Público-Privada,Não existe documentação de criação do museu,Aberto,Todos os dias - Manhã e Tarde,Gratuito,-,Sim,Patrimônio Científico e Histórico Natural,Não,"O museu tem implementado e/ou atualizado melhores práticas de acessibilidade para pessoas com deficiência (PCD) em acervos audiovisuais

1. Legendas:
Inclusão de legendas em vídeos para pessoas com deficiência auditiva em partes importantes do acervo.

2. Audiodescrição:
Adição de narração adicional para descrever ações, expressões faciais, cenários e outros elementos em vídeos em partes importantes do acervo.
A audiodescrição fornecida como uma faixa de áudio separada ou incorporada ao áudio original em partes importantes do acervo.

3. Transcrições:
Disponibilização de transcrições completas de áudios e vídeos para pessoas com deficiência auditiva ou visual em partes importantes do acervo.
Transcrições fornecidas em formato de texto

5. Acessibilidade física:
Instalações físicas do acervo acessíveis para pessoas com deficiência física, incluindo rampas, elevadores e corrimãos.

6. Treinamento e conscientização:
Oferecimento de treinamento para funcionários sobre a importância da acessibilidade e como implementar as práticas adequadas.
É sempre considerado fundamental buscar feedback dos usuários com deficiência para identificar possíveis melhorias e ajustes nas práticas de acessibilidade.
","""O Quilombo Machadinha se consolidou como um dos quilombos mais famosos do país, que vem alcançando grande notoriedade nas mídias televisivas, em matérias de jornal, TV e internet, atraindo um grande número de turistas e parcerias. Suas atividades têm ajudado a transformar a vida dos quilombolas, descendentes dos escravizados através da economia da cultura afro e do turismo étnico. 

Após ser tombado pelo Instituto Estadual do Patrimônio Cultural (Inepac), que ocorreu em 1979, o quilombo passou por uma grande obra de restauração dos seus equipamentos culturais do período colonial, dentre eles, as senzalas centenárias, que foram totalmente restauradas e hoje são utilizadas como moradia dos descendentes dos escravizados. É no país, um dos complexos de senzalas mais preservados. Sua cavalaria foi transformada num centro cultural de excelência, que se chama Casa de Artes de Machadinha, que também faz parte do complexo cultural e turístico, onde está inserido o Memorial, criando assim, um excelente centro de visitação, com infraestrutura de alta qualidade.

Desde sua inauguração, em 2009, o Memorial do Quilombo Machadinha – Quissamã, se propõe a ser um aparato cultural na preservação da memória e história deste famoso quilombo centenário. Possui como agentes culturais e equipe técnica pessoas que fazem parte da própria comunidade. Concentra esforços na identificação, valorização e comunicação de matrizes culturais da região, seu patrimônio e sua memória, pois detêm um acervo amplo sobre a tradição do Jongo, do Fado e do Boi Pintadinho, além da rica gastronomia com receitas nos tempos das senzalas. """,André Luiz do Sacramento - Presidente da Associação,27/08/2024,OK,-22.1072050,-41.4723411
211,Museu Dercy GonÇalves,-,56.819/0001-70,"Av Nossa Senhora de Fátima, Nº2",Santa Maria Madalena,Serrana,(22) 99837-8977,museudercygoncalves@gmail.com,-,-,-,-,Público-Privada,Estatuto Social,Aberto,Todos os dias - Manhã e Tarde,R$1 a R$ 10,"Sim, Crianças, estudantes e idosos acima de 70 anos.",Não,Histórico,Não,Estamos propondo um plano de acessibilidade.,"O Museu Dercy Gonçalves foi inaugurado em Dezembro de 1991, em 1993 foi elaborado estatuto social registrado e eleita a nova diretoria, em 1996 o Ministério da Cultura libera recursos para aquisição do acervo da atriz, que fica sob a responsabilidade da Associação de Amigos do Museu Dercy Gonçalves até os dias atuais.",Maria de Magdala Feijó Torres - Presidente,27/08/2024,OK,-21.9624589,-42.0014389
212,MUSEU CULTURAL DO RÁDIO,MUCURA,56.984.150/0001-31,"Rua Senhor do Bonfim 114, Parque Boneville",Magé,Metropolitana II,(21) 99868-4668,museuculturaldoradio@gmail.com,-,-,museudoradiomagerj,-,Privada,Não existe documentação de criação do museu,Aberto,Segunda a Sexta - Manhã e Tarde / Sábado de manhã,R$1 a R$ 10,Comunidades tradicionais e alunos de instituições públicas de ensino infantil e juvenil.,Sim,Imagem e Som,Não,"O Museu Cultural do Rádio está comprometido em garantir o acesso de públicos diversos e, para isso, está angariando recursos para implementar as adaptações necessárias, incluindo melhorias na acessibilidade física para pessoas com mobilidade reduzida. Enquanto essas melhorias não são realizadas, o museu oferece visitas guiadas adaptadas, com foco em uma comunicação clara e acessível, de forma que todos possam desfrutar do acervo e das histórias ali preservadas.","""Aos 82 anos, Benito Mussolini fala com orgulho do Museu Cultural do Rádio de Magé e de como tudo começou. A paixão foi despertada após ganhar de um amigo, Sr. Valdemar, um raro rádio General Electric de 1951. Com formação em eletrônica, Benito conseguiu consertar o aparelho e, ao explorar peças e modelos antigos, desenvolveu uma profunda admiração pelos rádios. Sua coleção pessoal cresceu e se transformou em um sonho: criar um museu dedicado ao rádio.

Com o tempo, Benito ampliou sua coleção, incorporando TVs antigas, telefones, câmeras, filmadoras, projetores de cinema, entre outros itens, cada um contando parte da história da comunicação e sua evolução. Com mais de 25 anos de existência, o museu é o único em Magé registrado pelo Instituto Brasileiro de Museus (IBRAM), abrigando quase mil peças de antiguidade.

O museu recebe visitas de moradores locais, passeios escolares e turistas que trafegam pela BR 116 (Rio-Teresópolis), além de atrair a atenção de programas de rádio e TV, escolas e historiadores. Benito, com alegria, compartilha suas histórias e a importância do rádio, que unificava a comunicação, emocionava com canções e novelas, e agitava com os clássicos do futebol.""",Benito Mussolini Bruno - Proprietário,27/08/2024,OK,-22.6507087,-43.0848455
213,Quadra do Santa Marta / Gres Mocidade Unida do Santa Marta,-,68.601.004/0001-69,Rua jupira 72,Rio de Janeiro,Metropolitana I,(21) 97478-4943,gre.santamarta@gmail.com,-,facebook.com/gresmusantamarta,gresmocidadeunidadosantamarta,-,Municipal,Estatuto Social,"Aberto, funcionando parcialmente","Segunda e Quarta - Tarde / Terça e Quinta - Manhã, Tarde e Noite / Sexta - Tarde e Noite / Sábado - Manhã e Tarde / Domingo - Noite",Gratuito,Moradores da Favela Santa Marta tem acesso sempre gratuito,Sim,Artes Visuais,Não,acessibilidade arquitetónica é a adequação de espaços e a eliminação de barreiras físicas,"Espaço cultural comunitário, local de exposição de varias culturas , preservamos nossa cultural imaterial com as praticas de Samba de Enredo, Samba de Roda, Capoeira maculele, a  Quadra Santa Marta ficou conhecida pela exibição de peças artistica de paineis Grafitado dos Bambas do Samba Carioca. Ponto de Cultura Viva/Minc  na Comunidade em contemplar os diversos coletivos artisticos da Favela Santa Marta . Mantemos uma exposição viva do Samba Carioca , Capoeira , macule e  Samba de Roda para os turistas Nacionais e Internacionais que visitam a Favela diariamente. ",Nestor Manuel Bordini Rodrigues - Produtor Cultural,28/08/2024,OK,-22.9486789,-43.1934337
214,Casa das Artes de São Gonçalo ou Casa das Artes Helter Jerônimo Luiz Barcellos,-,-,"R. Cel. Moreira César, S/N - Zé Garoto, São Gonçalo - RJ, 24724-690",São Gonçalo,Metropolitana III,(21) 2604-4366,casadasartes.culturasg@gmail.com,-,-,turismoculturasg,-,Municipal,Não existe documentação de criação do museu,Aberto,Segunda a Sábado - Manhã e Tarde,Gratuito,-,Sim,Artes Visuais,Não,"O local possui acessibilidade arquitetônica como rampas, corrimões e guarda-corpo.","""A Casa das Artes de São Gonçalo possui uma história rica e significativa. Fundada em 1999, antes chamada de Casa das Artes Villa Real, este espaço cultural recebeu um novo nome, no ano de 2021, em homenagem professor Helter Jerônimo Luiz Barcellos, um grande nome da cultura e da educação em São Gonçalo. 

A Casa das Artes desempenha um papel essencial na promoção da cultura local, proporcionando um espaço para exposições de talentosos artistas de São Gonçalo. Além disso, é frequentemente utilizado como cenário para lançamentos de obras literárias, contribuindo significativamente para a disseminação da literatura na região.

Em 2023, o espaço passou por uma notável revitalização, graças ao projeto """"Cidade Ilustrada SG"""", que conferiu ao local uma nova configuração e divisão de espaços internos além de nova pintura, ressaltando ainda mais sua presença na comunidade e destacando sua importância como um polo cultural em São Gonçalo. A casa se destaca por possuir uma vitrine de vidro de mais de 20m de cumprimento voltada para a rua principal da cidade possibilitando que os transeuntes possam ver as obras sem precisar entrar no espaço, esse é o maior diferencial dessa galeria. Além de ser dotadode acessibilidade com rampas na entrada. É o principal espaço cultural público de São Gonçalo, única galeria de arte da cidade, localizada no centro

 Maoires informações podem ser solicitadas também através deste e-mail: faleculturasg@gmail.com""",Camila Cristina Dias Oliveira - Arquiteta / Autônoma,28/08/2024,OK,-22.8216350,-42.9956797
215,Ecomuseu Ypuca,-,-,"Estrada do Macharet s/n, Macharet ",Casimiro de Abreu,Baixadas Litorâneas,(21) 98331-2619,aldeiadeypuca@gmail.com,https://www.pontodememoriaypuca.com.br/,-,pontodememoriaypuca,-,Privada,Não existe documentação de criação do museu,Em implantação,,Gratuito,-,Sim,Histórico,Não,"Todos nossos vídeos foram lançados com libras e audiodescrição e estamos em constante formação de acessibilidade atitiudinal, por meio de cursos do MinC, Iphan, entre outros","Ponto de Memória Ypuca realiza ações de educação museal e educação patrimonial no território da comunidade, como escola, comércios, clubes, coreto , espaços públicos em geral e promove atividades no próprio ponto de memória como oficinas de cultura ancestral, festivais de infância e cultura com foco em cultura negra e indígena, além de objetos museais como tapetes contadores de histórias.",Tadzia de Oliva Maya - Representante Legal,28/08/2024,OK,-22.4756154,-42.1522235
216,CENTRO DE MEMÓRIA N´IBAIM,-,16.746.890/0001-15,RUA TENENTE JOSÉ GABRIEL - 08 - JARDIM LAIA,Itaguaí,Costa Verde,(21) 99250-6488,jailsontrevysani@gmail.com,-,https://www.facebook.com/ileasenibaim,-,-,Privada,Ata,"Aberto, funcionando parcialmente",Quarta e Sábado - Manhã e Tarde,Gratuito,-,Sim,Histórico,Não,"O ESPAÇO E TODO PLANO, COM RAMPAS E ACESSIVEL COM PLANOS PARA COLOCAR ALTO DESCRIÇÃO.","AO LONGOS DOS ANOS DE FUNCIONAMENTO, GUARDANDO PEÇAS DE ORIGEM AFRIBCANAS, VASOS E VARIOS MONUMENTOS DE VALORES ANCESTRAIS FOI SE FORMANDO O CENTRO DE MEMÓRIA NIBAIM,",ELIAS GARCIA DE OLIVEIRA - DIRETOR,28/08/2024,OK,-22.8629597,-43.7753220
217,MUSEU MARINHEIRO JOÂO CÂNDIDO,MMJC,-,RUA DAS ACÁCIAS S/N VILA SÃO JOSÉ,São João de Meriti,Metropolitana II,(21) 99091-4498,miriansindicato2015.1@gmail.com,https://portal.meriti.rj.gov.br/,https://www.facebook.com/profile.php?id=61565410880276&sk=about,,-,Municipal,Lei,Em implantação,Segunda a Sexta - Manhã e Tarde / Sábado de manhã,Gratuito,-,Sim,Histórico,Não,"Todas as exigências de acessibilidade foram observadas no período da reforma do local, de acordo com as Normas Técnicas de arquitetura, vídeos legendados e com linguagem de libras serão exibidos no local.","O Museu Marinheiro João está em fase final de construção, devendo ser inaugurado muito brevemente, após anos de lutas pelo equipamento que reafirme as lutas do Almirante Negro. Localizado no Morro do Embaixador, na antiga casa do primeiro embaixador português no Brasil, na Vila São José, território este que recebeu investimentos em infra estrutura, pavimentação, aréas de lazer  para complementar o complexo do Museu. Além de levar cultura, história, lazer para uma comunidade dominada pelo crime organizado, o maior desafio é manter esse equipamento que desde 2007 vem sendo exigido pela sociedade civil organizada, é olcupar o território socialmente com atividades de capoeira, artesanato, oficinas em geral de empreendedorismo e manter o Museu Marinheiro João Cândido em pleno funcionamento, com exposições do acervo do Marinheiro e outras exposições de artistas locais e regionais, como a Exposição Fragmento da História do Museu Marinheiro João Cândido, hoje na Biblioteca da Universidade Estácio de Sá, em Vilar dos Teles. Imagens  dessa história estará no portfólio.",Mirian Rodrigues dos Santos - Subsecretária de Turismo,29/08/2024,OK,-22.7853575,-43.3667150
218,Coletivo Cultural Africanidades,,30.56.664/0001-60,"Avenida Governador Leonel de Moura Brizola, s/n°. São Bento, Duque de Caxias. RJ CEP 25.045-001",Duque de Caxias,Metropolitana II,(21) 98249-4302,projetoafricanidadesciep201@gmail.com,-,projeto.africanidades,,-,Publico-privada,Não existe documentação de criação do museu,"Aberto, funcionando parcialmente",Terça a Sexta - Manhã e Tarde / Sábado - Manhã,Gratuito,-,Sim,Outros,Não,"É acessível para cadeirantes. Vale ressaltar, que no momento estamos passando pela elaboração do planejamento museológico, onde buscamos com afinco promover acessibilidade para todes. ","""O programa AFRICANIDADES é implementado no CIEP Brizolão 201 Aarão Steinbruch, há mais de duas décadas, são 22 anos, uma iniciativa de professores, do corpo docente. O objetivo inicial era “encontrar meios e formatos” de ministrar a disciplina de história sob um viés decolonial, e com recorte de valorização do território no qual estão inseridos, e a luta contra o racismo imposto.
Composto por um conjunto de ações que ocorrem ao longo do ano letivo (rodas de conversa, e oficinas artísticas) que se propõem a trabalhar junto aos alunos o processo histórico do nosso país, o Brasil (os marcos históricos, a escravidão, os desdobramentos do regime de escravidão em nossa sociedade, o racismo estrutural, intolerância religiosa, políticas de reparação, e os traumas coloniais). 
Seu acervo é composto por mais de 20 grafites, inúmeras fotografias e textos produzidos por estudantes, participantes do programa. Compreendemos este acervo como “obras de arte” detentoras da voz de jovens periféricos, sujeito de um território, com vivências subjetivas. 
Em 29 de Julho de 2021, foi reconhecido pelo INSTITUTO BRASILEIRO DE MUSEUS como PONTO DE MEMÓRIA. """,Brunna Domiciano de Barros - Produtora Cultural | Coordenação de Produção,29/08/2024,OK,-22.6429163,-43.3021266
219,Museu Histórico do Vale,MUVA,27.965.243/0001-10,"Rua Prefeito Hilton Dutra Navarro s/nº, Centro",Rio das Flores,Médio Paraíba,,museu.historicodovale@gmail.com,-,,muva_riodasflores_rj,-,Privada,Ata,Aberto,Quinta - Tarde / Sexta e Domingo - Manhã / Sábado - Manhã e Tarde,Gratuito,-,Não,Outros,Sim,Há necessidade de adequações.,"O Museu de História Regional, Arte Sacra e Antropologia de Rio das Flôres, criado em 1966 por Pe. Sebastião da Silva Pereira, foi fundado para preservar a história do Vale do Rio Preto. Inicialmente, funcionou na Igreja Matriz e na Casa Paroquial, até ganhar sede própria em 1974. O acervo do museu, composto por mais de 2.000 itens, inclui esculturas sacras, objetos utilitários, e instrumentos de trabalho manuais, destacando a contribuição de trabalhadores manuais na história local e regional. Em 2022, o museu foi renomeado como MUVA - Museu Histórico do Vale.",Luiz Fernando Nascimento - Secretário Geral,29/08/2024,OK,-22.1699171,-43.5409950
220,Escola de Música Santa Cecília - Museu Paulo Carneiro,,31.168.115/0001-13,"Rua Marechal Deodoro 192, Centro",Petrópolis,Serrana,(24) 2242-2191,escolademusicasantacecilia@gmail.com,-,escolademusicasantaceciliapetropolis,emusicasanta cecilia,-,Privada,Não existe documentação de criação do museu,"Aberto, funcionando parcialmente",Segunda a Sexta - Manhã e Tarde / Sábado de Manhã,Gratuito,-,Sim,Antropologia e Etnografia,Não,"O museu apenas tem acessibilidade para cadeiras de rodas, com a porta de acesso de folha dupla e a organização que permite a cadeira transitar em todo o espaço. precisa urgente de modernização.","O Museu Paulo Carneiro foi criado nos anos 1940, no interior da Escola de Música Santa Cecília, em homenagem ao seu fundador O Maestro Paulo Carneiro. O acervo do museu contem os instrumentos originais do músico nascido em meados do século XIX, as medalhas obtidas no conservatório brasileiro de música, objetos pessoais, fotos, recortes de jornais, documentos e, em acervo anexo, suas partituras para orquestra, algumas originais. Vale destacar que Paulo Carneiro era um homem preto, de origem pernambucana, que se destacou na música na capital do Império, vindo para Petrópolis e aqui fundou sua escola  de música em 1893.",Janine Meirelles dos Santos Ramos - Presidente,30/08/2024,OK,-22.5113998,-43.1777372
221,Museu Histórico Mauro Palombo,MuHMaPa,10.535.760/0001-57,"Rua São Judas Tadeu, 1, Ponta da Areia",Niterói,Metropolitana III,(21) 2722-0144,onghistoriadepapel@gmail.com,www.palombo.com.br/museu,museupalombo,museupalombo,-,Privada,Estatuto Social,"Aberto, funcionando parcialmente",Segunda a Sexta - Manhã e Tarde,Gratuito,-,Sim,Histórico,Não,Temos no site do museu a possibilidade de aumentar e diminuir o tamanho das letras e das páginas expositivas.,"Em 2008, fundamos a História de Papel, ONG mantenedora do Museu Filatélico Numismático Brasileiro e do Museu Fotográfico Mauro Palombo. Ainda em 2008 participamos da uma exposição sobre o centenário da imigração japonesa na Galeria de Arte da Unilasalle. O material emprestado impressionou a todos e especialmente aos representantes do consulado japonês. Desde então mantemos atendimento por agendamento para estudantes e pesquisadores. Fizemos em 2022 uma exposição no Espaço Cultural dos Correios em Niterói, que foi prorrogado a pedido dos Correios, por conta do sucesso da mesma. Atendemos pessoalmente a turmas de colégios municipais e de outras instituições para visita guiada. Ainda em 2022 fizemos uma exposição sobre os 200 Anos da Independência do Brasil, que ficou por algum tempo acontecendo simultaneamente com a exposição citada anteriormente, na Galeria de Arte da Unilasalle e que também foi prorrogada a pedidos. Também participamos da aula inaugural de dois cursos e fizemos visitas guiadas. Essa exposição ainda foi incluída na Primavera de Museus do Ibram e foi divulgada nacionalmente. No primeiro semestre de 2023 organizamos uma exposição que teve 160 páginas expositivas e foi prorrogada a pedidos. Recentemente organizamos uma na UniLaSalle sobre os 150 anos da Imigração Italiana. Ao montarmos essa exposição, percebemos que precisamos usar acervo dos dois museus e resolvemos unir os dois projetos. Para essa exposição criamos então o Museu Histórico Mauro Palombo, que é a união dos outros dois museus que tínhamos. Recebemos em novembro de 2022 o Diploma Heloneida Studart de Cultura da ALERJ e recentemente o Diploma Nicette Bruno da Câmara Municipal de Niterói, além e outros prêmios e moções.",Marcos de Oliveira Palombo - Presidente,30/08/2024,OK,-22.8884000,-43.1147000
222,MAMY - Movimento Artístico Mariângela Yanase,MAMY,,"Rua da Assembleia Ac Estrada Municipal Antônio Bergara, nº 127, CEP 25931-970",Magé,Metropolitana II,(21)988442102,mafuacoletivodeartistas@gmail.com,-,mamymuseu,@mamymuseu,-,Privada,Não existe documentação de criação do museu,Em implantação,Sábado e Domingo - Manhã e Tarde,Gratuito,-,Sim,Artes Visuais,Não,Acessibilidade atitudinal.,"""O MAMY (Movimento Artístico Mariangela Yanase) surgiu em 2019 através da professora Mariangela Yanase que após muitos anos dando aula na região e através do seu amor pela cidade e pela sua profissão, resolveu mostrar a beleza da cidade através de artistas mageenses e da rica história do município.
Com isto, começou as exposições com o seu acervo pessoal e aos poucos foi ampliando o espaço, que teve o apoio e a colaboração de artistas da região, dando ao MAMY exposições incríveis que contribuíram muito com o projeto.
No ano passado, em 2023, Mariangela uniu-se aos artistas Deneir, Ana, Silvia e Emilson e criaram, juntos, o coletivo Mafuá, no intuito de criarem projetos mais institucionalizados e angariarem recursos e fomento para o espaço. 
Em abril deste ano, em 2024, Mariangela faleceu e o coletivo resolveu manter seu legado. Com isto, o grupo segue mantendo o desejo da professora de tornar o lugar um espaço de memória e arte, buscando criar uma instituição de preservação e promoção da arte e da memória social de Magé.
Com o propósito de legitimar e valorizar as produções artísticas de Magé, o MAMY se caracteriza, também, por valorizar as riquezas naturais da região, promovendo a participação ativa da comunidade local, onde a história, a memória e a identidade local são valorizadas, mantidas e refletidas através da arte.""",Silvia Schiavone Petinari Cordeiro - Coordenação de Projetos,30/08/2024,OK,-22.6042779,-43.1081091
223,Museu Casa do Colono- MCC,MCC,00.088.733/0001-20,"Rua Cristovão Colombo, 1034",Petrópolis,Serrana,(24)2246-9457,casadocolonomuseu@gmail.com,www.petropolis.rj.gov.br,,@museucasadocolono,-,Municipal,Decreto,Aberto,De Terça a Domingo - Manhã e Tarde,Gratuito,-,Sim,Histórico,Não,"Em processo, pois trata-se de uma edificação antiga e necessita de adaptação.","O Museu Casa do Colono foi inaugurado em 16 de março de 1976, como parte das festividades em comemoração ao aniversário da cidade. Seu acervo é composto de utensílios de uso doméstico e de trabalho, fotografias, mobiliários e objetos de uso pessoal. Como um lugar de memória, sua museografia procura comunicar os hábitos, os ofícios, os costumes, as tradições, a cultura, o credo e o legado deixado por sucessivas gerações de imigrantes germânicos, trabalhadores estes que ajudaram a dar forma e vida à cidade. O aparelho turístico praticamente representa um dos poucos exemplares desse tipo de arquitetura popular na cidade, remetendo-se também a uma das edificações mais antigas de Petrópolis. A casa pertenceu ao imigrante germânico Johann Gottlieb Kaiser e foi construída nos prazos de terra nº 1632 e nº 1633, aforados em 08 de junho de 1847. Edificação rústica, erguida com paredes de pau a pique, madeira para o vigamento e colunas sobre alicerces de pedras, com características semelhantes às habitações rurais das cidades de Simmern e Kastellaun, na região serrana de Hunsrück e de aldeias às margens do Rio Mosel na Alemanha no século XIX; retratando assim, o modo de vida simples dos colonos, imigrantes livres com contrato de trabalho para desenvolvimento da Imperial Colônia de Petrópolis.",Marcelo Thebald Werneck - Supervisor Geral,31/08/2024,OK,-22.5286775,-43.1904598
224,Usin4-Casa das Artes,,13.768.162/0001-16,"Rua Geraldo de Abreu, 4 ",Cabo Frio,Baixadas Litorâneas,(22)988421060,usin4artes@gmail.com,-,Usin4casadasartes,@usinaquatro,-,Privada,Resolução,Aberto,"Quarta à Sexta - Tarde e Noite / Sábado - Manhã, Tarde e Noite",Gratuito,-,Sim,Outros,Não,Acessibidade física,"""Cabo Frio é uma cidade com tradição firmada no teatro de bonecos com a mesma força expressiva, desde a década de quarenta e mantém-se viva ainda hoje com diversas técnicas de confecção e manipulação, expressas por grupos teatrais significativos da cidade, através dos bonecões da Brincareta (bloco da Secretaria de Cultura local),do qual os artistas em questão são os confeccionadores,  que homenageiam as principais figuras representativas da cultura local e do seu histórico festival """"Bonecarte"""" (Festival de teatro de bonecos).
Como maior representação na cidade os artistas Tânia Arrabal e Clarêncio Rodrigues, envolvidos com a arte bonequeira há mais de 30 anos partem como iniciativa a exposição dos seus trabalhos promovendo assim o desenvolvimento dessa arte, possibilitando a construção do conhecimento sempre na busca da evolução do ser criativo através desse lúdico que é o teatro de bonecos.
Tânia Arrabal-atriz manipuladora, arte educadora e artista plástica , envolvida com a arte bonequeira há trinta e três anos, ministrando oficinas em vários lugares do Estado do Rio. Com os bonecos esculpidos em diversos materiais, se encontram expostos na casa de artes Usin4 (Cabo Frio) de propriedade da artista um grande número de bonecos, composto de 70 (setenta) peças, sendo algumas que participaram de diversos espetáculos, onde se encontram dispostos como se fossem entrar em cena. No acervo podemos ver bonecos confeccionados em espuma, poliuretano, isopor, madeira, papietagem caracterizados por diversas técnicas, sendo desde os clássicos marionetes de fios até os confeccionados em látex, identificados e dispostos de uma formato aptos a interagirem visualmente com o público .
Somando no mesmo Espaço, bonecos do arte educador Clarêncio Rodrigues,com mais de 40 anos de vida bonequeira um número de 20 bonecos na técnica de fios participantes de espetáculos do grupo Sorriso Feliz em diversos materiais já enumerados no início desse texto.
O Museu dos Bonecos surgiu na necessidade da esposição para o público,principalmente por tornar contínua a tradição da cidade e dos quase 100 bonecos do acervo desses dois artistas. Bonecos que contam a trajetória de montagens cênicas e outros que fazem questão de existir pela vontade de nascer de uma quantidade de inúmeros materiais""",Tânia Regina Arrabal Heluy - Proprietária e uma das artistas expositoras.,31/08/2024,OK,-22.8795821,-42.0295702
225,Museu Olga do Alaketo,,56.560.960/001-64,"Rua José Monteiro, 21",Seropédica,Metropolitana II,(21) 981668440,casadoperdao@casadoperdao.com.br,-,,@casadoperdao,-,Privada,Ata,Em implantação,Terça e Sábado - Manhã e Tarde,Gratuito,-,Sim,Antropologia e Etnografia,Sim,"Sendo este um dos objetivos primordiais, ações serão realizadas para tornar o acervo mais acessível. A exposição dos mesmos receberá, gradualmente, assim como a nossa estrutura física, melhorias. Desejamos e estamos pesquisando consultorias para tal. Conforme recursos, as adequações serão realizadas.","""A Comunidade de Terreiro Afroindígena CASA DO PERDÃO, localizada na  rua José Monteiro, 21 - Campo Lindo, Seropédica - RJ - CEP 23898-048, no Rio de Janeiro, foi fundada em 1999 (legalmente constituída desde 2003).
A instituição desenvolve projetos voltados ao fomento, salvaguarda e preservação da memória das culturas e artes brasileiras, com ênfase nas tradições afro-brasileiras e afro-indígenas. Atividades incluem apoio e orientação espiritual, práticas religiosas da Umbanda, Candomblé (Ketu) e Ifá Cubano, além de ações sociais em prol da comunidade. O terreiro oferece consultas espirituais, rezas, benzimentos com ervas, giras abertas, e programas educativos como cursos, palestras, e oficinas. Além disso, há a promoção e o registro de manifestações culturais brasileiras, incluindo danças, cantos ancestrais, percussão, e ritmos como samba de terreiro, jongo, e coco.""",Andréa Gomes de Paiva - Integro o corpo mediúnico da Casa,01/09/2024,OK,-22.8056196,-43.6512799
226,Ilè Asé Omi Larè Ìyá Sagbá,,16.611.838/0001-51,"AV AUTOMOVEL CLUBE KM 51, RUA PROJETADA 13, LT. 36 QD. 10, JARDIM BARRO BRANCO",Duque de Caxias,Metropolitana II,(21) 98986-1689,eroproducao@gmail.com,-,,@encontrodasculturasdease / @festadeyemonjaoficial,-,Privada,Estatuto Social,Aberto,"Sábado - Manhã, Tarde e Noite",Gratuito,-,Sim,Antropologia e Etnografia,Não,-,"""A comunidade tradicional de terreiro de candomblé Ilè Asé Omí Larè Ìyá Sagbá, de nação Ketu e está situada em Santa Cruz da Serra, no município de Duque de Caxias/RJ. Foi fundada em 14 de janeiro de 2006, pelo Babalorixá Daniel ti Yemonjá. Ele segue a tradição do terreiro Ilè Ìyá Omi Asé Iyamasé, conhecido como Gantois, em Salvador. A casa é descendente do terreiro liderado por Mãe Maria Helena de Iansan, em Belford Roxo. Integram a comunidade cerca de 200 filhos/filhas de santo, sendo que pelo menos 100 integrantes com participação ativa. Pode-se incluir também os participantes indiretos, como visitantes das festas públicas, clientes dos jogos de búzios e familiares dos filhos de santo. Neste caso, a comunidade é bem maior alcançando até mil pessoas. 
O Ilè Asé Omí Larè Ìyá Sagbá se destaca pela sua atuação na preservação e promoção da religiosidade de matriz africana. Realiza festas públicas de candomblé, abertas à comunidade, que têm como objetivo compartilhar e celebrar as tradições religiosas afro-brasileiras. Enquanto povos tradicionais, seus integrantes seguem os ensinamentos ancestrais transmitidos ao longo das gerações, mantendo vivas as práticas, rituais e conhecimentos sagrados. Desempenhando um papel fundamental na preservação da cultura e na promoção do respeito às tradições de matriz africana. 
A comunidade tradicional de terreiro de candomblé também se dedica à produção de estudos acadêmicos sobre as tradições de matriz africana. Por meio de pesquisas e estudo acadêmicos, os membros do Ilè Asé Omí Larè Ìyá Sagbá contribuem para o conhecimento e a valorização da religião afro-brasileira, bem como para o diálogo entre os saberes acadêmicos e as tradições ancestrais. Dessa forma, fortalece a identidade cultural dos povos tradicionais de matriz africana, e promove a compreensão e o respeito por essa importante manifestação religiosa e cultural. 
A comunidade do Ilè Asé Omi Larè Ìyá Sagbá promove a Festa de Yemonjá de Paraty, desde 2011. A celebração reúne a comunidade afro-religiosa da região Sul Fluminense e diversos parceiros, como a Prefeitura de Paraty e o Polo Sociocultural Sesc Paraty. Na primeira edição, apenas filhos e amigos da comunidade participaram da celebração, mas ao longo do tempo, a comemoração cresceu e conquistou mais aliados e colaboradores. A Festa de Yemonjá de Paraty conta com um cortejo terrestre e marítimo, onde os balaios são oferecidos a Rainha do Mar, e uma vasta programação cultural, com apresentações musicais, rodas de conversa, ações formativas e contação de histórias. Desde o ano de 2021, a celebração idealizada e organizada pelo Ilè Asé Omi Larè Ìyá Sagbá faz parte do calendário turístico e cultural oficial do município de Paraty. 
Outra ação desenvolvida pela comunidade do Ilè Asé Omi Larè Ìyá Sagbá é o Encontro das Culturas de Asé, cuja primeira edição ocorreu em 2017. O encontro consiste em atividades diversas relacionadas às práticas dos terreiros e à produção artística e cultural, abrindo as portas do Ilè Asé Omí Larè Ìyá Sagbá para toda a comunidade. Em 2020, o Encontro das Culturas de Asé foi realizado de forma totalmente virtual, com uma programação dedicada aos saberes do povo de asé. Durante três meses, todas as quartas-feiras, foram realizadas lives da série Sirè de Saberes, mediadas por Marta Ferreira D’Oxum, que recebeu pesquisadores e pessoas ligadas aos saberes de asé para discutir diferentes temas relacionados à vivência nos terreiros. Além disso, o Encontro apresenta atividades nas áreas de gastronomia afrodiaspórica, artes, ações formativas e exposição de produtos da relacionados às atividades de matriz africana e outras manifestações culturais. 
O Ilè Asé Omi Larè Ìyá Sagbá participa da programação dos 21 Dias de Ativismo Contra o Racismo, desde o ano de 2019, com atividades virtuais e presenciais. 
A comunidade tradicional de terreiro de candomblé também se dedica à produção de estudos acadêmicos sobre as tradições de matriz africana. Por meio de pesquisas e investigações, os membros do Ilè Asé Omí Larè Ìyá Sagbá contribuem para o conhecimento e a valorização da religião afro-brasileira, bem como para o diálogo entre os saberes acadêmicos e as tradições ancestrais. Marta Ferreira D'Oxum, Ìyá kèkèrè/mãe pequena da comunidade tradicional de terreiro de candomblé, é responsável por diversas publicações acerca da comunidade tradicional, entre elas pode-se destacar o livro """"Redes Educativas e os Cadernos/Diários - Crianças e Jovens na Educação de Terreiros"""". No espaço físico da comunidade tradicional de terreiro de candomblé são desenvolvidas diversas atividades com caráter educativo. O livro teve seu lançamento em uma ação realizada presencialmente no Ilè Asé, com transmissão ao vivo pelo Youtube, no ano de 2022. Marta Ferreira D'Oxum obteve seu doutoramento na UNICAMP, com o tema “Educação NosDos Terreiros: Conhecimentos Forjados Nos Itans Das Yás Odés”, pesquisando novamente os saberes praticados e partilhados pela comunidade tradicional de terreiro de candomblé Ilè Asé Omi Larè Ìyá Sagbá.
No ano de 2020, membros da comunidade do Ilè Asé desenvolveram pesquisas para uma publicação da Universidade de Trás-os-Montes e Alto Douro, em Portugal. A pesquisadora Jéssica Nonato defendeu, em 2022, uma dissertação de mestrado, na Universidade Estadual do Rio de Janeiro, com o título: “Sirè dos Saberes: um estudo sobre as culturas de asé no Ilè Asé Omi Larè Ìyá Sagbá”, que tem como tema as ações culturais desenvolvidas na comunidade tradicional de terreiro de candomblé.
O documentarista José Alcântara, iawô da casa, desenvolveu 2 projetos audiovisuais dentro do terreiro. A artista Joana Marinho, desenvolve trabalhos nas áreas de artes cênica, música, dramaturgia e audiovisual utilizando os saberes aprendidos e trocados no espaço do Ilè Asé Omi Larè Ìyá Sagbá.
A comunidade já foi contemplada em três editais públicos: Lei Aldir Blanc, do município de Duque de Caxias; Povos Tradicionais Presentes, do Governo do Estado do Rio de Janeiro; e Prêmio Pontos de Memória 2023 - Edição Helena Quadros, do IBRAM. No ano de 2023, o Ilè Asé Omi Larè Ìyá Sagbá recebeu a certificação de Ponto de Memória pelo IBRAM. A certificação como Ponto de Cultura se encontra atualmente, em fase de análise, pelo Ministério da Cultura.""",José Washington de Alcântara Filho - Produtor,02/09/2024,OK,-22.6429163,-43.3021266
227,Museu Ciência e Vida - Fundação Cecierj,,35.854.884/0001-26,Rua Ailton da Costa s/n,Duque de Caxias,Metropolitana II,(21)999625746,recepcaomcv@gmail.com,https://www.cecierj.edu.br/divulgacao-cientifica/museu-ciencia-e-vida/,@museucienciaevida facebook: https://www.facebook.com/museucienciaevida/?locale=pt_BR,,-,Estadual,Decreto,Aberto,Terça a Quinta - Manha e Tarde,Gratuito,-,Sim,Ciência e Tecnologia,Não,"Algumas exposições são acessíveis, o museu possui elevador, rampas de acesso, elevador de cadeirantes para o planetário, sessão de cúpula para pessoas cegas ou com baixa visão.","""O Museu Ciência e Vida é um espaço científico-cultural interativo de ciências, localizado em Duque de Caxias, na Baixada Fluminense, o qual oferece ao grande público – escolar e espontâneo, de diferentes faixas-etárias – um cardápio diverso de atividades que visam a socialização do conhecimento científico e a aproximação do público com a ciência e com os cientistas. 
O espaço foi criado no âmbito da Vice-presidência Científica da Fundação Cecierj, uma instituição ímpar que possui objetivos sociais bastante distintos.  De acordo com sua Lei de criação, Lei Complementar 103, de 18/03/2002, a Fundação Cecierj tem como seus objetivos sociais: oferecer educação superior gratuita e de qualidade, na modalidade à distância, para o conjunto da comunidade fluminense; a divulgação científica para o conjunto da sociedade fluminense; e a formação continuada de professores do ensino fundamental, médio e superior. A FAPERJ tem papel fundamental no atingimento destes objetivos, e em particular com respeito ao Museu Ciência e vida foi protagonista na criação deste espaço bem como na viabilização dos conteúdos desenvolvidos e disponibilizados para os visitantes.
Comprometido fortemente com a mudança educacional, cultural e social local, o Museu Ciência e Vida tem entre seus principais objetivos: estimular de forma interativa, dinâmica e lúdica a curiosidade pelo conhecimento científico; contribuir para a identificação e estímulo de vocações científicas; apoiar o processo de ensino-aprendizagem de forma prazerosa por meio de ações inovadoras; estimular a experimentação, a observação, a descoberta e o pensamento científico nas diversas áreas do conhecimento; e contribuir para elevar o nível de cultura científica do cidadão, possibilitando uma participação social consciente e informada em debates científicos e no exercício da cidadania.
Desde sua abertura, em julho de 2010, o Museu Ciência e Vida vem se tornando uma referência de educação e cultura em Duque de Caxias, município localizado em uma região desprovida de equipamentos culturais e educativos e com baixos índices sociais no que se refere ao ensino, à saúde e à qualidade de vida. A criação do Museu Ciência e Vida no prédio que, no passado, abrigava o Fórum Municipal, local associado a crimes e punições, propõe uma desconstrução dessa associação, promovendo a ressignificação desse espaço no contexto da cidade, reformado para se associar a ciência, tecnologia, educação e cultura. A nova finalidade do prédio pretende contribuir para o alargamento do capital social e cultural da população de Duque de Caxias e seu entorno.
Ao longo dos doze anos de funcionamento, mais de 350 mil visitantes já conheceram o Museu Ciência e Vida.  Até início de 2020, período anterior ao advento da pandemia do Sars-Cov2, a média de visitação do espaço era de 3.000 visitantes/mês, dos quais 65% corresponde a público espontâneo. Durante esses anos o museu exibiu 40 exposições, dentre estas seis foram de curadoria própria e a demais empréstimo de museus parceiros, tais como: Museu da Vida Fiocruz, Museu de Astronomia e Ciências Afins – MAST, Fundação Planetário, Casa da Ciência – UFRJ, Museu da Geodiversidade – UFRJ, Museu de Zoologia – USP, Projeto Portinari, Museu Nacional, dentre outros.
O público presencial do Museu Ciência e Vida é tipicamente feminino, 75%, baseado em pesquisa realizada com visitantes espontâneos, usando o protocolo do OMCC&T – Observatório de Centro e Museus de Ciência (CAZELLI et al., 2022).  Este público é formado por pessoas autodeclaradas pretas ou pardas, 62%, brancas, 31% e indígenas, 7%. Os visitantes são majoritariamente jovens, 64%, entre 15 e 19 anos, 14%, de 20 a 29 anos, 11% de 30 à 39 anos, 9% de 40 à 59 anos e 2% de 60 anos ou mais.  Quanto à escolaridade, a maioria do público possui ensino fundamental (59%), seguido de 26% que possui ensino médio e 11% que possui ensino superior completou ou cursa pós-graduação. 72% dos visitantes pesquisados exercem atividade remunerada, sendo 63% destes com renda de um a três salários-mínimos. """,Monica Santos Dahmouche - Docente,02/09/2024,OK,-22.7891670,-43.3074814
228,Museu de Teatro No Palco da Vida,,14.821.815/0001-46,"Rua Uranos, 1363, Bairro Olaria",Rio de Janeiro,Metropolitana I,21 974457777,nopalcodavida@uol.com.br,https://nopalcodavida.com.br/,"Instagram: https://www.instagram.com/projetonopalcodavida/
Youtube: https://www.youtube.com/@projetonopalcodavida/featured
Facebook: https://www.facebook.com/nopalcodavida ",@museucienciaevida facebook: https://www.facebook.com/museucienciaevida/?locale=pt_BR,-,Privada,Resolução,Aberto,Segunda a Sexta - Tarde,Gratuito,-,Sim,Outros,Não,"Adequação física do espaço, com rampas e corrimões de acessibilidade, assim como banheiro construído para atender requisitos de acessibilidade. Nossos projetos são construídos com objetivos de incluir LIBRAS em todas as atividades de verbalização, estamos aplicando consultoria de acessibilidade e capacitando equipe e novos colaboradores com requisitos de acessibilidade.","""Idealizado pelo ator e diretor Wal Schneider, o Museu de Memória do Teatro No Palco da Vida, é um resgate e preservação da memória das artes brasileiras. Desde 1999 Wal, um apaixonado pelo teatro, pesquisa e coleciona um rico acervo sobre Teatro Brasileiro. Em 2011, teve a ousadia de alugar um casarão em Olaria, região do Complexo do alemão na zona norte, onde hoje funcionam as atividade do Instituto No Palco da Vida , a 1ª Escola de Artes da região. A sede abriga mais de 20 mil itens entre livros, revistas, vinis e jornais raros, programas de teatro da década de 30, aos dias de hoje. Incluindo uma videoteca com mais de 10 mil DVDS de arte geral (Filmes, entrevistas, documentários espetáculos e aulas).
Nosso espaço conta com uma infraestrutura de uma biblioteca com mais de 20 mil livros, sala de exposição, sala de ensaios, sala de música, sala de revistas raras, cozinha, 2 banheiros, sendo um deles adaptado para pessoas com dificuldades de locomoção, rampas de acessibilidade, Arena Paschoal Carlos Magno ao ar livre para apresentações e ensaios com 100 lugares (Com espaço para cadeirantes.)
O passeio “Rua dos Artistas” se dedica a mapear os principais pontos de cultura onde diversos artistas do Brasil fizeram história, como Procópio Ferreira, Ruth de Souza, Paschoal Carlos Magno, Itália Fausta, Carmem Miranda, Pixinguinha entre outros. Com
intervenções artísticas de teatro, dança e música com crianças, adolescentes e adultos das comunidades do Rio de Janeiro. Um passeio guiado pelo ator Wal Schneider e os integrantes do projeto tem como objetivo resgatar a memória cultural dos locais como o
Teatro João Caetano, Casa do Estudante, Praça Procópio Ferreira, Escola de teatro Martins Pena, Praça Tiradentes, Campo de Santana, Retiro dos artistas (criado pelo ator Leopoldo Fróes) entre outros. E no fim do passeio o público terão acesso ao rico material raro
na exposição na sede do projeto entre livros do século XIX, revistas e programas raros da década de 20 até os dias atuais, concretizando a importância de cada espaço visitado.""",José Valdemir da Silva Gomes - Presidente,03/09/2024,OK,-22.9110137,-43.2093727
229,Casa de Cultura de Jacarepaguá,,29.518.039/0001-87,"Rua Alberto Soares Sampaio, 72, Taquara, Jacarepaguá",Rio de Janeiro,Metropolitana I,(21) 98169-3488,contato@casadeculturajpa.com.br,www.casadeculturajpa.com.br,@casadeculturajpa,"Instagram: https://www.instagram.com/projetonopalcodavida/
Youtube: https://www.youtube.com/@projetonopalcodavida/featured
Facebook: https://www.facebook.com/nopalcodavida ",-,Privada,Ata,Aberto,Terça a Sábado - Tarde e Noite,Gratuito,-,Sim,Histórico,Não,"A Casa de Cultura de Jacarepaguá tem como premissa garantir a acessibilidade e a inclusão a todos os visitantes, promovendo um ambiente acolhedor e acessível para pessoas com diferentes necessidades. Abaixo estão as ações realizadas pela nossa instituição para assegurar a acessibilidade de todos:
1. Acessibilidade Física:
o Instalações Acessíveis: A Casa de Cultura de Jacarepaguá conta com uma plataforma elevatória para acesso de cadeirantes e pessoas com mobilidade reduzida, além de banheiro adaptado para pessoas com deficiência. Essas instalações garantem que todos possam acessar os espaços da exposição e eventos com conforto e segurança.
2. Acessibilidade para Pessoas com Deficiência Auditiva:
o Tradução em Libras: Durante eventos específicos, como rodas de conversa, palestras e oficinas que tenham um público significativo de pessoas com deficiência auditiva, disponibilizamos um intérprete de Libras (Língua Brasileira de Sinais). Isso garante que esses participantes possam acompanhar e interagir plenamente com os conteúdos apresentados.
o Material Visual Informativo: Utilizamos de painéis informativos e materiais visuais claros e de fácil leitura, para facilitar a compreensão dos conteúdos por todos os visitantes, incluindo aqueles com deficiência auditiva.
3. Acessibilidade para Pessoas com Transtorno do Espectro Autista (TEA):
o Ambiente Acolhedor: Temos espaços tranquilos e áreas de descanso na exposição, permitindo que visitantes com autismo possam se sentir confortáveis e seguros. Além disso, a equipe será orientada para adotar uma postura acolhedora e compreensiva, garantindo uma experiência positiva.
4. Acessibilidade Comunicacional:
o Informação Online: O site e as redes sociais do projeto disponibilizarão informações claras e detalhadas sobre acessibilidade, horários de visitação e detalhes das instalações acessíveis, garantindo que todos possam planejar sua visita com antecedência.
5. Acessibilidade Atitudinal:
o Capacitação da Equipe: Todos os funcionários e voluntários envolvidos nos nossos projetos são treinamento para desenvolver uma postura inclusiva e acolhedora, aprendendo a atender adequadamente pessoas com diferentes tipos de deficiência. Essa capacitação visa eliminar barreiras atitudinais e promover um ambiente de respeito e inclusão.
Nosso plano de acessibilidade busca garantir que todos os visitantes, independentemente de suas habilidades ou necessidades, possam desfrutar plenamente da experiência cultural oferecida. Ao combinar infraestrutura acessível, ações específicas para públicos diversos e um compromisso com a inclusão, nós, não apenas cumprimos com os requisitos de acessibilidade, mas também promovemos um ambiente acolhedor e inclusivo para todos.

","""Criada em 2016 como iniciativa social denominada JPA, Eu Te Amo, a Casa de Cultura de Jacarepaguá é uma organização civil, sem fins lucrativos de cunho cultural. Com a missão de promover ações que deflagrem o desenvolvimento social, cultural e econômico da nossa região, desde a nossa fundação, promovemos atividades em 3 eixos de atuação: 1) A preservação da Memória da Baixada de Jacarepaguá; 2) O fomento a literatura, a arte e artesanato e 3) O fomento ao turismo como estratégia para promover a educação patrimonial e incentivar investimentos na preservação dos nossos patrimônios históricos, culturais e naturais.

A nossa sede, que é acessível a pessoas com dificuldade de locomoção, abriga desde 2019 o primeiro Centro de Memória do bairro com a exposição permanente “O Sertão Carioca: a outra margem do Rio” que conta com diversas atividades para promover a educação patrimonial, a difusão e preservação da memória histórica da Baixada de Jacarepaguá, que é o nosso principal eixo de atuação e que tem norteado a maioria dos esforços da nossa instituição, tornando-a reconhecida pela sociedade e governo.

Certificados e Reconhecimentos
A Casa de Cultura de Jacarepaguá, em virtude da sua atuação no fomento ao desenvolvimento cultural da região vem colhendo notoriedade e reconhecimento tanto de órgãos públicos como da nossa comunidade, se tornando um ponto de convergência único de arte e cultura na região.

•	Ponto de Cultura: Certificado de Reconhecimento como Ponto de Cultura, desde 2019, pelo Ministério da Cultura.
•	Utilidade Pública: Em 2022 fomos declarados como uma Instituição de Utilidade Pública Municipal, através da Lei 7.443 de 04/07/2022. em reconhecimento às ações socioculturais desenvolvidas em nossa comunidade.
•	Ponto de Memória: Em 2023 fomos reconhecidos como Ponto de Memória pelo Ibram – Instituto Brasileiro de Museus
•	Moção de Louvor: Em 26 de outubro de 2023, a Fundadora e gestora da Casa de Cultura de Jacarepaguá, Alexandra Gonzalez, recebeu da Câmara Municipal de Vereadores do Rio de Janeiro, a Moção de Louvor, “Mérito Cultural 2023” em reconhecimento a relevância do seu trabalho em favor do fortalecimento da cultura na região.
•	Prêmio Pontos de Memória 2023: Em 2023 a Casa de Cultura de Jacarepaguá recebeu o Prêmio Pontos de Memória 2023, em reconhecimento a sua atuação na preservação da memória da Baixada de Jacarepaguá.
•	Ações Locais: Em 2024, a Casa de Cultura de Jacarepaguá, recebeu da Secretaria Municipal de Cultura """"Ações Locais"""" o reconhecimento pela sua importância e seu impacto positivo no território carioca. 

Nossa atuação está diretamente alinhada e comprometida com os desafios do desenvolvimento sustentável – ODS 8 e 11 e indiretamente com os demais.
ODS 8 - Trabalho Decente e Desenvolvimento Econômico.
Meta 8.3 - Promover políticas orientadas para o desenvolvimento, que apoiem as atividades produtivas, geração de emprego decente, empreendedorismo, criatividade e inovação, e incentivar a formalização e o crescimento das micros, pequenas e médias empresas, inclusive por meio do acesso a serviços financeiros.""""
ODS 11 - Cidades e Comunidades Sustentável.
Meta 11.4 - Fortalecer esforços para proteger e salvaguardar o patrimônio cultural e natural do mundo.""""	Amamos Jacarepaguá, por isso nascemos com o nome JPA, eu te amo, fazendo uma declaração de amor ao nosso bairro e um compromisso sincero com o seu desenvolvimento e com o desenvolvimento das pessoas que aqui vivem.
Vídeo Institucional""",Alexandra Azalim Gonzalez - Presidente,03/09/2024,OK,-22.9110137,-43.2093727
230,Centro Social Luz da Barra,,26.138.695/0001-66,"Rua: Capitão Pereira Viana, 1",São Francisco de Itabapoana,Norte Fluminense,(22) 98111-7212,museu@luzdabarra.com,luzdabarra.com,https://www.instagram.com/centrosocial.luzdabarra/,@casadeculturajpa,-,Privada,Estatuto Social,"Aberto, funcionando parcialmente",Seunga a Sexta - Manhã e Tarde,Gratuito,-,Sim,Histórico,Não,"No momento, não existe Acessibilidade no Centro Social, sendo necessário manutenção para tal, e recursos financeiros. Como se trata de uma Associação sem fins lucrativos, todo recurso e investimentos estruturais são provenientes de captação de recursos por editais. Estamos almejando o edital Nossos Museus para implementar uma reforma que garantirá um aspecto arquitetônico mais adequado à exibição das obras, assim como garantir acessibilidade para todos os visitantes.","""O Centro Social Luz da Barra, situado na Rua Capitão Pereira Viana, 01, na localidade de Barra do Itabapoana, em São Francisco de Itabapoana - RJ, é um importante espaço de difusão cultural.

Sob a direção de Laurita Coutinho, o centro oferece uma programação que inclui cursos, oficinas e exposições, voltadas para a valorização e preservação do patrimônio cultural da localidade. Além de servir como um ponto de encontro para atividades culturais, o espaço também desempenha um papel fundamental na educação da comunidade sobre a importância de preservar suas tradições e história.

O Centro Social Luz da Barra abriga uma exposição permanente de objetos históricos que ajudam a narrar a trajetória cultural e social de São Francisco de Itabapoana. Entre as peças expostas, encontram-se objetos de arte, móveis e outras relíquias, como a cadeira da primeira professora de Barra do Itabapoana, Ana Nunes, que foi homenageada tendo seu nome atribuído à Escola Estadual Ana Nunes.

Este acervo é cuidadosamente preservado por Laurita Coutinho e exposto na sede do Centro Social Luz da Barra, oferecendo uma oportunidade para os visitantes conhecerem e apreciarem a riqueza cultural e o patrimônio imaterial do município.

Além das exposições, o Centro Social Luz da Barra também possui uma loja de souvenirs, onde são comercializadas peças de artesanato produzidas por artistas locais. Laurita Coutinho, presidente desta Associação Sem Fins Lucrativos que administra o centro, é a responsável pela guarda e manutenção das peças do acervo, muitas das quais foram adquiridas ou doadas por membros da comunidade.""",Letícia Teixeira Rocha - Produtora,03/09/2024,OK,-21.3014853,-40.9669606
231,Museu Casa Darcy Ribeiro,MCDR,-,"Rua Casa Darcy Ribeiro, 395, Cordeirinho",Maricá,Metropolitana III,(21)98103-4363,contato@casadarcyribeiro-marica.org.br,https://casadarcyribeiro.org.br/,Instagram: @museucasadarcyribeiromarica,https://www.instagram.com/centrosocial.luzdabarra/,-,Municipal,Lei,Aberto,Quarta a Domingo - Manhã e Tarde,Gratuito,-,Sim,Imagem e Som,Sim,"A proposta de execução do plano de Acessibilidade para o Museu Casa Darcy Ribeiro tem por objetivo contemplar ações para garantir o acesso de todas as pessoas ao espaço, fornecendo os meios para o acesso, mapeando quem não consegue chegar e, também pensando ações que possibilitem essa chegada. 
Neste sentido, está sendo elaborado um plano de ação para implementação de recursos de acessibilidade no Museu Casa Darcy Ribeiro, que visa abranger dimensões - dentro da perspectiva metodológica, instrumental, programática, atitudinal e comunicacional - utilizando como base as recomendações da Política Nacional de Museus.
Os recursos oferecidos pela Casa Museu, serão planejados pensando no fortalecimento da autonomia de pessoas com deficiência nos espaços e em sua participação nas ações dentro da perspectiva de uma educação integral. 
O Plano de Acessibilidade seguirá em desenvolvimento, uma vez que reconhece a importância de estar em constante pesquisa e atualização sobre como possibilitar e construir um Museu-Casa cada vez mais diverso, inclusivo e acessível. Este plano também servirá de apoio e atuará transversalmente entre e as demais ações do espaço.","""O Museu Casa Darcy Ribeiro (MCDR) tem como pilar conceitual a construção de um espaço que valoriza a dimensão afetiva da relação com a casa e com o quintal aberto, como o lugar da maturação dos sonhos e das utopias, desafiando as noções excludentes do que é e do que pode ser considerado um museu, uma exposição, um espaço voltado para as artes, a cultura e a educação.  

Com uma curadoria ousada, perspicaz e lúdica, que carrega a assinatura e toda inventividade curatorial de Gringo Cardia - arquiteto, cenógrafo e um dos criadores expoentes do Brasil. O MCDR junta arte, tecnologia e fragmentos da vida multifacetada de Darcy Ribeiro - intelectual e homem público que dedicou toda sua energia, vida e obra, a pensar o Brasil e os seus povos.

O MCDR tem, entre outros objetivos, oferecer as atividades baseadas no pensamento do educador Darcy Ribeiro, utilizando da mediação cultural para o contato com o público amplo, no intuito de ampliar a experiência do museu. É também objetivo disseminar seus conhecimentos e práticas da arte-educação para além do espaço expositivo, através de formações, oficinas e cursos que priorizem o público de professores e estudantes da rede pública e moradores de Maricá. Somado a isso, as linhas de atuação do MCDR proporcionam a capilaridade ao atendimento a diferentes públicos, como artistas, pesquisadores, produtores culturais, museólogos, educadores, alunos e professores universitários, entre outros profissionais da educação, da cultura e das artes.""",Renier Crohare Molina - Diretor Executivo,03/09/2024,OK,-22.9088758,-42.8171914
232,MUSEUONLINESFI,-,-,RUA ESTRELA DALVA BARRA DO ITABAPOANANA,São Francisco de Itabapoana,Norte Fluminense,(22) 997678596,museuonlinesfi@gmail.com,https://www.museuonlinesfi.com/,www.instagram.com/museuonlinesfi2015,Instagram: @museucasadarcyribeiromarica,-,Privada,Não existe documentação de criação do museu,Aberto,"Todos os dias - Manhã, Tarde e Noite",Gratuito,-,Sim,Virtual,Não,"Não existe acessibilidade ainda, mas enquanto museu online, cujo principal objetivo é a salvaguarda e difusão do nosso patrimônio material e imaterial, temos como objetivos captar editais para implementação de acessibilidade comunicacional, através de libras, audiodescrições, vídeos explicativos com linguagem simples, etc.","""Desde 2015, o MUSEUONLINESFI é um espaço de visibilidade, para quem queira pesquisar colaborar e fomentar debates e  reflexão sobre os acervos de São Francisco de Itabapoana e região, desde gênero documental, abordando-os enquanto fonte primária, mas também enquanto patrimônio material e imaterial digitalizado a ser preservado, e também divulgando artistas da região mostrando seus potenciais.
     Esta iniciativa a princípio, começa com esforços de pessoas dispostas a colaborar com o acervo digital, onde poderão vincular-se no futuro outras pessoas e instituições do Brasil e do exterior, públicas e privadas, detentoras de acervos originais de documentos audiovisuais, fotográficos e fonográficos referentes ao município.""",Uellington Batista - Desenvolvedor e Coordenador,03/09/2024,OK,-21.4537437,-41.1452982
233,Ponto de Cultura e memória Viva Zona Oeste,-,08.864.165/0001-13,Rua General Silvio Pereira da Silva 243 Curicica,Rio de Janeiro,Metropolitana I,(21)971499310,contato@vivazonaoeste.com.br,-,https://www.facebook.com/cia2banquinhos/?locale=pt_BR,vivazonaoeste,-,Privada,Portaria,"Aberto, funcionando parcialmente","Segunda, Quarta e Sexta - Tarde",Gratuito,-,Não,Outros,Não,"O espaço ainda está em obras, mas já possui rampa e portas amplas para acesso as salas. Além disso todas as atividades são realizadas no térreo para facilidade de acesso a pessoas cadeirantes e ou com outras dificuldades de locomoção.
Todos os conteúdos das redes sociais institucionais possuem a descrição com a hastag pra todes verem.
Mais do que 70% dos vídeos do youtube institucional possuem legendas e/ou interpretação de libras (em alguns casos de projetos patrocinados).
Todos os projetos patrocinados possuem pelo menos uma atividade com interpretação de libras. 
A organização conta com uma colaboradora voluntária que dá consultorias e ou pequenos treinamentos para parte da equipe e nos casos de projetos remunerados é remunerada pontualmente.
Os coordenadores do museu passam constantemente por cursos e formações para se capacitarem a atender pessoas com diferentes deficiências. Em mais de 90% dos atendimentos em que há feita a sinalização prévia da deficiência ou dificuldade é sanada com diálogo, mediação e articulação.

","O ponto de cultura e memória Viva Zona oeste existe desde 2007 na Zona Oeste do Rio de Janeiro. Foi reconhecido em 2023 como ponto de memória (pela portaria Ibram nº 579 de 29 de julho de 2021) por todo seu trabalho de pesquisa, diagnósticos e mapeamentos culturais que possibilitaram ferramentas de desenvolvimento de políticas públicas, mas atua com essas frentes de atuação desde 2014. Além da atuação em museologia social, a organização desenvolve projetos de formação nas áreas de produção, gestão cultural e empreendedorismo, formação em linguagens artísticas, culturas populares e tradicionais feitas com, por e para fazedores de cultura e público em geral de todos o território da Zona Oeste da cidade , outras periferias e seus desdobramentos e diálogos com toda a cidade e diferentes territórios. Desenvolve projetos de festivais coletivos, palcos multiartisticos, projetos de redes e práticas colaborativas, entre outras frentes tendo como missão o desenvolvimento comunitário, ambiente de estimulo a convivência e práticas compartilhadas, protagonismo dos fazedores culturais periféricos , autoestima dos públicos atendidos, maior visibilidade para a diversidade cultural das periferias, geração de oportunidades para criação e geração de renda dos fazedores das periferias, entre outros.",Fernanda Rocha - Coordenadora,03/09/2024,OK,-22.9581073,-43.3877070
234,Instituto Maria Teresa Vieira,IMTV,05.599.313/0001-21,"Rua da Carioca, nº 85",Rio de Janeiro,Metropolitana I,(21) 965610019,oficinadeartemtv@yahoo.com.br,https://faferj.wordpress.com/sobre/,Facebook: https://web.facebook.com/centrodeartemtv / Instagram: https://www.instagram.com/centrodeartemtv/,,-,Privada,Estatuto Social,Em implantação,Terça a Sexta - Tarde e Noite / Sábado - Manhã e Tarde,Gratuito,-,Sim,Artes Visuais,Não,"Maria Teresa Vieira foi a pioneira na inclusão social e na educação inclusiva e ambiental através da arte no Brasil na década de 1950 e, o Centro de Arte Maria Teresa Vieira (IMTV), que atua na área de acervo, galeria de arte, oficinas de arte, eventos (concertos, shows, sarus...)segue a mesma linha conceitual e prática fazendo da arte, um instrumento de sensibilização, auto conhecimento, superação e expressão artística e de vida, dando acesso à arte de forma indiscriminada, porém, por enquanto a acessibilidade física se resume a galeria e salão de oficinas no térreo e ainda não temos banheiros próprios para cadeirantes, o que pretendemos.","""Trata-de do acervo pictórico, iconográfico e documental da artista plástica e arte-educadora Maria Teresa Vieira (1932 - 1998), reunido de seus filhos e sob a guarda do IMTV, que da andamento a projeto de higienzação, seleção, classificação, restauro, digitalização e pesquisa para poder ser aberto ao público no Centro de Arte homônimo. 
O Instituto Maria Teresa Vieira foi formado por admiradores de sua vida, obra e legado, entre artistas, educadores, curadores, historiadores e produtores culturais com o objetivo de preservar e difundir sua obra e legado de arte-educação, bem como dar apoio aos artistas, educadores e estudantes através de projetos.""",Arnaldo Vieira de Alencar - Presidente,05/09/2025,OK,-22.9065711,-43.1799633
235,Museu FAFERJ,-,22.962.597/0001-98,"Praça da Republica , 24 Centro do RJ",Rio de Janeiro,Metropolitana I,21973756483,projetos60maisfaferj@gmail.com,-,https://www.instagram.com/faferjoficial/,-,-,Estadual,Ata,"Aberto, funcionando parcialmente","Segunta, Quarta e Sexta - Manhã",Gratuito,-,Não,Histórico,Sim,O Museu FAFERJ exerce o conceito de Acessibilidade Atitudinal principalmente e tem atenção plena a pessoas com múltiplas deficiências principalmente as que são diagnosticadas com baixa visão (material de leitura adaptado) incentivo de áudio descritivo nas redes sociais e legendas. E as pessoas com dificuldade motora são guiadas e acompanhadas durante as visitas.,"""A FAFERJ surgiu em 1953, com o antigo nome de FAFEG - Federação das Associações de Favelas do Estado da Guanabara, com objetivo de preservação da memória e ativismo dos moradores das favelas do Rio de Janeiro. Ao longo de sua trajetória social e cultural em defesa dos direitos humanos sempre protagonizou a cultura das lideranças de favelas, que através do direito à moradia travou grandes lutas incluindo sob a ameaças da Ditadura Militar.
Na atualidade a instituição resistiu a todas as adversidades e se tornou a FAFERJ - Federação das Associações de Favelas Comunidades e Amigos do Estado do Rio de Janeiro, que tem como principal vertente cultural a formação de lideranças que preservam a memória histórica das associações de moradores de favelas incluindo salvaguardando as manifestações culturais de cada uma. 
Desde o ano de 2023 a FAFERJ iniciou o programa institucional FAFERJ 60+ em comemoração aos 60 anos da instituição e também de valorização das lideranças com mais de 60 anos de idade, que tem história para contar e são a memória viva das Favelas. 
O Museu FAFERJ funciona na sede da instituição e recebe visitas agendadas por grupos de pessoas, a FAFERJ faz parte do Comitê da Pequena África de valorização da memória e Herança Africana da Pequena África, que representa a memória e herança africana de todo o Brasil e o perfil museológico da FAFERJ se constitui na figura das lideranças de favelas, que na antiguidade eram os quilombos.""",Rossino de Castro - Presidente,06/09/2025,OK,-22.9079054,-43.1861103
236,Ponto Cultura Cineclube Assuramaya,-,13.186.361/0001-16,"Estrada BJ 09 Km 10 ,Barra Alegre",Bom Jardim,Serrana,(21)992489772,mabelcaldas@gmail.com,https://fundacaoriodasostrasdecultura.rj.gov.br/,-,-,-,Privada,Ata,"Aberto, funcionando parcialmente",Sábado e Domingo - Manhã e Tarde,Gratuito,-,Sim,Artes Visuais,Não,-,"Surgiu com a necessidade de conservar, preservar e disponibilizar a memória local ",Mabel Caldas - Presidente,06/09/2025,OK,-22.2061080,-42.3797574
237,Museu de Sítio Sambaqui da Tarioba,-,,"Rua Bento Costa Junior, 70, Centro",Rio das Ostras,Baixadas Litorâneas,(22) 2764-1768,politicaspublicas@fundacaoriodasostrasdecultura.rj.gov.br,-,-,-,-,Municipal,Portaria,Aberto,Todos os dias - Manhã e Tarde,Gratuito,-,Sim,Arqueologia,Não,"O Museu possui acessibilidade arquitetônica, com rampa de acesso para cadeirantes e pessoas com mobilidade reduzida, espaço amplo, com iluminação adequada.","""Cadastrado pelo IPHAN, pelo CNSA RJ 00373, o Museu de Sítio Arqueológico Sambaqui da Tarioba, localizado no Centro de Rio das Ostras, preserva uma reserva técnica pré-colonial, com artefatos e material orgânico dos sambaquieiros, gerido pela Fundação Rio das Ostras de Cultura. 
Conforme o contrato n°030/2006 firmado entre a Fundação Rio das Ostras de Cultura e o Instituto de Arqueologia Brasileira - IAB, o sítio Sambaqui da Tarioba foi escavado em 1997, e o Museu aberto dois anos depois, sendo revitalizado no ano de 2003. Atualmente, o Museu é aberto à visitação do público em geral, e recebeu uma visita da UNESCO recentemente, em reconhecimento da relevância histórica do seu acervo. """,Aline Moschen de Andrade - Assistente I,06/09/2024,OK,-22.5262692,-41.9406648
238,IINSTITUTO DE PESQUISA E PRESERVAÇÃO DO PATRIMÔNIO MATERIAL E IMATERIAL DO MATADOURO PÚBLICO DE SANTA CRUZ -,IMASC,46.799.270/0001-05,"TRAVESSA DORNELAS, Nº 8 - SANTA CRUZ ",Rio de Janeiro,Metropolitana I,21982872526,instituto.imasc@gmail.com,www.meukantinho.com.br,@instituto.imasc,-,-,Privada,Estatuto Social,"Aberto, funcionando parcialmente",Quarta e Sábado - Manhã e Tarde,Gratuito,-,Sim,Histórico,Não,"Acessibilidade Universal. Funcionamos em uma sede provisória, uma casa simples com quintal, sem barreiras arquitetônicas, com rampa de acesso, tradutor de libras, psicopedagoga e psicóloga.","Criado em 2019, reúne em seu acervo máscaras do antigo carnaval de Santa Cruz, documentos e fotografias da população que se formou a partir da construção, e inauguração, do Matadouro Público. Vem realizando ações de Educação Patrimonial, exposições, curso de extensão e encontro de História e Patrimônio da Fazenda de Santa Cruz.",Edite Moraes da Costa - Diretor Geral,06/09/2024,OK,-22.9110137,-43.2093727
239,MEU KANTINHO CENTRO DE CULTURA,-,06.283.175/0001-30,"RUA INDIGENA 62, PENHA CIRCULAR",Rio de Janeiro,Metropolitana I,(21) 96424-0488,meukantinho@gmail.com,Sim,Instagram: @meukantinho_Oficial / Facebook: MeuKantinho_Oficial / Youtube: Meu Kantinho Centro de Cultura / Linkedin: MeuKantinho Centro de Cultura,-,-,Municipal,Estatuto Social,"Aberto, funcionando parcialmente",Segunda e Terça - Tarde / Sábado - Manhã,Gratuito,-,Sim,Imagem e Som,Não,"Nossa instituição tem acessibilidade física, com sala térre e banheiro PNE.","""O Meu Kantinho Centro de Cultura fundado em 01 de Maio de 1998, realiza atividades há 26 anos aberto a toda a comunidade. É reconhecido pelo Instituto Brasileiro de Museus (IBRAM) como ponto de memória, na qual certifica que a instituição apoio e desenvolve, programas, projetos e ações de museologia social, pautada na gestão participativa e no vínculo com a comunidade e seu território, visando a identificação, pesquisa e promoção do patrimônio material e imaterial, contribuindo para o reconhecimento e valorização da memória social e brasileira. 

O Meu Kantinho Centro de Cultura é uma instituição sem fins lucrativos, voltado para práticas musicais, sociais, culturais e de memória. Nas oficinas de práticas musicais  atendemos crianças e jovens com aulas de instrumentos de corda, sopro e percussão. Está localizado na Rua Indígena, 62 - Penha Circular - Zona Norte do Rio de Janeiro. A instituição tem como objetivo principal difundir o espírito social, valorização da memória e cultura, descoberta de talentos e o despertar para criatividade, pois em épocas de escolhas de seus caminhos profissionais, os alunos tem como base a música, contribuindo assim, para a inclusão, qualificação social, formação e inserção ao mercado de trabalho artístico e cultural. www.meukantinho.com.br 

O Meu Kantinho Centro de Cultura corresponde a um local de ocorrência de manifestações culturais na qual realiza produções de espetáculos musicais, shows, Lives de chorinho, samba, bossa, jazz e baião, sendo um espaço de lazer comunitário, assim como também, é um atrativo turístico da Região da Leopoldina.  aberto a toda a comunidade.

É um Centro de referência e  resistência da continuidade e práticas musicais do gênero genuinamente brasileiro o """"choro"""", que foi reconhecido em 2024 como Patrimônio Imaterial do Brasil, 

Desenvolvemos no Meu Kantinho o encontro da memória de sua trajetória, percorrendo as figuras do choro e do samba que de alguma forma contribuíram para a continuidade e existência dessa obra, sendo impulsionada em 1998 por Cloves do Violão. Naquela ocasião outros Músicos também acolheram a ideia, amigos e sempre prestigiam  os eventos sociais,  como uma forma de incentivar sua continuidade.

É nosso desejo produzir um catálogo virtual de todo o acervo de partituras, instrumentos musicais, manuscritos, reportagens, disco de Vinil a fim de democratizar o acesso aos documentos e objetos, que tem um valor imaterial para a cultura brasileira.

Todo o acervo exposto na sede do Meu Kantinho, retrata a valorização da cultura, do patrimônio material e imaterial, a história da instituição e sua trajetória contendo fotos das rodas de choro, samba, shows e eventos realizados no Meu Kantinho e pelo fundador Cloves do Violão com músicos como Jamelão, Moreira da Silva, Martinho da Vila, Ataulfo Alves Junior, Áurea martins, entre outros. Memória de Pixinguinha músico e compositor morador de Olaria, família Carrilho que prestigiava os eventos do Meu Kantinho, Dominguinhos do Estácio que sempre marcava presença nos eventos a fim de enaltecer o projeto da escolinha de Música, Dicró músico, compositor e Cantor morador do Bairro da Penha, participava das atividades também com o objetivo de manter vivo o espaço para o futuro das gerações musicais, reconhecendo a sua importância da inclusão social e cultural,  a formação de músicos e novos talentos da cultura brasileira. Nesse contexto o Meu kantinho representa a luta e resistência de pessoas que fomentaram esse movimento social e cultural originado no Bairro da Penha Circular.

O Meu Kantinho também é detentor do acervo do sambista Moreira da Silva, criador do samba de breque e muito popular no Brasil a partir dos 1930 e homenageado até hora no mundo da música, especialmente do samba nascido no Rio de Janeiro. Além disso, na instituição colecionamos mais de 200 discos de vinil de diversos músicos de samba, MPB e do choro tais como: Jamelão, Cartola, Beth Carvalho, Candeia, João Nogueira, Jacob do Bandolim, Chapéu de Palha, entre outros. No acervo geral contem mais de 500 ítens entre peças relíquias, livros, fotos, documentos, revistas, recortes, enciclopédias, fita cassete, músicas inéditas de composição de Cloves do Violão (fundador do Meu Kantinho) e partituras musicais.

O Meu Kantinho fomenta a gestão participativa na prática de suas ações, a fim de engajar e criar o senso de pertencimento, toda a equipe e parceiros são convidados a participar coletivamente da criação, planejamento e execução das ações,  fortalecendo o desenvolvimento sustentável, a economia solidária e o compartilhamento dos resultados alcançados.

Cordialmente,

Alessandra Clovis""",Alessandra Carla da S. Clovis de Oliveira - Presidente,08/09/2024,OK,-22.9110137,-43.2093727
240,Museu Ferroviário de Areal-Estação Alberto Torres,-,-,Av. Jorge Luis dos Santos 670,Rio de Janeiro,Metropolitana I,(24)22579762,afpf.rj@gmail.com,https://www.eavparquelage.rj.gov.br/,-,-,-,Municipal,Decreto,Em implantação,Quarta a Doming - Manhã,Gratuito,-,Sim,Histórico,Sim,"O museu está em fase de adequação e no momento conta com medidas de acesso como rampas , banheiro para PCD, porém, ainda necessita de investimento para placas em braile, piso tátil entre outras medidas que garantam maior democratização de acesso amplo ao público PCD.","""O Museu Ferroviário de Areal-Estação Alberto Torres é uma iniciativa recente da Prefeitura de Areal em parceria com a AFPF-Associação Fluminense de Preservação Ferroviária, que através de alguns trabalhos , conseguiu reunir um pequeno acervo com peças e documentos que contam a história da ferrovia , a importância da Estação de Alberto Torres nesse contexto histórico para o desenvolvimento regional e do país como um todo, através e principalmente do escoamento de grãos de café que impulsionaram a Brasil no século XIX, após o declínio da exploração do ouro.
A AFPF surgiu em 1999, possui 24 anos de trabalho na área de preservação da memória ferroviária no Estado do Rio de Janeiro, conta com a participação de membros ligados a Ferrovia, tais como engenheiros ferroviários, metroviários,professores universitários , pesquisadores, museólogo,historiadores , geógrafo entre que outros  que atuam em diversas cidades realizando projetos e fomentando à educação patrimonial,  à cultura e tem como objetivo  também  alavancar o turismo ferroviário no Estado do Rio de Janeiro.
A Estação conta com o projeto Cidadania que envolve alunos da rede pública para incentivar o conhecimento a cerca do tema e também com eventos periódicos como Café na Estação, organizados pela AFPF com o apoio da Prefeitura ,promovendo encontros de ferroviários e ex- ferroviários, palestras e visitações de escolas da rede municipal de ensino na Estação Museu,onde realizam oficinas entre outras atividades, todas voltadas para memória ferroviária, identidade e preservação.
O Museu além de todos esses contextos mencionados , ajuda a preservar não só o patrimônio imaterial mas também o patrimônio material e a sua sede,que mantém sua originalidade o que torna o local ainda mais atrativo e de grande relevância para a história do Estado do Rio de Janeiro ,além de contribuir também para a identidade do Brasil contando um pouco de seu processo de desenvolvimento.""",Marcelle de Souza Sales - Assessora de Projetos,09/09/2024,OK,-22.9110137,-43.2093727
241,Escola Museu - Escola de Artes Visuais do Parque Lage,-,-,"Rua Jardim Botânico 414 - Jardim Botânico, Rio de Janeiro - RJ, 22461-000",Rio de Janeiro,Metropolitana I,(21) 2216-8505,ouvidoria@eavparquelage.org.br,-,https://pt-br.facebook.com/eavparquelage/,"https://www.instagram.com/parquelage/ 
https://www.youtube.com/c/CanalEAVParqueLage",-,Estadual,Não existe documentação de criação do museu,"Aberto, funcionando parcialmente",Segunda a Sexta - Manhã e Tarde,Gratuito,-,Sim,Artes Visuais,Sim,"Escola Museu funciona dentro da Escola de Artes Visuais, um espaço que contém rampas de acessibilidade para cadeirantes, banheiro adaptado e plataforma elevatória acessível.","Escola Museu  abriga acervos ligados às Artes Visuais Contemporâneas, de diferentes tipologias como fotografias, esculturas, gravuras e documentos históricos. Os documentos em questão, contam a história da Escola de Artes Visuais do Parque Lage, instituição de ensino da arte com mais de 50 anos de existência",Maria Helena Cardoso de Oliveira - Coordenação Acervo Museológico/Centro de Documentação e Pesquisa Memória Lage/Educativo/,09/09/2024,OK,-22.9612329,-43.2130957
242,Centro de Memoria Som que transforma,-,53.007.833/0001-40,Estrada de Pau Grande 215,Rio de Janeiro,Metropolitana I,(21) 987716880,projetosomquetransforma@gmail.com,-,,-,-,Publico-privada,Não existe documentação de criação do museu,Em implantação,Terça e Quinta - Manhã e Tarde,Gratuito,-,Sim,Outros,Não,temos rampa de acesso e banheiro acessível.,"""Somos um projeto social que atende a crianças a adolescentes carentes, por inciativa doas alunos estamos implementando a criação de um centro de memória, tendo em vista a relevância do bairro de Pau Grande como patrimônio imaterial do estado do RJ, bem como o local de nascimento do grandioso Mané Garrincha.
Dai surgiu a necessidade da criação de centro de memorias, já estamos catalogando os materiais, e relatos dos moradores locais.""",Camila Ferreira Portes Lopes - Presidente,10/09/2024,OK,-22.5868760,-43.1851049
243,Museu casa de Santos Dumont,MCSD,-,"Rua do Encanto, número 22, Centro.",Petrópolis,Serrana,(24) 22475222,casasantosdumont@gmail.com,-,Instagram: casasantosdumont,-,-,Municipal,Decreto,Aberto,Terça a Sábado - Manhã e Tarde,R$1 a R$ 10,Crianças de 0 a 7 anos; idosos a partir de 80 anos; PcD;,Sim,Histórico,Não,"Rampas, descritivos em braile, maquete tátil e elevador.","O Museu Casa de Santos Dumont abriga a única residência planejada por Alberto Santos Dumont no Brasil. A Encantada, como foi nomeada pelo inventor em 1918, é um prédio de três andares em estilo de chalé alpino encravado em terreno íngreme. Após sua morte, o espaço foi utilizado como escola para a comunidade local e buscava promover a inclusão de deficientes visuais. A partir de 25 de setembro de 1956, a casa foi cedida a Prefeitura Municipal de Petrópolis, e tansformada em museu.",Daniel da Cruz Beatriz - Subcoordenador,10/09/2024,OK,-22.3880004,-43.1752593
244,"CasaDuna - centro de arte, pesquisa e memória de Atafona",-,41429582000103,"RUA DOUTOR LUIZ GONZAGA PAIVA MUNIZ, 500, Grussaí",São João da Barra,Norte Fluminense,(21) 988023921,casaduna.org@gmail.com,-,-,-,-,Privada,Estatuto Social,"Aberto, funcionando parcialmente",-,Gratuito,-,Sim,Imagem e Som,Não,"A proposta que desenvolvemos atualmente com o Museu Ambulante é funcionar como um instrumento pedagógico de produção de memória e de registro das narrativas criadas no encontro da comunidade com o acervo que chega nos espaços públicos com a estrutura, se apropriando desses espaços e intervindo neles. Ela literalmente rompe as paredes dos espaços expositivos tradicionais com um projeto simples e inovador. Com o grupo de arte-educadores do Grupo Erosão, levamos as atividades de museologia para as praças, praias e ruas da comunidade, montando coletivamente as exposições, sempre interativas e diferentes, conforme as histórias são narradas nos encontros com as imagens. Podemos identificar na proposta ações de acessibilidade física, comunicacional, atitudinal e urbana, levando em conta também as deficiências do transporte público local, pois o projeto do Museu Ambulante foi idealizado e produzido pela CasaDuna e pelo Grupo Erosão levando em conta estas realidades territoriais. ","Desde o início de nossas atividades com a ""CasaDuna - centro de arte, pesquisa e memória"", em 2017, e devido à própria natureza instável do território, já ocupamos diferentes espaços físicos para realizarmos exposições e atividades educativas com a comunidade e com os agentes culturais. Atualmente, estamos com o foco na proposta de um Museu Ambulante que leva a experiência do museu com acervo organizado para comunidades que não possuem o habito de frequentar os espaços tradicionais de educação museal. Habitamos uma área de intensa erosão costeira que já teve boa parte de seu território ocupado levada pelo mar. Trabalhamos com educação ambiental, museologia social, produção de arquivo visual e de memoria oral, pesquisa acadêmica e artes transversais de modo a fortalecer o vínculo territorial e a qualidade de vida da comunidade ribeirinha local, impactada pela gestão hídrica nacional ao longo do rio Paraíba do Sul.",Julia Naidin - Direção,12/09/2024,OK,-21.7649506,-41.0961685
245,ESCOLA DE ARTES E OFÍCIOS ZANINE,-,-,ESTRADA DA USINA 600,Armação dos Búzios,Baixadas Litorâneas,(022)23506018,escoladearteseoficioszanine@gmail.com,-,-,-,-,Municipal,Decreto,Aberto,Segunda a Sexta - Manhã e Tarde,Gratuito,-,Sim,Artes Visuais,Não,A ESCOLA DE ARTES E OFÍCIOS ZANINE É UM ESPAÇO DE EXPOSIÇÕES E OFICINAS DE ARTE E ATENDE A TODOS OS PÚBLICOS DE FORMA GRATUITA E DEMOCRÁTICA. PORÉM NECESSITANDO DE ADEQUAÇÕES FUTURAS NO ESPAÇO.,"A Escola de Artes e Ofícios Zanine foi inaugurada como decreto em 2016 e o prédio é obra deJosé Zanine Caldas (1919-2001) que foi um dos designers brasileiros mais originais. Criador de maquetes e arquiteto autodidata, em 1949 Zanine fundou em São Paulo a “Móveis Artísticos Z”, empresa pioneira no design de móveis modernos de madeira compensada no Brasil. No final da década de 1960, de volta ao seu estado natal da Bahia, começou a produzir as peças que ele chamava de “móveis-denúncia”: uma abordagem mais básica de esculpir móveis a partir de grandes pedaços de madeira, com forte preocupação ambiental.",Pilar Soares Pozes - Professora de Arte e Cultura/ArteEducadora,11/09/2024,OK,-22.7584879,-41.8860750
246,Ponto de Memoria Associação Cultura Bantu Brasil,-,08.011.368/0001-67,Rua Francisco Sergio 74,Silva Jardim,Baixadas Litorâneas,(22)981770085,abantubrasil@gmail.com,-,-,-,-,Federal,Portaria,"Aberto, funcionando parcialmente",-,Gratuito,-,Sim,Outros,Não,O espalço precisa de reforma e adequação urgentes. É uma casa antiga que tem mais 5 anos,"""Nossa  entidade cultural apoia ou desenvolve programas,projetos e ações de museologia social, pautadas na gestão participativa e no vínculo com a comunidade e
seu território, visando à identificação, registro, pesquisa, difusão e promoção do patrimônio material e imaterial, contribuindo para o reconhecimento e valorização da memória social brasileira. Atua em rede junto a outro pontos de memoria das regiões Serrana e Baixadas Litorâneas""",Sem Nome - Cogestora do Ponto de Memoria,13/09/2024,OK,-22.5687871,-42.3915444
247,Museu do Dinheiro da UFRJ Macaé - Mu$eu,Mu$eu,,"Av. Aluizio da Silva Gomes, 50 - Granja dos Cavaleiros - Macaé /RJ - CEP: 27930-560",Macaé,Norte Fluminense,(22) 99909-0709,museudodinheiro@macae.ufrj.br,https://sites.google.com/view/museudodinheirodaufrjmacae/home,-,-,-,Federal,Ata,Aberto,Quarta - Manhã e Tarde,Gratuito,-,Sim,Outros,Não,"Rampa de acesso, cadeira de rodas, piso sem desnível, estacionamento privativo para idoso e PcD, acesso prioritário",Exposições mediante agendamento de painéis e estojos temáticos de cédulas e moedas antigas e originais para escolares e público em geral.,Marcelo Brandão Araújo - Curador,13/09/2024,OK,-22.2828305,-41.9649091
248,Museu da Memória Negra de Petrópolis,MMNP,-,"Rua Montecaseros, 172, Centro",Petrópolis,Serrana,(21) 96750-5049,filipe.graciano.neves@gmail.com,https://museudamemorianegradepetropolis.com/,-,@museumemorianegrapetropolis,-,Privada,Estatuto Social,"Aberto, funcionando parcialmente","Quinta, Sexta e Sábado - Manhã e Tarde",Gratuito,-,Sim,Virtual,Sim,"adequações de comunicação; eliminação de barreiras de fruição, de acesso à informação e aos conteúdos; e a eliminação de barreiras atitudinais, por meio de sensibilização e do convívio com as diferenças;","""O Museu da Memória Negra de Petrópolis é uma organização comprometida em resgatar, preservar e disseminar a cultura afro-brasileira, focando na memória negra da cidade de Petrópolis. Fundado como um coletivo dedicado a criar um acervo público que valorize as contribuições de mulheres e homens negros, o Museu busca reivindicar narrativas e promover ações identitárias e representativas para a população afro-petropolitana. Nossa atuação denuncia o apagamento histórico das memórias negras e destaca a importância dessa herança para a identidade local no lugar de protagonismo.
Em um contexto onde a narrativa histórica de Petrópolis é contada a partir dos colonos europeus, a contribuição africana e afro diaspórica sofreu um longo processo de apagamento e exclusão. O Museu da Memória Negra trabalha para reverter esse cenário, promovendo o reconhecimento e a valorização da memória negra e suas influências na cidade. Através de exposições, eventos culturais e ações educativas, o Museu fortalece a identidade afro-brasileira, gera renda e dissemina práticas antirracistas nas comunidades.
Nosso bem cultural maior em acervo é a memória negra, onde através de diferentes formas de registros, narramos memórias de pessoas negras as colocando como protagonistas de uma história de cidade, de modo a preservar, valorizar e transmitir diferentes modos de conhecimentos, práticas, tradições, e experiências relacionadas à história e cultura dos povos negros de nossa cidade. Essa memória abrange elementos tangíveis, como artefatos, monumentos e documentos históricos, e intangíveis, como tradições orais, músicas, danças, e práticas religiosas.
Como um bem cultural, a memória negra é fundamental para a construção da identidade e da diversidade cultural de uma sociedade, e sua preservação nas comunidades da cidade é essencial para garantir que as histórias e contribuições dos povos negros sejam reconhecidas, respeitadas e transmitidas para as futuras gerações.""",Filipe Graciano Neves - Diretor,13/09/2024,OK,-22.5073681,-43.1883604
249,União Valenciana para Preservação Ferroviária,UVAFER,26.397.680.000.112,Praça Paulo de Frontin 137-A,Valença,Médio Paraíba,(24) 99201-7780,uvafermemoria@gmail.com,Não possui,UVAFER,@uva.fer,-,Privada,Estatuto Social,Em implantação,"Todos os dias - Manhã, Tarde e Noite",Gratuito,-,Sim,Histórico,Sim,"Essa etapa está sendo concluída até dezembro 2024, onde todo o local estará adaptado para receber todos os públicos.",""" O Projeto é uma inciativa da UVAFER- União Valenciana para Preservação Ferroviária, Instituição criada com objetivo estatutário de preservar e resgatar a História ferroviária e por meio dela desenvolver trabalhos culturais e educacionais, fomentando com isso o turismo e a Economia do munícipio.  
Seguindo essas perspectivas, a UVAFER em Valença -RJ, através de diversas iniciativas, está aos poucos recuperando a Praça dos Ferroviários – Canteiro Nestor de Andrade Ribeiro em Valença- RJ, processo que se encontra em fase final, e com isso recuperou para a cidade parte de seu Patrimônio Ferroviário; três carros de passageiros (dois de primeira classe e um de segunda classe) que foram fabricados nos galpões da Rede Ferroviária em Valença entre 1969 e 1971, uma Locomotiva Baldwin 262  ano 1924 e um tender  e que atualmente fazem parte do acervo da UVAFER.  Esse acervo físico já está quase todo recuperado pela UVAFER, faltando poucas adaptações de acessibilidade e adequações às normas do INEPAC, uma vez que, o acervo está instalado na Praça dos Ferroviários que é tombada pelo referido órgão e compõe um importante quadrilátero ferroviário. A UVAFER ainda tem em sua sede várias peças de acervo ferroviário, que em breve será também disponibilizado ao público. 
 O acervo se encontra em exposição e recuperação na praça e as adaptações no acervo estão sendo concluídas. A Instituição pretende mantê-los como Museu ferroviário a céu aberto, seguindo em alguns aspectos o exemplo o de Corinto em Minas Gerais. Pretende utilizar ainda como ferramentas Culturais, realizando projetos de educação, inclusão e cultura, destacando o pertencimento e a identidade da região, além de transformar um desses carros de passageiros em uma ferramenta cultural imersiva, em forma de “simulador digital” para contar de forma lúdica, porém, cultural educativa a história das ferrovias no município e região, dando ênfase ao Vale do Café e o processo de industrialização de Valença, pois a chegada da indústria foi vista como uma alternativa econômica para a cidade após a decadência do café, o principal produto da economia brasileira no século XIX e de produção destacada no Vale do Paraíba fluminense. O deslocamento da produção cafeeira do Vale fluminense para o chamado Oeste Paulista, processo que se dá a partir da segunda metade do século XIX, repercutiu fortemente em cidades como Valença e Vassouras – as maiores produtoras da região, portanto, é de grande importância para o Estado do Rio de Janeiro em especial Valença e região ter parte dessa História  e acervo preservados .""",Marcelle de Souza Sales - membro  da UVAFER- assessoria de projetos culturais,17/09/2024,OK,-22.2474270,-43.7073408
250,MINI MUSEU DINHEIRO NO TEMPO,MMD,-,Rua Rita de Jesus 2 Bairro Santa Amália,Vassouras,Centro Sul,(21) 99726-1374,contato.colecionadormirim@gmail.com,-,@colecionadormirim,@dinheironotempo_paracriancas,-,Privada,Não existe documentação de criação do museu,Em implantação,Segunda a Sexta - Manhã e Tarde,Gratuito,-,Sim,Histórico,Não,"O Museu é Itinerante, portanto não tem um espaço fixo, sua estrutura se desloca até os ambientes de convivência interessados na experiência, especialmente escolas, os quais pressupõe-se a existência das adequações físicas ao público infantil. Os objetos são dispostos e oferecem o maior acesso possível das crianças, inclusive possibilitando a possibilidade de visualização próxima e toque nas experiências oferecidas. O serviço de guia oferecido, em formato de contação de história, também prevê a inclusão de crianças com limitações, tendo o projeto contado com assessoria pedagógica especializada, em sua construção.
Desde a sua criação, em 2021, o MINI MUSEU ITINERANTE DINHEIRO NO TEMPO tem se apresentado em importantes experiências, tendo o livro que lhe serve de roteiro sido premiado como Livro do Ano pela Sociedade Numismática Brasileira, entidade centenária, e seu projeto também premiado na Lei Paulo Gustavo pelo Município de Vassouras, em 2023, onde vem se apresentando em escolas da rede pública e privada e também em espaços culturais da cidade, já tendo construído um significativo portfólio.
Na fase atual, o objetivo do MINI MUSEU é consolidar sua estrutura e plano museológico de forma a oferecer uma experiência mais enriquecedora, de melhor entendimento, com maior mobilidade, abrangência e disponibilidade ao público, especialmente infantil, na faixa etária de 8 a 12 anos e respectivos educadores.","""O MINI MUSEU ITINERANTE DINHEIRO NO TEMPO  é fruto da rica experiência museológica de sua criadora, Telma Cristina Soares Ceolin, e tem o propósito de levar ao público escolar infantil uma experiência cultural e educativa inédita e vibrante sobre a história do dinheiro e a importância desse conhecimento na formação infantil, por meio dos objetos históricos e da linguagem museográfica. Publicitária especializada em Comunicação nas Instituições Públicas - Escola de Comunicações e Artes da Universidade de São Paulo - ECA/USP, servidora pública aposentada do Banco Central do Brasil, atuou nas áreas de produção gráfica, arte-final e diagramação, planejamento, documentação, patrimônio, arquivo histórico e comunicação social e dirigiu o Museu de Valores do Banco Central, em Brasília - DF, sendo responsável por uma das mais importantes coleções numismáticas e de arte moderna, da América Latina. Atuando em projetos educativos, e na produção de exposições, eventos e estudos museológicos sobre história monetária no Brasil e no exterior, interagindo  com museus correlatos no México, EUA, Portugal, Espanha, Alemanha, Bélgica, Inglaterra, Holanda e China, decidiu construir e disponibilizar um roteiro que possibilitasse o compartilhamento das vivências de forma que pudessem ser transportadas e apresentadas em locais, mesmo que distantes, democratizando o acesso do público infantil e respectivos educadores aos temas propostos. 
Autora e coordenadora de publicações educativas e históricas sobre o tema, tais como """"500 Anos do Dinheiro no Brasil"""", Editora Itaú Numismática; """"Dinheiro no Brasil, Bacen; """"O Dinheiro Brasileiro - desde a criação do Banco Central do Brasil"""",  Editora do Senado Federal , a versão brasileira da Série infantil Cartilhas Educativas, Banco Central da Venezuela, cartilha infantil """"Caça ao Tesouro - uma aventura numismática"""", idealizou e produziu os textos da exposição """"Dinheiro, pra quê dinheiro?"""", promovida pela Associação Amigos do Museu de Valores em 2018, cujo conteúdo e painéis foram incorporados ao projeto ARTE MIRIM DINHEIRO NO TEMPO - para crianças, materializado no presente MINI MUSEU ITINERANTE DINHEIRO NO TEMPO.""",Telma Cristina Soares Ceolin - Diretora,24/09/2024,OK,-22.4093928,-43.6609318
251,MUSEU DOS BATE-BOLAS (CLÓVIS) E ORIGINALIDADES DO CARNAVAL DO RIO DE JANEIRO,-,-,"RUA HOMERO PRATES, 42 - CASA 1 - GUADALUPE",Rio de Janeiro,Metropolitana I,(21) 96889-3935,marceloindioll19@gmail.com,https://www.youtube.com/watch?v=I6HpBbWit0g,-,@marceloindiooficial,-,Privada,Não existe documentação de criação do museu,Em implantação,Quarta a Sexta - Manhã e Tarde / Sábado de Manhã,R$1 a R$ 10,"Sim, deficientes físicos, autistas, crianças até 12 anos e idosos",Sim,Histórico,Não,o espaço ainda está em construção,"Estou desde 2005, coletando um acervo que conta com peças únicas da década de 1940 , 1950 , 1960 até os dias atuais. Formas de máscaras antigas do carnaval carioca e que nunca foram expostas ao público. Faço pesquisas e trabalho de campo desde 2005 e tenho mais de 3000 fotografias de fantasias de bate-bolas e originalidades. Ajudei a fazer pesquisas na PUC-RIO, com Nilton Gamba. Fiz palestra na PUC e INEPAC sobre o tema dos bate-bolas e carnaval de rua. Estou adquirindo peças únicas do Sr. Armando Valles, escultor que faleceu em 2007 , que fazia máscaras de carnaval de políticos e de bate-bola da extinta fábrica em São Gonçalo. No acervo tenho mais de 300 formas de máscaras do Sr. Armando Valles.",MARCELO RODRIGUES DA SILVA - Diretor,30/09/2024,OK,-22.9110137,-43.2093727
252,Museu dos Brinquedos,-,47.764.781/0001-54,"Av Barão de Amazonas, 25 Centro Histórico ",Petrópolis,Serrana,(21) 98941-7588,museudosbrinquedosrj@gmail.com,-,-,@museudosbrinquedosrj,-,Privada,Não existe documentação de criação do museu,Aberto,Todos os dias - Manhã e Tarde,R$10 a R$20,"Têm direito a meia entrada crianças e jovens de 6 a 21 anos, estudantes, professores, PCDs e seus acompanhantes, e maiores de 60 anos. Crianças até 5 anos e aniversariantes têm gratuidade.",Sim,Imagem e Som,Não,Acessibilidade parcial,"""Sediado na cidade de Petrópolis-RJ, O Museu dos Brinquedos foi o primeiro do tipo fundado no Estado do Rio de Janeiro. Foi criado pelo colecionador carioca Marcos Paulo Almeida em abril de 2021, que por ser apaixonado pelo passado e pelas emoções que ele desencadeia, teve a ideia de criar um museu do qual todos se sentem parte, oferecendo ao público em geral várias camadas de experiência a partir dos brinquedos, promovendo uma dinâmica de encontros e memórias. O acervo contém cerca de 3.000 brinquedos e objetos desde a década de 40 até os anos 2000, e o museu possui salas temáticas dedicadas ao Futebol, Eletrônicos e Videogames - com 5 máquinas onde os visitantes podem jogar clássicos de época. O Museu dos Brinquedos conta com loja de souvenirs, doces, gibis e brinquedos. Oferecemos Wi-Fi para o público. Aberto todos os dias da semana, inclusive feriados.""",Ana Letícia Rivero - Curadora,03/10/2024,OK,-22.3880004,-43.1752593
253,Oficina Escola Naval Mestre Harildo,-,-,Avenida Alfredo Dante Fassini s/n - Prainha,Arraial do Cabo,Baixadas Litorâneas,(21) 97496-7770,oficinescolanavalmestreharildo@gmail.com,-,-,@oficinescolanavalmestreharildo,-,Privada,Não existe documentação de criação do museu,Em implantação,Todos os dias - Manhã e Tarde,Gratuito,-,Sim,Outros,Sim,Mestre Harildo é cego e ele ensina a esculpir e a conservar com materiais de medição e instrumentos próprios para a leitura tátil. Ele conta as histórias da pesca e das embarcações na medida em que ensina e a partir das canoinhas esculpidas. Fazemos a documentação em áudio e vídeo para exposição e pesquisa.,"A Oficina Escola Naval Mestre Harildo presente e aberta em Arraial do Cabo, Rio de Janeiro, Brasil, tem o objetivo de contribuir para a educação brasileira, por meio da troca de saberes entre a comunidade, estudantes, visitantes e o educador popular, o mestre Harildo, no aprendizado da carpintaria naval e do nautimodelismo, nas atividades de conservação das canoas artesanais em atividade, declaradas patrimônio histórico e cultural municipal (Lei 2.318/2021). A Oficina é um museu comunitário, lugar de convivência com os mais velhos, suas memórias e saberes. O estudante, o participante e o visitante vivem o território, onde o ambiente cultural é vivo, e a dimensão social do uso da memória pela comunidade pode se dar. Proteção à pesca artesanal da Prainha e seus rituais, pescadores, artesãos e artefatos nesse espaço de conservação das canoas e de exibição e vivência da arte popular brasileira. Em 2023, no mês de julho, a Oficina Escola Naval Mestre Harildo foi certificada como Ponto de Memória pelo Instituto Brasileiro de Museus – IBRAM/Ministério da Cultura.",Fernanda Garcia Camargo - Gestão,14/10/2024,OK,-22.9307280,-42.1878531
254,Nova Friburgo Country Clube,NFCC,30.552.731/0001-00,"Av. Conselheiro Julius Arp, 140 - Centro",Nova Friburgo,Serrana,(22) 2522-9552,contato@nfcc.com.br,www.nfcc.com.br,NovaFriburgoCountryClube,@nfcountryclube,-,Privada,Estatuto Social,"Aberto, funcionando parcialmente","Todos os dias - Manhã, Tarde e Noite",Gratuito,-,Sim,Histórico,Não,"Adequações físicas: acessibilidade nas alamedas e banheiros PCD; Comunicacional: textos por escrito e reproduzidos em áudio, acesso à informação; Atitudinal: recepção de público plural.","""O Nova Friburgo Country Clube é um dos mais belos clubes privados do país. Além de beleza e tradição, abrigamos um patrimônio histórico de relevância nacional. 
A propriedade foi construída em 1860 para ser residência de campo de Antonio Clemente Pinto, o Barão de Nova Friburgo. Foi denominada de Chácara do Chalet, em menção à casa sede projetada pelo arquiteto Gustav Waehneldt em arquitetura de chalé e rodeada por jardins de autoria do paisagista francês Auguste Glaziou. 
Com a morte do Barão, a propriedade foi herdada por seu filho mais velho, o Conde de São Clemente, ficando conhecida como Parque São Clemente. Após pertencer a quatro gerações da família Clemente Pinto, a propriedade foi adquirida pelo empresário Eduardo Guinle, em 1913, sendo uma parte dela vendida ao Nova Friburgo Country Clube, em 1957. Neste mesmo ano, a parte central da propriedade - constituída por lagos, jardins e a casa, foi tombada pelo Instituto do Patrimônio Histórico e Artístico Nacional (IPHAN).""",Vanessa Cristina Melnixenco - Historiadora,24/10/2024,OK,-22.2898683,-42.5389665
255,Fundação Dom João VI,FDJVI,25.51.499/0001-04,"Praça Getúlio Vargas, 71 - Centro",Nova Friburgo,Serrana,(22) 2533-1359,ndigital@djoaovi.com,djoaovi.com,fundacaodjoaovi,fundacaodjoaovi,-,Municipal,Lei,Aberto,Todos os dias - Manhã e Tarde,Gratuito,-,Sim,Histórico,Não,"Adequações físicas: rampa de acesso e banheiro PCD; Comunicacional: textos escritos, vídeos legendados, visita-guiada e acesso à informação; Atitudinal: recepção de público plural.","""Instituição pública, a Fundação D. João VI foi criada em 29 de dezembro de 2009. Sua missão é preservar e difundir a história de Nova Friburgo e região. Para isso, divide-se nas seguintes funções:

Arquivo Pró-Memória:
Em funcionamento desde 1986, seu acervo é composto por 85 metros lineares de documentos textuais, bem como amplo material audiovisual, iconográfico, cartográfico e micrográfico, referentes ao período do século XVIII aos dias atuais. 

Núcleo de Desenvolvimento Digital:
É o responsável pela digitalização do acervo físico e sua disponibilização online. Isto quer dizer que a nossa base de dados pode ser acessada de qualquer lugar e a qualquer hora! Que tal se aventurar pelo passado de Nova Friburgo? É só acessar nosso site: djoaovi.com. 

Departamento de Patrimônio Histórico, Artístico e Cultural:
Propõe e acompanha políticas e ações de valorização e proteção do patrimônio cultural (material e imaterial) de Nova Friburgo, através do qual foram tombados 151 imóveis do município. 

Programa de Educação Patrimonial:
Como aproximar os friburguenses de sua história? É a partir desta pergunta que esse programa projeta suas ações. Nosso papel é atuar junto à população, coletando fragmentos de memórias, produzindo e partilhando conhecimento e experiências, para despertar o cuidado e a valorização de nossas heranças culturais.

Departamento de Gestão de Projetos:
Produz conteúdo exclusivo através de consultoria, grupos de estudo, seminários e publicações, como o CD-ROM “Sertões do Macacu: Guia do Patrimônio Documental da Região do Centro Norte Fluminense” e o livro “Nova Friburgo 200 anos”, realizado através da Lei de Incentivo à Cultura. """,Vanessa Cristina Melnixenco - Professora de História,24/10/2024,OK,-22.2803451,-42.5328443
256,Museu do Lápis,-,-,Museu Virtual,Rio de Janeiro,Metropolitana I,(21) 97030-1143,museudolapis@gmail.com,https://linktr.ee/museudolapis,,https://www.instagram.com/museudolapis/,-,Privada,Não existe documentação de criação do museu,Aberto,"Todos os dias - Manhã, Tarde e Noite",Gratuito,-,Sim,Outros,Não,"Em se tratando de um museu independente que opera por meio de projetos, tentamos ao máximo desenvolver ações não excludentes ou que visibilizem todos os públicos igualmente. A exemplo das pessoas com deficiencias, sempre que viável criamos conteúdos digitais em Libras e audio descrições, bem como estimulamos a participação de pessoas cegas ou com deficiência em nosso projetos, enquanto protagonistas. Nossas ações explicitam cada uma das ações mencionadas.","""O Museu do Lápis é um e-museu, que se materializou enquanto uma
iniciativa de memória. Ele é formado antes de tudo do desejo de museu. Enquanto o acervo material do Museu do Lápis é formado por uma coleção de lápis, principalmente, os de museus; o acervo imaterial vem sendo constituído por memórias afetivas disparadas
por este objeto ordinário e igualmente extraordinário, que historicamente
compreendemos como uma das ferramentas atemporais mais poderosas do
mundo. Essas memórias são registradas e socializadas em distintos projetos,
a exemplo da websérie Narrativas Extraordinárias do Lápis e do projeto
Museus das Nossas Memórias.

Entre os fatores para a criação deste do museu destacamos os 18 anos de experiências de seus gestores atuando em espaços culturais e museus; o desejo detes em prol de agirem ativamente, no campo cultural, museal e patrimonial. Do lusco fusco veio a luz! Conhecemos muitas pessoas e estabelecemos
parcerias. Juntas trabalhamos em projetos independentes.
Conscientes das muitas possibilidades geradas pela reflexão do quão
extraordinário é um único lápis, desenvolvemos projetos a partir dos eixos:

➢ Educação em Artes, realização de oficinas direcionadas às artes visuais
(e outras ações interconexas) demonstrando o poder de transformação
sociocultural propiciado por um único lápis.
➢ Usos consciente, direcionados por temas como: redução de impactos e
compensação ambiental; uso consciente de recursos e minimização de danos
da produção de lápis, o que inclui reflorestamento e descarte de resíduos.
➢ Memórias, tem como projeto piloto o “Narrativas Extraordinárias do Lápis”,
e o “Museus das Nossas Memórias”, ambos premiados por editais Secretaria
de Cultura e Economia Criativa do Rio de Janeiro.
➢ Letramento, aborda questões em torno dos temas letramento,
analfabetismo e alfabetização, gerado a partir da discussão da presença do
lápis como instrumento destes processos.
➢ Diálogos críticoreflexivos, abordagens transversais ao lápis. No geral
é composto por ações educativas como visitas, palestras, encontros
críticos gerados por assuntos que nos despertam inquietação.""",Anatacha Sczesny Lochi - Idealizadora e Gestora,18/12/2024,OK,-22.9110137,-43.2093727
257,Museu Bajubá,-,47.077.511/0001-75,"Rua Evaristo da Veira, 47/902",Rio de Janeiro,Metropolitana I,(21) 99797-8674,museubajuba@museubajuba.org,https://museubajuba.org,@museubajuba,@museubajuba,-,Privada,Estatuto Social,Aberto,"Todos os dias - Manhã, Tarde e Noite",Gratuito,-,Não,Histórico,Não,Temos plugin que facilita a comunicação com PCD,"Trata-se de um museu comunitário virtual - museu de território. Criado em 12 de junho de 2020, em junho de 2021 fez a sua abertura. Em agosto doesmo ano inaugurou a primeira exposição - Cintilando e causando frisson, 140 anos de nascimento de João do Rio, quando obtivemos o selo de reconhecimento do Ibram. Realizamos 3 exposições e um roteiro virtual. Temos participado da semana de museus e da primavera de miseus, com debates, guiamentos e minicursos. Estamos em véspera da inauguração de nossa quarta exposição - sobre os 60 amos do show Les Girls.",Rita Rodrigues - Presidenta,18/12/2024,OK,-22.9110137,-43.2093727
258,Museu Ìyá Obá Biyí,M.Obá,157.620.67/0001-30,"Av. Éverton Xavier, 2392, Itaipu",Niterói,Metropolitana III,(21) 98611-2740,contato@aganjuixola.com.br,https://candomblesnoriodejaneiro.wordpress.com/,,@aganjuixola,-,Privada,Ata,Em implantação,Sábado e Domingo - Manhã e Tarde,Gratuito,-,Sim,Outros,Sim,O Ilê Axé Agaju Ixolá está em processo de tornar todos os caminhos acessíveis a todos os públicos em sua diversidade. O espaço está em adaptação a caminho de concretizar tal caminhos de acessibilidade.,"""Um dos fundamentos do candomblé é o respeito, saudação e reverência aos ancestrais, assim o Babalorixá do Ilê Axé Aganju Ixolá, Maurício Obá Guerê, funda o Museu Mãe Aninha Obá Biyí (M.Obá) em memória de uma das mulheres mais importantes do candomblé carioca, Mãe Aninha Obá Biyí.

Mãe Aninha (1869-1938) fundou as casas de candomblé Opô Afonjá no Rio de Janeiro, em 1886, e Opô Afonjá em Salvador, em 1910. Mãe Aninha lutou ativamente para a segurança do culto das religiões afro-brasileiras, luta essa que continua em todos que descendem de seu axé. 

Em face ao crescente racismo religioso na sociedade brasileira, o M.Obá é fundado em combate ao preconceito que ataca as religiões de matriz africana diariamente e convida a sociedade conhecer o legado e patrimônio de resistência centenária desta família de axé. 

Como é sabido, no candomblé um ancestral nunca morre, e, assim, o museu celebra a presença e continuidade de Mãe Aninha na casa Axé Aganju Ixolá. O M.Obá pesquisa, preserva e comunica não só o legado vivo e presente de Mãe Aninha mas também todo o calor do axé de Xangô.""",Pai Mauricio Obá Gueuê - Babalorixá,03/01/2025,OK,-22.8884000,-43.1147000
259,MUSEU REPUBLICA DO MANGUE,-,40.374.019/0001-12,"RUA CEARA 268, PRÇA DA BANDEIRA",Rio de Janeiro,Metropolitana I,(21) 2205-6310,associacaovilamimosa@gmail.com,Em construção,https://www.facebook.com/avilamimosa,-,-,Privada,Não existe documentação de criação do museu,Em implantação,"Todos os dias - Manhã, Tarde e Noite",R$10 a R$20,".Gratuidade para moradores, da comunidade e portadores de deficiencia",Sim,Histórico,Sim,"
Atividades e Equipamentos para Acessibilidade Universal no Museu Online
1. Adequações de Comunicação Digital:
Para garantir que o conteúdo do museu online seja acessível a diversos públicos, as seguintes iniciativas devem ser inovadoras:
• Site acessível :
o Desenvolvimento de uma plataforma que segue as diretrizes do WCAG (Web Content Accessibility Guidelines) , garantindo acessibilidade para pessoas com deficiência visual, auditiva, motora e cognitiva.
o Compatibilidade com leitores de tela , como NVDA e JAWS.
o Utilização de textos alternativos (texto alternativo) em todas as imagens.
o Design responsivo para facilitar o acesso em diferentes dispositivos, incluindo smartphones e tablets.
• Conteúdo inclusivo :
o Audiodescrição para imagens, vídeos e transmissões virtuais, permitindo que pessoas com deficiência visual compreendam o conteúdo.
o Legendas em todos os vídeos e interpretação em Libras (Língua Brasileira de Sinais) para atender pessoas com deficiência auditiva.
o Textos em linguagem simples e clara , adaptados para públicos com baixa alfabetização ou deficiência intelectual.
o Traduções para outros idiomas, como inglês e espanhol, promovendo a acessibilidade cultural.
2. Eliminação de Barreiras Atitudes no Ambiente Online:
Para garantir que o espaço digital seja acolhedor, algumas ações incluem:
• Suporte ao usuário : Disponibilização de uma central de ajuda com atendimento via chat, e-mail ou telefone, treinada para atendimento de forma humanizada e inclusiva.
• Programas educativos virtuais :
o Realização de workshops e palestras online com acessibilidade plena (interpretação em Libras, legendas, audiodescrição).
o Atividades interativas que incentivam a participação de pessoas com diferentes habilidades e realidades.
3. Programação Inclusiva:
• Exposições interativas interativas :
o Tours 360º acessíveis com navegação simplificada e pontos de interação que oferecem audiodescrição e legendas.
o Seções sensoriais virtuais com trilhas sonoras que remetem à história da Zona do Mangue.
• Atividades para públicos diversos :
o Lives culturais com artistas, historiadores e especialistas, sempre acompanhados de recursos de acessibilidade.
o Conteúdo multimídia adaptado, como jogos educativos e quizzes interativos, direcionados para atender diferentes idades e perfis.
4. Justificativa para a Acessibilidade no Ambiente Online:
A escolha por um museu online permite democratizar o acesso à história e à cultura da Zona do Mangue, ultrapassando barreiras geográficas e físicas. A implementação de acessibilidade digital amplia o alcance para públicos que incluem:
• Pessoas com deficiência.
• Comunidades de baixa renda com acesso restrito a equipamentos ou internet limitada.
• Público internacional, promovendo o intercâmbio cultural.
5. Educação e Sensibilização no Espaço Virtual:
• Produção de conteúdos apresentados para sensibilizar o público sobre a história da Zona do Mangue e seu impacto cultural, enfatizando a diversidade e o respeito às
• Campanhas online para desmistificar preconceitos sobre a região da Vila Mimosa e seu papel na história.
","""Breve Histórico do Museu República do Mangue – Vila Mimosa
O Museu República do Mangue surge como uma iniciativa histórica e cultural destinada a preservar e celebrar a memória da antiga Zona do Mangue, uma área que, durante o século XX, desempenhou um papel central na história social e cultural do Rio de Janeiro. A região, conhecida pela presença das polacas (imigrantes judias trazidas da Europa), não era apenas um espaço de prostituição, mas também um centro dinâmico de expressão artística, resistência popular e transformações sociais.
A criação do museu busca valorizar essa história muitas vezes estigmatizada, transformando-a em um símbolo de resistência cultural, memória coletiva e inclusão social . O projeto visa transformar a fachada da Vila Mimosa em um grande mural histórico, retratando as nuances culturais, sociais e políticas que marcaram a Zona do Mangue. Destacam-se a chegada das polacas, que influenciaram a política e a cultura nacional – tendo inclusive contribuído para discutir em torno da legislação trabalhista durante a Era Vargas – e a importância da região berço de compositores como Mael Silva, além de sua conexão com o samba ea cultura popular carioca.
Além disso, o museu resgata as transformações culturais e sociais da Vila Mimosa, que, desde sua origem até os dias de hoje, passou de um espaço estigmatizado para se tornar um ponto de resistência e desenvolvimento comunitário. Um marco importante foi a criação, em 2004, do Ponto de Cultura Dama da Camélia, que promoveu capacitações artísticas e culturais, contribuindo para o empoderamento das trabalhadoras sexuais e das mulheres da comunidade.
Objetivos do Museu República do Mangue:
1.        Preservação da Memória Histórica:
Resgatar a história da Zona do Mangue, destacando sua relevância cultural, política e social no contexto do Rio de Janeiro.
2.        Combate ao Estigma:
Reverter narrativas preconceituosas sobre uma região, promovendo um olhar humanizado e culturalmente rico sobre a história da Vila Mimosa e seu papel na sociedade.
3.        Valorização da Arte e Cultura Popular:
Criar um espaço para a expressão artística e cultural, através de murais, exposições e eventos que celebrem a riqueza cultural da região.
4.        Engajamento Comunitário:
Envolver a comunidade local em atividades artísticas e educativas, promovendo o fortalecimento da identidade coletiva e oferecendo oportunidades de capacitação cultural.
5.        Educação e Sensibilização:
Promover a reflexão sobre a história e os impactos sociais da região, contribuindo para a construção de narrativas positivas e inclusivas.
Justificativa para a Criação do Museu:
A Zona do Mangue foi um dos principais marcos históricos do Rio de Janeiro, mas sua relevância cultural e social foi frequentemente ignorada ou estigmatizada. O Museu República do Mangue é essencial para:
•        Reconhecer o papel histórico das mulheres, especialmente das polacas e trabalhadoras sexuais, na formação da identidade cultural e social do Brasil.
•        Valorizar a arte e a cultura popular que emergiram dessa região, contribuindo para o samba, a literatura e outras expressões culturais.
•        Resgatar a importância política da região, que influenciou as discussões nacionais, como as reformas trabalhistas promovidas durante a Era Vargas.
•        Evidenciar as transformações sociais e culturais que a Vila Mimosa experimentou ao longo das décadas, especialmente com iniciativas como o Ponto de Cultura Dama da Camélia, que começou em 2004 e marcou um novo capítulo na história da comunidade.
•        Criar um espaço simbólico de resistência e empoderamento, destacando que a Vila Mimosa não é apenas um local de prostituição, mas também de história, cultura e potencial transformador.
O Museu República do Mangue não é apenas um resgate histórico, mas uma ferramenta de transformação social e cultural, capaz de reescrever narrativas, combater preconceitos e criar um espaço de valorização e pertencimento para a comunidade e para todos que liberam a riqueza da história carioca.""",Cleide Nascimento de Almeida Avelino - Tesoureira,16/01/2025,OK,-22.9110137,-43.2093727
260,Museu de Arte Sacra de Angra dos Reis,-,29.172.467/0001-09,"Rua Dr. Bastos, s/n, Centro - Angra dos Reis. Cep 23.900-080",Angra dos Reis,Costa Verde,(24) 3369-7693,cultura.supat@angra.rj.gov.br,www.angra.rj.gov.br,-,@prefeituraangra @secretariadeculturadeangra,-,Municipal,Não existe documentação de criação do museu,"Aberto, funcionando parcialmente",Segunda a Sexta - Manhã e Tarde / Sábado e Domingo - Manhã,Gratuito,-,Não,Histórico,Não,"Não existe, em funcionamento, ações de acessibilidade no espaço.","""Museu de Arte Sacra de Angra dos Reis, sediado nas dependências da Igreja de Nossa Senhora da Lapa e Boa Morte é considerado o mais importante do estado em matéria de arte sacra. Seu acervo, tombado pelo Instituto do Patrimônio Histórico e Artístico Nacional - IPHAN, reúne cerca de dois mil itens distribuídos em coleções de imaginária, prataria e indumentária que datam entre os séculos XVII ao início do século XX.

Este acervo é oriundo das irmandades já extintas do Santíssimo Sacramento, de Nossa Senhora do Rosário, de São Miguel e Almas e de Nossa Senhora da Conceição; das igrejas localizadas na Ilha Grande, Mambucaba, Ariró, Bracuí, Ribeira e Jacuecanga, assim como do culto doméstico muito particular que fez surgir algumas imagens de cunho popular tradicional na região.

Desde então, todo ano é realizada no museu uma exposição temática diferente com o fim de fazer circular o importante acervo sob a fiscalização do IPHAN e manutenção do município.

Criado em 1992, o museu é um misto de templo sagrado e espaço cultural.

Mantendo a tradição do culto a Nossa Senhora da Lapa e Boa Morte, o museu é usado pela comunidade católica no mês de agosto, com missas, procissões e outras celebrações que comemoram o dogma da Assunção, como prevê o acordo firmado entre a Prefeitura e a Mitra Diocesana de Itaguaí que cedeu a igreja para abrigar o importante acervo sob a guarda do museu.""",Mauro do Nascimento dos Santos - Superintendência de Patrimônio,07/02/2025,OK,-23.1555405,-44.2344809
261,Casa Claudionor Rosa,-,57.583.968/0001-05,"Rua Doutor Cunha Ferreira, 107 - Centro",Resende,Médio Paraíba,(24) 99827-1427,lrosa09@icloud.com,-,https://www.facebook.com/groups/casaclaudionorrosa,-,-,Privada,Estatuto Social,Aberto,Quarta - Tarde / Quinta e Sábado - Manhã / Sexta - Tarde e Noite,Gratuito,-,Sim,Histórico,Não,"Rampa de Acesso a Cadeirante , Suporte a Terceira Idade.","Resgatar, preservar e conservar a memória resendense através do seu acervo e ser um ponto importante de referência e discussão das transformações culturais, sociais, econômicas e materiais da cidade e circunvizinhas ao longo de sua história. Cidadão Resendense, Cidadão Itatiaiense, Cadeira na Academia Resendense de História, Comenda Conde de Resende, Patrono da Academia Itatiaiense de História, Título de Benemérito do Estado do Rio de Janeiro, Selo Postal Empresas de Correios e Telégrafos. Estatua Publica no Centro Histórico da Cidade, a Casa foi tombada pelo Patrimônio Histórico. Aproximadamente 9 mil peças, revistas, jornais, livros que circulavam em Resende, Rio de Janeiro (Estado/Capital) e Brasil. Coleções de numismática e filatelia, discos de vinil. Moveis do período colonial, pecas artísticas e artefatos culturais. Todo acervo é datado entre o final do século XIX a atualidade.",Luciano de Almeida Rosa - Produtor Cultural,2/13/2025,OK,-22.4418699,-44.4204847
262,Museu da Cidade,-,-,"Praça São Sebastião, 224 - Centro",Três Rios,Centro Sul,(24) 2255-1729,historia.cultura@tresrios.rj.gov.br,-,-,-,-,Municipal,Decreto,"Aberto, funcionando parcialmente",Segunda a Sexta - Tarde,Gratuito,-,Não,Histórico,Não,-,"Em 2010 por decreto municipal foi criado o Museu de Três Rios inicialmente visando o abrigar o acervo historico cultural  no local onde ja existia a Casa de Cultura. A cessão do predio com essa finalidade pelo governo do RJ se deu em 2018. Desde então, estamos em processo de sensibilização para que a gestão municipal iinstitucionalize o espaço e garanta o fomento deste espaço  público que é o ponto de referencia  historico cultural  dos trirrienses.",Vera Alves Pereira - Historiadora,3/22/2025,OK,-22.1201732,-43.1072134
263,Museu Fazenda Bom Jardim,-,-,Rua Luis Correa - Numero 5,Bom Jardim,Serrana,(22) 2566-2236,turismoculturabj@gmail.com,-,-,@museufazendabomjardim,-,Municipal,Lei,Aberto,Quarta a Domingo - Manhã e Tarde,Gratuito,-,Não,Histórico,Não,"O Museu Fazenda Bom Jardim possui acessibilidade no que tange sua entrada e circulação por todo o ambiente. Cabe destacar que as dependências do Museu não possuem banheiro PCD. Contudo, há a intenção de ampliar essa acessibilidade e implementar no futuro.","O Museu Fazenda Bom Jardim, inaugurado em 2015, está instalado na casa sede da antiga fazenda que leva esse nome. O casarão, datado de 1898, abriga exposições que contam um pouco da história da própria casa, da família que nela morava e também conta com exposições que mostram um pouco da história da cidade de Bom Jardim. ",Descio Luiz Freire - Supervisor de Cultura Municipal,04/04/2025,OK,-22.2061080,-42.3797574
264,Casa da Marquesa de Santos,CMS,-,"Av Pedro II, 293 - São Cristóvão RJ",Rio de Janeiro,Metropolitana I,(21) 99646-7831,casadamarquesa.cultura@gmail.com,-,-,@casadamarquesa,-,Estadual,Lei,Desativado sem previsão de retorno,,Gratuito,-,Sim,Histórico,Sim,Instalações adequadas.,"A CMS localizada em São Cristóvão, foi construída por Dom Pedro I para Domitila de Castro Canto e Melo a Marquesa de Santos, em 1826. ",Chris Aguiar - Diretora,03/05/2025,OK,-22.9047221,-43.2169829
265,Museu e Biblioteca Corina Peixoto de Araújo,-,-,"Praça Teixeira Soares, 135 - Lot. Santa Lucia, São Fidélis - RJ, 28400-000",São Fidélis,Norte Fluminense,(22) 2758-2393,culturaturismo.sf@hotmail.com,-,-,,-,Municipal,Não existe documentação de criação do museu,Aberto,Segunda a Sexta - Manhã e Tarde,Gratuito,-,Sim,Histórico,Não,-,"""A Biblioteca Municipal Corina Peixoto de Araújo, em São Fidélis-RJ, recebeu o selo “O Brasil Que Lê”, dentre mais de mil projetos inscritos, confirmando sua presença no mapeamento de instituições, práticas e ações que incentivam a leitura em todo o país.

A pesquisa reúne, em parceria, o Instituto Itaú Cultural, a JCastilho Consultoria, a Cátedra UNESCO (Organização das Nações Unidas para Educação, Ciência e Cultura) de Leitura e o Instituto Interdisciplinar de Leitura da Pontifícia Universidade Católica do Rio de Janeiro e tem como objetivo enumerar e exibir ações que ajudem a construir o Brasil por meio da leitura e da cultura.Foram consideradas, principalmente, as iniciativas tomadas pela Biblioteca para vencer os desafios proporcionados pela pandemia e permanecer com os mecanismos de incentivo à leitura.

Numa parceria com a Secretaria Municipal de Comunicação Social de São Fidélis, são postadas semanalmente dicas de leitura de seu acervo nas redes sociais do município. Além disso, abriu-se, por exemplo, o Serviço de Atendimento Virtual – SAV, pelo aplicativo WhatsApp, no número (22) 2758 6829. Por meio dele, é possível consultar o acervo, renovar empréstimo de livros, receber dicas personalizadas de leitura e ter os diversos serviços oferecidos pela instituição.

Na semana da Festa do Padroeiro deste ano, por meio de seu SAV, a Biblioteca Municipal enviou vídeos especiais sobre a história e a cultura da cidade, hoje disponíveis no canal do Museu e Biblioteca Corina Peixoto de Araújo no YouTube.

Para Pedro Silva, curador das dicas de leitura e responsável pelo SAV, o selo é mais um reconhecimento dos esforços em prol da leitura, da arte e da cultura, que vão desde os festivais de poesia, passam pelos clubes de leitura e movimentos de teatro e se renovam com os rappers e mcs fidelenses: “São Fidélis merece uma biblioteca viva, que consiga dialogar com as necessidades de seus diferentes públicos e cativar leitores de diversos gêneros textuais. Somos a Cidade Poema e devemos trabalhar para que os novos versos da cidade continuem a ser escritos”, completa.

Com a certificação, a Biblioteca Municipal Corina Peixoto de Araújo apresenta-se, ao lado de outras importantes instituições, na relação de espaços e iniciativas que promovem, pela leitura, as mudanças das quais o Brasil precisa. O resultado final da pesquisa “O Brasil Que Lê” está previsto para este último trimestre de 2021.""",Alexandre Mury - Artista,18/05/2025,OK,-21.6712726,-41.7888835
266,Museu do Macquinho,-,-,"Rua Nair Margem Pereira, Número 1, Ingá. ",Niterói,Metropolitana III,(21) 97903-3731,museu.macquinho@gmail.com,-,-,@macquinho.oficial,-,Público-Privada,Não existe documentação de criação do museu,"Aberto, funcionando parcialmente",De Terça a Sexta - Manhã e Tarde / Sábado a Tarde,Gratuito,-,Sim,Imagem e Som,Não,O prédio possui um elevador que não está em funcionamento. O museu em si tem como objetivo mobilizar a memória da luta favelada e dos que sempre estiveram fora da narrativa pública. O museu tem como objetivo ter legendas em braille e audiovisuais para poder caminhar neste sentido de aprimorar e se tornar cada vez mais acessível.,"""O Centro Cultural de Cidadania e Economia Criativa Macquinho é um aparelho cultural da prefeitura de Niterói e funciona desde 2008 no Morro do Palácio - Ingá.
Inicialmente vinculado ao Museu de Arte Contemporânea de Niterói, o que vai mudar em 2013.
O espaço entre 2008 e 2022 passa por diversas fases e gestões e em 2022 o Macquinho passa a ter uma gestão e orçamento próprio. 
Nessa nova fase, foi iniciado por Vitor Vogel e Walkiria Nichteroy um projeto de pesquisa e resgate da memória do Morro do Palácio. O processo de pesquisa, culminou em uma exposição permanente, no início da construção de um acervo, em um projeto de história oral e diversas atividades educativas. Assim se configurou a ideia do Museu do Macquinho, que funciona dentro do aparelho cultural, como parte das suas atividades.""",Klauder Vicente Quevedo Gonzaga - Pesquisador / Coordenador / Educador,29/05/2025,OK,-22.8884000,-43.1147000
267,Museu Ivan Cruz Brincadeiras de Criança,-,14.253.127/0001-27,"Rua Silex, nº 34 - Portinho RJ, Cep: 28915-327 ",Cabo Frio,Baixadas Litorâneas,(22) 98812-6168,projetobrincadeirasdecrianca@gmail.com,https://www.ivancruz.com.br/,ivancruzbrincadeirasdecrianca,ivancruzbrincadeirasdecrianca,-,Privada,Não existe documentação de criação do museu,Aberto,De Segunda a Sábado - Manhã e Tarde / Domingo a Tarde,Acima de R$30,A combinar com a produção: Ludmila Guerra 22988126168,Não,Artes Visuais,Não,sim possuímos os cuidados e acessibilidade universal,"""Ivan Cruz, carioca de 1947 teve uma infância feliz, brincando nas ruas de Vigário Geral e Penha Circular. Mesmo atuando por anos como advogado, a arte sempre esteve presente em sua vida, até que as Artes Plásticas se tornaram sua principal atividade. Em 1990 começa a Série que intitulou como “Brincadeiras de Criança” retratando em telas cenas de sua infância. Em pouco tempo se tornou um projeto aonde a arte caminha junto à educação. Suas obras são estudadas na sala de aula através de livros didáticos publicados por mais de 50 editoras que publicam suas imagens em livros didáticos e paradidáticos. O tema que resgata as brincadeiras que brincou, hoje consideradas antigas, tornou-se importante em nossos dias quando a internet e distância as pessoas e as crianças ficam inertes diante de telas e não brincam mais.

Ivan usa cores vivas em seus quadros e pinta sempre o mesmo cenário. “Nos meus quadros, as ruas são de barro e as casas têm portas simples e telhados triangulares”, descreve. “São assim porque pinto as ruas de Vigário Geral, no subúrbio Rio de Janeiro, na época em que eu era criança e brincava por lá”.

Ele saiu do bidimensional (tela) e foi para o tridimensional criando esculturas em bronze no tamanho médio (25cm aproximado)e natural (1,25m aproximado) que estão em praças públicas da Região dos Lagos. Cria mini esculturas com aproximadamente 2cm em metal nobre e estanho pintados a mão.

Hoje Ivan Cruz tem uma nova paixão – Pintar sua infância em muros de escolas, praças, ONGs, casas pelo Mundo – São dois muros que ficaram na lista dos mais extensos o 1° com aproximadamente 100 metros na E.M. em Unamar /Cabo Frio / R.J. e o 2º em uma E.M em Santos / São Paulo  com 70 metros aproximados de extensão.

São mais de 600 quadros, 30 Esculturas em Tamanho Natural em Praças Públicas, 27 esculturas médias, 37 esculturas em miniaturas e Muros das Brincadeiras em todo Brasil –  com cerca de 100 brincadeiras diferentes.

Conheça mais sobre o nosso Projeto: – https://www.ivancruz.com.br  – https://www.instagram.com/ivancruzbrincadeirasdecrianca/  -22 988126168 (whatsapp)

Um forte abraço e vamos brincar?!

Equipe do Projeto Brincadeiras de Criança.""","Ludmila Guerra - Coordenadora e curadora “Projeto Brincadeiras de Criança""",18/07/2025,OK,-22.7378309,-42.0240869
268,Ponto de Cultura Ubemtem.,-,-,"Rua Albano,100. Praça Seca",Rio de Janeiro,Metropolitana I,(21) 99587-9097,capoeiraubemtem@gmail.com,-,-,Instragam:@ubemtem,-,Privada,Não existe documentação de criação do museu,Aberto,"Terça e Quinta - Tarde e Noite / Sexta a Noite / Sábado - Manhã, Tarde e Noite",Gratuito,-,Sim,Outros,Não,"possui acassibilidade atitudinal, comunicacional,necessita de adequações físicas.","""Ponto de Cultura UBemtem – Museu Vivo da Capoeira

No coração da Praça Seca, na Zona Oeste do Rio de Janeiro,entre Chacrinha e Batou Mouche pulsa um espaço onde o tempo não apaga memórias e o corpo dança a história: o Ponto de Cultura UBemtem. Mais que um centro cultural, o UBemtem é um museu vivo, guardião e difusor da capoeira – Patrimônio Cultural Imaterial da Humanidade reconhecido pela UNESCO.
A capoeira, nascida do encontro forçado de culturas africanas escravizadas no Brasil, foi resistência, disfarçada em dança para escapar à repressão. Ao som do berimbau, carregou em cada ginga a luta por liberdade, identidade e dignidade. Hoje, o Ubemtem mantém viva essa herança, garantindo que a comunidade tenha acesso a essa expressão singular da cultura afro-brasileira.
Desde sua fundação em 2020, o Ubemtem atua como elo entre passado e futuro. Aulas, rodas, oficinas e apresentações não são apenas eventos, mas atos de preservação e transmissão de saberes ancestrais. Cada toada, cada movimento, cada ladainha ecoa como parte de um acervo imaterial que se constrói e se renova a cada encontro.
Aqui, o acervo não está preso a vitrines: ele vive no corpo de cada criança e jovem , na memória dos mestres, no som dos instrumentos, nas histórias compartilhadas à beira da roda. É um lugar onde a comunidade encontra não só a prática da capoeira, e outras manifestações da cultura como jongo, maculelê, puxada de rede,ciranda,samba de roda, gerando pertencimento, autoestima e a consciência de serem herdeiros de uma história de resistência.
O Ponto de Cultura Ubemtem é, assim, mais que um espaço físico: é um guardião da memória coletiva, um território de afirmação cultural e um farol que mantém acesa a chama da capoeira, garantindo que as próximas gerações possam ginga-la com orgulho e liberdade.""",Jussara Santos de Queiroz  - Fundadora/Mestra,09/08/2025,OK,-22.9009139,-43.3569853
269,ARTCORRE GALERIA,-,-,"R. Vinicius Ribeiro, Conj, R. Roque Barbosa, 2 - loja c - Bangu, Rio de Janeiro - RJ, 21866-240",Rio de Janeiro,Metropolitana I,(21) 97030-3049,meiofiogaleria@gmail.com,-,-,@meiofiogaleria @artcorregaleria,-,Privada,Não existe documentação de criação do museu,"Aberto, funcionando parcialmente",Quinta a Domingo - Manhã e Tarde,Gratuito,-,Não,Artes Visuais,Não,Estamos realizando estudos para adaptação do espaço.,"Desde 2024 esta localizado no bairro de Jardim Bangu, espaço responsável por receber ações expositivas e educativas voltadas ao desenvolvimento artístico e social de artistas e público da Zona Oeste do Rio de Janeiro.",Yuri Menezes Theotonio  - Fundador / Curador,14/08/2025,OK,-22.9110137,-43.2093727
270,CENTRO DE MEMÓRIA DA INDUSTRIA TÊXTIL DE PARACAMBI,-,-,RUA SEBASTIÃO DE LACERDA. S/Nº - FÁBRICA - SALA 316,Paracambi,Metropolitana II,(21) 99241-5506,centrodememoriatextil.cpar@ifrj.edu.br,https://www.memoriaoperariaparacambi.com.br/,espacofabricactbi,@centrodememoria.cpar,-,Federal,Não existe documentação de criação do museu,Em implantação,Segunda a Sexta - Manhã / Sábado à tarde,Gratuito,-,Sim,Outros,Não,"sim, possuímos elevador.","Centro de Memória da indústria têxtil de Paracambi, é uma iniciativa de servidores do Instituto Federal do Rio de Janeiro - Campus Paracambi, que desde 2019 desenvolve ações educativas, de pesquisa documental e de história oral, e em defesa do patrimônio histórico da antiga Cia. Têxtil Brasil Industrial -tombada em 1985 pelo INEPAC. As ações desenvolvidas contam com o apoio institucional do IFRJ, da prefeitura municipal de Paracambi e, sobretudo, da comunidade que oferecido seus registros pessoais (fotos, anotações, objetos, documentos, etc) para a composição do acervo do centro de memória. ",Davi Pereira Romeiro Neto - Coordenador,01/09/2025,OK,-22.6198963,-43.7282043
271,Centro de Memória Rita Joana da Silva e Biblioteca Ilê Ikawe Igbeji,-,-,"Praça Desembargador Julião Macedo Soares,163 lote 1 quadra 30, Retiro São Joaquim",Itaboraí,Metropolitana III,(21) 98528-5866,cmrjsbibliotecaileikaweibeji@gmail.com / cmileasheefon50@gmail.com,https://ileaxeofalare.com.br/,facebook.com/share/166b5LDMvs/,-,-,Privada,Não existe documentação de criação do museu,"Aberto, funcionando parcialmente",Todos os dias - Manhã e Tarde,Gratuito,-,Sim,Outros,Não,O espaço físico apresenta [possibilidade de adaptação as diferentes deficiência . Quanto a deficiências auditivas já o voluntariado de legendas descritivas.,"Inauguração dia 03/12/2022, tem a missão de preservação história , cultural e religiosa do povo de Matriz Africana. Compõe o acervo pecças artesanais , fotografias, menções e moções, documentos, livros , discografias, aruivos. Certificado como Ponto de Memória pelo Ibram e instalado dentro do Ponto de Cultura do Terreiro Ilê Axé Ofá Larê. Oferece Oficinas Ancestrais gastronômicas, percussão, capacitação, palestras, encontros literários .",Regina Maria Fontes da Silva - Diretora,08/09/2025,OK,-22.7558128,-42.8829561
272,Museu Virtual de Campo Grande,-,-,Estrada do Cabuçu 260 Campo Grande RJ,Rio de Janeiro,Metropolitana I,(21) 98177-2039,Ideiasespacocriativo@gmail.com,www.museudecampogrande.com.br,-,@museudecampogranderjoficial,-,Privada,Não existe documentação de criação do museu,Aberto,"Todos os dias - Manhã, Tarde e Noite",Gratuito,-,Não,Virtual,Não,O Museu Virtual de Campo Grande/ www.museudecampogrande.com.br está acessível em Libras.,-,Silvia Christina Fernandes da Silva,22/09/2025,OK,-22.9166272,-43.5343526
273,Museu Do Artista Independente E Da Periferia,MDAIEDP,,"Rua Érbio Chernicharo , 224 casa 2 , moqueta, Nova Iguaçu ",Nova Iguaçu,Metropolitana II,(21) 98082-3455,mdaiedp@gmail.com,-,-,mdaiedp,-,Estadual,Não existe documentação de criação do museu,Aberto,Segunda a Sexta - Tarde,Gratuito,,Sim,Artes Visuais,Não,Áudiodescrição e Braille,Museu do artista independente e da periferia,Herikson Oliveira da Silva - Diretor,10/10/2025,OK,-22.7592175,-43.4508728
274,Fazenda São Clemente,-,-,"Fazenda São Clemente, Boa Sorte",Cantagalo,Médio Paraíba,(22) 98124-1505,fazendasaoclemente1812@gmail.com,-,-,@fazendasaoclemente1812,-,Privada,Não existe documentação de criação do museu,"Aberto, funcionando parcialmente",Sexta a Terça - Manhã e Tarde,Acima de R$30,"Sim. Estudantes de escolas federais, estaduais e municipais. ",Não,Histórico,Não,-,Fazenda histórica no cultivo de café no Vale do Paraíba fluminense.,Marcello Cardoso Monnerat - Proprietário,25/10/2025,OK,-21.8673976,-42.3062367
275,Museu Antônio Parreiras,MAP,-,"Rua Tiradentes, 47, Ingá",Niterói,Metropolitana III,-,map@funarj.rj.gov.br,-,-,@museuantonioparreiras,-,Estadual,Decreto,Aberto,Quarta a Domingo - Tarde,Gratuito,-,Sim,Artes Visuais,Sim,"Rampas de acesso, banheiros acessíveis, réplicas e mapa tátil","""Inaugurado em 1942, foi o primeiro museu de arte do Estado do Rio de Janeiro e o primeiro do Brasil dedicado à memória de um artista. Pertence à FUNARJ e está localizado na antiga residência da família do pintor, no bairro do Ingá, em Niterói.
Seu acervo original foi formado por obras de Antonio Parreiras e de artistas contemporâneos a ele, destacando temas como paisagens, retratos, nus femininos, pintura de gênero e pintura histórica.
Em 1951, o acervo foi ampliado com obras premiadas nos Salões Fluminenses de Belas Artes e com a coleção do geógrafo Alberto Lamego, com trabalhos de artistas estrangeiros.""",Fátima Henriques - Diretora,16/01/2026,,-22.9014249,-43.1246271
276,Museu Orgânico da Casa de Farinha São Benedito das Flores,-,-,"Estrada do meio, s/n, Canto de Santo Antônio ",Quissamã,Norte Fluminense,(22) 99615-2420,casabenta@gmail.com,-,-,"""@farinha_saobenedito
@martamedeiros.cultural""",-,Privada,Ata,Aberto,"Segunda a Quarta - Tarde / Quinta e Sexta - Tarde e Noite / Sábado e Domingo - Manhã, Tarde e Noite",R$10 a R$20,Escolas Públicas,Sim,Histórico,Sim,"Temos rampa, maquete tátil, mediador cultural, som e iluminação adequada ","O Museu orgânico da Casa de Farinha São Benedito das Flores foi inaugurado em 2024. A inspiração veio dos museus orgânicos do sertão do Cariri, no nordeste. O acervo é alicerçado no tripé: mulher, peixe e farinha - reunindo peças de casas de farinhas mais antigas, objetos e fotografias que registram o trabalho das Farinheiras e pescadoras artesanais de Quissamã. A prática da pesca é destacada nesse espaço porque a vida caiçara do brejo faz parte da identidade cultural das Casas de Farinha nessa parte do litoral fluminense. O trabalho é dividido entre a feitura da farinha de mandioca e outros derivados e práticas culturais como o FADO NEGRO de Quissamã com visitas guiadas e turismo pedagógico focado em agroecologia.",Marta de Oliveira Chagas Medeiros - Proprietária,19/01/2026,,-22.1072050,-41.4723411
277,Rio Museu Olímpico,RMO,-,"Avenida Embaixador Abelardo Bueno, 365 – Barra Olímpica",Rio de Janeiro,Metropolitana I,(21) 96974-4368,secretariamuseu@institutorealizandoofuturo.org.br,https://museuolimpico.rio/,-,@rio.museuolimpico,-,Municipal,Decreto,Aberto,Terça a Domingo - Manhã e Tarde,Acima de R$30,"Gratuidade* • Crianças com até 2 anos; • Até 01 acompanhante de pessoa com deficiência; ● Última terça-feira do mês – A retirada é feita exclusivamente na bilheteria física do Rio Museu Olímpico, no dia da visita, por ordem de chegada, sem reserva antecipada, limitada a 1 ingresso por CPF e sujeita à lotação. * É necessário apresentar documento comprobatório com foto Meia-entrada** • Pessoas com deficiência; • Estudantes de escolas e universidades públicas ou particulares; • Funcionários da rede de ensino pública e privada do Estado do Rio de Janeiro (Lei nº 8.775, de 24/03/2020); • Idosos a partir de 60 anos (Estatuto do Idoso – Lei nº 10.741/2003); • Moradores ou naturais da cidade do Rio de Janeiro. ** É necessário apresentar documentação comprobatória e documento com foto.",Sim,Ciência e Tecnologia,Sim,-,"""O Rio Museu Olímpico teve sua criação formalizada pelo Decreto nº 54.978, de 19 de agosto de 2024, com a missão de preservar, pesquisar e comunicar a história dos Jogos Olímpicos e Paralímpicos Rio 2016, promovendo a valorização da memória esportiva, especialmente de atletas brasileiros, e contribuindo para o fortalecimento do legado olímpico na cidade do Rio de Janeiro.
A proposta curatorial do Museu adota uma narrativa inclusiva, que evidencia agentes sociais historicamente invisibilizados e amplia a compreensão do esporte como patrimônio cultural e instrumento de identidade coletiva. A exposição permanente do RMO, distribuída em 3 mil metros quadrados, utiliza recursos tecnológicos para integrar objetos reais, conteúdos digitais e experiências interativas. Organizada em 13 núcleos temáticos, a mostra aborda temas como esporte, memória e transformação social, ampliando a compreensão do impacto dos Jogos Olímpicos. Complementando o acervo físico, o acervo digital — atualmente o mais robusto do museu — reúne depoimentos, vídeos e documentos digitalizados.
""",Evelyn Vieira - Coordenadora de Museologia,09/02/2026,,-22.9734385,-43.3972370
278,Mude Casa Quissmã,-,-,RJ-178 - Centro. Ao lado da CEDAE.,Quissamã,Norte Fluminense,(22) 2768-9300,fcultura.quissama@gmail.com,-,-,Prefeituradequissama,-,Municipal,Não existe documentação de criação do museu,Aberto,Quarta a Domingo - Manhã e Tarde,Gratuito,-,Sim,Histórico,Não,"Rampa de acessibilidade, banheiro acessível, linguagem simples do educador que guia no Museu.","""Construído em 1826 por José Carneiro da Silva, o Visconde de Araruama, o casarão em Quissamã, já recebeu visitantes ilustres, como o Imperador Dom Pedro II, a Princesa Isabel e o Duque de Caxias. 
Em 2006, o prédio foi transformado em museu, guardando um rico acervo de objetos e documentos que contam a história do município e da região. No pátio, fica um dos poucos exemplares encontrados no Brasil do baobá, árvore de origem africana.""","Maria Carolina Pinto Moura - Produtora/ Assesora de ações integradas da Secretaria de cultura, patrimônio histórico e lazer de Quissama ",26/02/2026,,-22.1072050,-41.4723411
279,Mulheres de Pedra,MP,-,"Rua Saião Lobato, 138 Pedra de Guaratiba Zona Oesta",Rio de Janeiro,Metropolitana I,(21) 98640-8468,Leilamulheresdepedra@gmail.com,-,-,@mulheresdepedra,-,Publico-privada,Não existe documentação de criação do museu,Em implantação,Segunda a Sexta - Manhã e Tarde / Sábado - Dia inteiro,Gratuito,-,Sim,Artes Visuais,Não,"A Casa Museu Mulheres de Pedra é de fácil acesso, ambiente é amplo ,com muitos espaços abertos para a visitação com alguns mobiliários que fazem parte do acervo e da memória da casa,os espaços recebe jovens num pré vestibular Comunitário,Mulheres com acolhimento e cuidados e trabalhos e oficinas coletivas de criatividade.","O Museu Casa Mulheres De Pedra, tem seu acervo preservado,um espaço que é aberto ao público local,as escolas e outros visitantes que frequentam o espaço e apoiam a Coletiva Mulheres de Pedra grupo criado em 2001 que vem desenvolvendo arte ,cultura,movimentos sociais e outras atividades.",Leila de Souza Netto - Coordenadora e Educadora Social.,01/03/2026,,-22.9110137,-43.2093727
280,Casa do Pandeiro,,48.397.205/0001-89,"Travessa do Ouvidor, 36, Centro, RJ",Rio de Janeiro,Matropolitana I,(21) 98601-3006,contato@casadopandeiro.com,CasaDoPandeiro.com,-,instagram.com/CasaDoPandeiro,-,Municipal,Não existe documentação de criação do museu,Aberto,Segunda a Sábado - Manhã e Tarde,Gratuito,-,Sim,Artes Visuais,Não,"""- O piso de cimento queimado é contínuo e nivelado, facilitando a circulação de cadeirantes e pessoas com mobilidade reduzida. Também já possui banheiro adequado à cadeirantes e PcD.
- Uso de hashtags e textos descritivos no ambiente digital. Serão incorporadas futuramente traduções em braille dos painéis da exposição.
- Equipe orientada para o acolhimento respeitoso e não discriminatório de todos os públicos, além de parcerias e intercâmbios institucionais para acessibilização de PcD em visitas guiadas.""","""A Casa do Pandeiro é um centro cultural carioca dedicado à difusão do pandeiro e sua história correlata, como instrumento símbolo da música e da cultura brasileira. Localizada na Travessa do Ouvidor, em pleno Centro Histórico do Rio de Janeiro, atua como lugar de formação, memória, apreciação e convivência em torno deste instrumento milenar – e um dos mais emblemáticos do Brasil. 

Contemplado no Programa Reviver Cultural, da Prefeitura do Rio, e inaugurado em 2024, o espaço desenvolve regularmente atividades didáticas formativas ligadas ao universo da percussão e da cultura popular, com aulas, oficinas e palestras, bem como programação voltada ao público infantil. Promove também eventos artísticos com apresentações ao vivo, com shows que passam por uma vasta gama de gêneros musicais, de orquestras instrumentais e grupos de jazz à rodas de samba e choro. Ao longo de quase dois anos de história, já recebeu centenas de artistas e educadores, de diversas partes do Rio de Janeiro, do Brasil e do mundo.

Seu ambiente é envolvido pela exposição permanente “Pandeiros do Brasil: História, Tradição, Inovação”, que discorre sobre a memória do instrumento, sua influência na formação da identidade cultural brasileira – e pode ser visitada gratuitamente de segunda à sábado. Conta ainda com um bar e uma loja especializada, realizando a venda de pandeiros e outros instrumentos artesanais, camisetas e diversos artigos específicos da área. 

Com programação contínua e acessível, a Casa do Pandeiro é lugar de referência na cena cultural do Centro do Rio, fortalecendo a circulação de saberes, a articulação de fazedores da cultura e a valorização do pandeiro – de seu legado e das pessoas que o apreciam e usufruem, mantendo-o vivo como importante patrimônio carioca e brasileiro.""",Tom Andrade - Produção,04/04/2026,,-22.9039484,-43.1773902
281,Egbé ilê ase Oloya Torun / memorial T’Ogun Ala koya,-,44.580.277/0001-06,Rua Cardeal Saraiva 116 lote 25 e 26 quadra 127,São Gonçalo,Metropolitana III,(21) 97481-6055,docsecretariaaxebambuzal@gmail.com,-,-,@axebambuzal,-,Privada,Não existe documentação de criação do museu,Aberto,"Segunda a Sexta - Tarde / Sábado - Manhã, Tarde e Noite / Domingo - Manhã e Tarde",Gratuito,-,Sim,Antropologia e Etnografia,Não,-,"O memorial salvaguarda os pertences de um jovem de 27 anos q foi acometido de um câncer numa luta incansável por 5 anos e mesmo assim permanece em sua fé inabalável no espaço sagrado, seus objetos sagrados e seus pertences estão em mostra ao público para reforçar a fé e a manutenção do sagrado perante aos aocmebtidos pela mesma enfermidade .",Gilmar de Lima Hughes - Presidente / babalorixá,19/05/2026,,-22.8216350,-42.9956797
282,Museu de Resistência Folclore e Culturas pelo Brasil,-,57.495.961/0001-31,Rua do cacau 367 Realengo,Rio de Janeiro,Metropolitana I,(21) 96409-5839,cantinhodepaicipriano@gmail.com,-,-,@cantinhodepaicipriano / @ongcantinhodepaicipriano,-,Público-privada,Estatuto Social,"Aberto, funcionando parcialmente",Sexta a Tarde / Sábado - Manha e Tarde,Gratuito,-,Sim,Patrimônio Científico e Histórico Natural,Sim,-,"🚨💪🏾👇🏾

*Breve História do Museu de Resistência, Folclore e Culturas pelo Brasil*

O *Museu de Resistência, Folclore e Culturas pelo Brasil* nasce da urgência de impedir o apagamento. Depois de 13 anos de trabalhos sociais e humanitários em territórios periféricos,Glauber Nascimento entendeu que a luta por direitos também passa pela memória. 

O ponto de virada veio com a entrada na *REMUS – Rede de Museologia Social*. Frequentando encontros, trocas e formações, ficou claro que era possível ir além: transformar saberes populares em museu vivo, feito com e para a comunidade. Um museu que não guarda o folclore em vitrine, mas o coloca em disputa, em resistência.

Assim, decidiu-se pela criação do Museu. A missão é direta: *trazer e agregar conhecimento à comunidade e aos visitantes sobre a luta contra o apagamento do folclore nacional e das diversas culturas brasileiras*.

*Pré-lançamento: 02-05-2026*  
O museu começa sua jornada pública com a exposição *“Folclore que Pulsa”*, dividida em dois núcleos:

1. *Acervo Folclore Carioca*: retrata os *Bate-Bolas*, manifestação carnavalesca de subúrbio e baixada. Traz fantasias, máscaras, estandartes e relatos orais de turmas tradicionais, mostrando o Bate-Bola como arte, identidade e resistência urbana.

2. *Acervo Folclore e Cultura Maranhense*: apresenta três patrimônios vivos: o *Bumba-meu-Boi*, com indumentárias e toadas; a *Festa do Divino Espírito Santo*, com seus impérios, mastro e cortejos; e o *Tambor de Crioula*, com tambores, saias e a força das coreiras. 

*Próximos passos*  
O Museu segue em expansão, articulando contatos culturais nacionais para ampliar o acervo. A ideia é que cada estado, cada mestre e cada comunidade se reconheça aqui. Mais que expor, o Museu quer formar, escutar e devolver: com rodas de conversa, oficinas, pesquisa e programas educativos.

É museu de resistência porque entende que folclore não é passado. É estratégia de futuro.

---",Glauber Nascimento - Presidente,21/05/2026,OK,-22.8777253,-43.4197109
283,Museu do Club de Regatas Vasco da Gama (Museu Vasco da Gama - MVG),MVG,33.617.465/0001-45,"Avenida Roberto Dinamite, 10 - Vasco da Gama - Rio de Janeiro/RJ - CEP: 20921-060",Rio de Janeiro,Metropolitana I,(21) 9089-7894,contato@museuvascodagama.com.br,-,-,Instagram: @museuvascodagama / Tiktok: @museuvascodagama / Kwai: @museuvascodagama,-,Privada,Portaria,Aberto,Terça à Sábado - Manhã e Tarde / Domingo de Manhã,Gratuito,,Não,Histórico,Sim,,"O Museu Vasco da Gama (MVG), localizado na Avenida Roberto Dinamite, no bairro Vasco da Gama, foi criado em 7 de abril de 2026, a partir da integração do Centro de Memória do Club de Regatas Vasco da Gama (2002) e do Espaço Experiência do CRVG (2021). O museu faz a salvaguarda de um acervo diversificado, constituído por troféus, indumentárias, manuscritos, documentos datilografados e impressos, iconografias, documentos nato-digitais e digitalizados, entre outros bens de valor histórico e cultural. Atualmente, a área expositiva ocupa o local do antigo Espaço Experiência (Salão de Troféus, inaugurado em 1951), onde são desenvolvidas exposições de longa duração e temporárias. O Tour da Colina (2018), visita guiada pelo complexo esportivo vascaíno, integra-se às atividades do museu, ampliando a experiência do visitante. As reservas técnicas, o laboratório de conservação e restauração e o centro de pesquisa estão localizados no interior do Estádio de São Januário, garantindo a pesquisa, preservação e difusão do acervo. O Museu Vasco da Gama, enquanto instituição museológica a serviço da sociedade, tem como objetivo promover o acesso à cultura, estimular a reflexão crítica, fomentar a produção de conhecimento e valorizar a memória e a história do Club de Regatas Vasco da Gama, em diálogo com seus diferentes públicos.",Raphael Travassos de Souza Avellar - Vice-presidente de História e Responsabilidade Social,15/06/2026,,-22.9110137,-43.2093727
284,Associação Cultural Ambiental e Educacional Pedacinho do Céu,-,45.636.278/0001-98,"Rua Monsenhor Paschoal liberlotto, 3",Valença,Médio Paraíba,(24) 99991-3853,hpiaui190@gmail.com,-,-,@museuvicentecelestino,-,Privada,Estatuto Social,Aberto,"Sexta - Tarde/ Sábado - Manhã, Tarde e Noite/Domingo - Manhã ",R$ 1 a R$10,"Sim, idosos.",Sim,Histórico,Não,Temos acesso conforme a acessibilidade Universal.,"O Museu Vicente Celestino, cuida do patrimônio de Vicente Celestino, Glida de Abreu e dos cantares da época de ouro do Rádio Brasileiro.",Humberto Pereira da Silva - CoordeNADOR GERAL,22/06/2026,,-22.2326385,-43.8863929